{
  "fio version" : "fio-3.36",
  "timestamp" : 1768528939,
  "timestamp_ms" : 1768528939910,
  "time" : "Fri Jan 16 11:02:19 2026",
  "jobs" : [
    {
      "jobname" : "mdadm_raid5_read",
      "groupid" : 0,
      "job_start" : 1768528879862,
      "error" : 0,
      "eta" : 0,
      "elapsed" : 66,
      "job options" : {
        "name" : "mdadm_raid5_read",
        "directory" : "/mnt/mdadm_test/raid5",
        "ioengine" : "libaio",
        "direct" : "1",
        "rw" : "read",
        "bs" : "128k",
        "size" : "10G",
        "numjobs" : "1",
        "iodepth" : "32",
        "runtime" : "60",
        "ramp_time" : "5"
      },
      "read" : {
        "io_bytes" : 111557607424,
        "io_kbytes" : 108942976,
        "bw_bytes" : 1859200497,
        "bw" : 1815625,
        "iops" : 14184.040798,
        "runtime" : 60003,
        "total_ios" : 851085,
        "short_ios" : 0,
        "drop_ios" : 0,
        "slat_ns" : {
          "min" : 13730,
          "max" : 271872,
          "mean" : 42285.890724,
          "stddev" : 15802.463749,
          "N" : 851086
        },
        "clat_ns" : {
          "min" : 344913,
          "max" : 25080191,
          "mean" : 2213308.079466,
          "stddev" : 518961.041152,
          "N" : 851116,
          "percentile" : {
            "1.000000" : 1449984,
            "5.000000" : 1613824,
            "10.000000" : 1712128,
            "20.000000" : 1843200,
            "30.000000" : 1941504,
            "40.000000" : 2039808,
            "50.000000" : 2146304,
            "60.000000" : 2244608,
            "70.000000" : 2375680,
            "80.000000" : 2539520,
            "90.000000" : 2768896,
            "95.000000" : 2998272,
            "99.000000" : 3620864,
            "99.500000" : 4014080,
            "99.900000" : 7831552,
            "99.950000" : 9109504,
            "99.990000" : 12255232
          }
        },
        "lat_ns" : {
          "min" : 395980,
          "max" : 25125510,
          "mean" : 2255594.112794,
          "stddev" : 523068.670372,
          "N" : 851116
        },
        "bw_min" : 1734656,
        "bw_max" : 1869312,
        "bw_agg" : 100.000000,
        "bw_mean" : 1816976.991597,
        "bw_dev" : 29101.078472,
        "bw_samples" : 119,
        "iops_min" : 13552,
        "iops_max" : 14604,
        "iops_mean" : 14195.084034,
        "iops_stddev" : 227.340318,
        "iops_samples" : 119
      },
      "write" : {
        "io_bytes" : 0,
        "io_kbytes" : 0,
        "bw_bytes" : 0,
        "bw" : 0,
        "iops" : 0.000000,
        "runtime" : 0,
        "total_ios" : 0,
        "short_ios" : 0,
        "drop_ios" : 0,
        "slat_ns" : {
          "min" : 0,
          "max" : 0,
          "mean" : 0.000000,
          "stddev" : 0.000000,
          "N" : 0
        },
        "clat_ns" : {
          "min" : 0,
          "max" : 0,
          "mean" : 0.000000,
          "stddev" : 0.000000,
          "N" : 0
        },
        "lat_ns" : {
          "min" : 0,
          "max" : 0,
          "mean" : 0.000000,
          "stddev" : 0.000000,
          "N" : 0
        },
        "bw_min" : 0,
        "bw_max" : 0,
        "bw_agg" : 0.000000,
        "bw_mean" : 0.000000,
        "bw_dev" : 0.000000,
        "bw_samples" : 0,
        "iops_min" : 0,
        "iops_max" : 0,
        "iops_mean" : 0.000000,
        "iops_stddev" : 0.000000,
        "iops_samples" : 0
      },
      "trim" : {
        "io_bytes" : 0,
        "io_kbytes" : 0,
        "bw_bytes" : 0,
        "bw" : 0,
        "iops" : 0.000000,
        "runtime" : 0,
        "total_ios" : 0,
        "short_ios" : 0,
        "drop_ios" : 0,
        "slat_ns" : {
          "min" : 0,
          "max" : 0,
          "mean" : 0.000000,
          "stddev" : 0.000000,
          "N" : 0
        },
        "clat_ns" : {
          "min" : 0,
          "max" : 0,
          "mean" : 0.000000,
          "stddev" : 0.000000,
          "N" : 0
        },
        "lat_ns" : {
          "min" : 0,
          "max" : 0,
          "mean" : 0.000000,
          "stddev" : 0.000000,
          "N" : 0
        },
        "bw_min" : 0,
        "bw_max" : 0,
        "bw_agg" : 0.000000,
        "bw_mean" : 0.000000,
        "bw_dev" : 0.000000,
        "bw_samples" : 0,
        "iops_min" : 0,
        "iops_max" : 0,
        "iops_mean" : 0.000000,
        "iops_stddev" : 0.000000,
        "iops_samples" : 0
      },
      "sync" : {
        "total_ios" : 0,
        "lat_ns" : {
          "min" : 0,
          "max" : 0,
          "mean" : 0.000000,
          "stddev" : 0.000000,
          "N" : 0
        }
      },
      "job_runtime" : 60002,
      "usr_cpu" : 1.958268,
      "sys_cpu" : 61.786274,
      "ctx" : 110427,
      "majf" : 0,
      "minf" : 40,
      "iodepth_level" : {
        "1" : 0.000000,
        "2" : 0.000000,
        "4" : 0.000000,
        "8" : 0.000000,
        "16" : 0.000000,
        "32" : 100.000000,
        ">=64" : 0.000000
      },
      "iodepth_submit" : {
        "0" : 0.000000,
        "4" : 100.000000,
        "8" : 0.000000,
        "16" : 0.000000,
        "32" : 0.000000,
        "64" : 0.000000,
        ">=64" : 0.000000
      },
      "iodepth_complete" : {
        "0" : 0.000000,
        "4" : 99.999883,
        "8" : 0.000000,
        "16" : 0.000000,
        "32" : 0.100000,
        "64" : 0.000000,
        ">=64" : 0.000000
      },
      "latency_ns" : {
        "2" : 0.000000,
        "4" : 0.000000,
        "10" : 0.000000,
        "20" : 0.000000,
        "50" : 0.000000,
        "100" : 0.000000,
        "250" : 0.000000,
        "500" : 0.000000,
        "750" : 0.000000,
        "1000" : 0.000000
      },
      "latency_us" : {
        "2" : 0.000000,
        "4" : 0.000000,
        "10" : 0.000000,
        "20" : 0.000000,
        "50" : 0.000000,
        "100" : 0.000000,
        "250" : 0.000000,
        "500" : 0.010000,
        "750" : 0.010000,
        "1000" : 0.035954
      },
      "latency_ms" : {
        "2" : 35.283432,
        "4" : 64.174319,
        "10" : 0.472573,
        "20" : 0.022559,
        "50" : 0.010000,
        "100" : 0.000000,
        "250" : 0.000000,
        "500" : 0.000000,
        "750" : 0.000000,
        "1000" : 0.000000,
        "2000" : 0.000000,
        ">=2000" : 0.000000
      },
      "latency_depth" : 32,
      "latency_target" : 0,
      "latency_percentile" : 100.000000,
      "latency_window" : 0
    }
  ],
  "disk_util" : [
    {
      "name" : "md5",
      "read_ios" : 920746,
      "write_ios" : 83,
      "read_sectors" : 235710976,
      "write_sectors" : 106744,
      "read_merges" : 0,
      "write_merges" : 0,
      "read_ticks" : 1934583,
      "write_ticks" : 56723,
      "in_queue" : 1991306,
      "util" : 100.000000,
      "aggr_read_ios" : 273256,
      "aggr_write_ios" : 6048,
      "aggr_read_sectors" : 62731354,
      "aggr_write_sectors" : 1299718,
      "aggr_read_merges" : 7568198,
      "aggr_write_merge" : 156477,
      "aggr_read_ticks" : 116959,
      "aggr_write_ticks" : 1708,
      "aggr_in_queue" : 118691,
      "aggr_util" : 81.479487
    },
    {
      "name" : "nvme3n1",
      "read_ios" : 279075,
      "write_ios" : 391,
      "read_sectors" : 64002864,
      "write_sectors" : 43120,
      "read_merges" : 7721345,
      "write_merges" : 5054,
      "read_ticks" : 118393,
      "write_ticks" : 123,
      "in_queue" : 118539,
      "util" : 79.698994
    },
    {
      "name" : "nvme5n1",
      "read_ios" : 256812,
      "write_ios" : 23149,
      "read_sectors" : 58929160,
      "write_sectors" : 5075608,
      "read_merges" : 7109333,
      "write_merges" : 611381,
      "read_ticks" : 130847,
      "write_ticks" : 6519,
      "in_queue" : 137402,
      "util" : 81.479487
    },
    {
      "name" : "nvme1n1",
      "read_ios" : 277848,
      "write_ios" : 322,
      "read_sectors" : 64005648,
      "write_sectors" : 35984,
      "read_merges" : 7722918,