{
  "fio version" : "fio-3.36",
  "timestamp" : 1768537866,
  "timestamp_ms" : 1768537866172,
  "time" : "Fri Jan 16 13:31:06 2026",
  "jobs" : [
    {
      "jobname" : "mdadm_raid10_read",
      "groupid" : 0,
      "job_start" : 1768537806140,
      "error" : 0,
      "eta" : 0,
      "elapsed" : 66,
      "job options" : {
        "name" : "mdadm_raid10_read",
        "directory" : "/mnt/mdadm_test/raid10",
        "ioengine" : "libaio",
        "direct" : "1",
        "rw" : "read",
        "bs" : "128k",
        "size" : "5G",
        "numjobs" : "1",
        "iodepth" : "32",
        "runtime" : "60",
        "ramp_time" : "5"
      },
      "read" : {
        "io_bytes" : 722371346432,
        "io_kbytes" : 705440768,
        "bw_bytes" : 12039321785,
        "bw" : 11757150,
        "iops" : 91852.202463,
        "runtime" : 60001,
        "total_ios" : 5511224,
        "short_ios" : 0,
        "drop_ios" : 0,
        "slat_ns" : {
          "min" : 7331,
          "max" : 299073,
          "mean" : 9731.023105,
          "stddev" : 4228.442408,
          "N" : 5511225
        },
        "clat_ns" : {
          "min" : 100773,
          "max" : 5540589,
          "mean" : 338440.371119,
          "stddev" : 68633.758968,
          "N" : 5511255,
          "percentile" : {
            "1.000000" : 222208,
            "5.000000" : 252928,
            "10.000000" : 268288,
            "20.000000" : 284672,
            "30.000000" : 301056,
            "40.000000" : 313344,
            "50.000000" : 325632,
            "60.000000" : 342016,
            "70.000000" : 362496,
            "80.000000" : 387072,
            "90.000000" : 419840,
            "95.000000" : 452608,
            "99.000000" : 552960,
            "99.500000" : 626688,
            "99.900000" : 798720,
            "99.950000" : 864256,
            "99.990000" : 987136
          }
        },
        "lat_ns" : {
          "min" : 108635,
          "max" : 5548411,
          "mean" : 348171.390583,
          "stddev" : 69351.216473,
          "N" : 5511255
        },
        "bw_min" : 9685760,
        "bw_max" : 12695040,
        "bw_agg" : 100.000000,
        "bw_mean" : 11757174.084034,
        "bw_dev" : 872990.273219,
        "bw_samples" : 119,
        "iops_min" : 75670,
        "iops_max" : 99180,
        "iops_mean" : 91852.840336,
        "iops_stddev" : 6820.260717,
        "iops_samples" : 119
      },
      "write" : {
        "io_bytes" : 0,
        "io_kbytes" : 0,
        "bw_bytes" : 0,
        "bw" : 0,
        "iops" : 0.000000,
        "runtime" : 0,
        "total_ios" : 0,
        "short_ios" : 0,
        "drop_ios" : 0,
        "slat_ns" : {
          "min" : 0,
          "max" : 0,
          "mean" : 0.000000,
          "stddev" : 0.000000,
          "N" : 0
        },
        "clat_ns" : {
          "min" : 0,
          "max" : 0,
          "mean" : 0.000000,
          "stddev" : 0.000000,
          "N" : 0
        },
        "lat_ns" : {
          "min" : 0,
          "max" : 0,
          "mean" : 0.000000,
          "stddev" : 0.000000,
          "N" : 0
        },
        "bw_min" : 0,
        "bw_max" : 0,
        "bw_agg" : 0.000000,
        "bw_mean" : 0.000000,
        "bw_dev" : 0.000000,
        "bw_samples" : 0,
        "iops_min" : 0,
        "iops_max" : 0,
        "iops_mean" : 0.000000,
        "iops_stddev" : 0.000000,
        "iops_samples" : 0
      },
      "trim" : {
        "io_bytes" : 0,
        "io_kbytes" : 0,
        "bw_bytes" : 0,
        "bw" : 0,
        "iops" : 0.000000,
        "runtime" : 0,
        "total_ios" : 0,
        "short_ios" : 0,
        "drop_ios" : 0,
        "slat_ns" : {
          "min" : 0,
          "max" : 0,
          "mean" : 0.000000,
          "stddev" : 0.000000,
          "N" : 0
        },
        "clat_ns" : {
          "min" : 0,
          "max" : 0,
          "mean" : 0.000000,
          "stddev" : 0.000000,
          "N" : 0
        },
        "lat_ns" : {
          "min" : 0,
          "max" : 0,
          "mean" : 0.000000,
          "stddev" : 0.000000,
          "N" : 0
        },
        "bw_min" : 0,
        "bw_max" : 0,
        "bw_agg" : 0.000000,
        "bw_mean" : 0.000000,
        "bw_dev" : 0.000000,
        "bw_samples" : 0,
        "iops_min" : 0,
        "iops_max" : 0,
        "iops_mean" : 0.000000,
        "iops_stddev" : 0.000000,
        "iops_samples" : 0
      },
      "sync" : {
        "total_ios" : 0,
        "lat_ns" : {
          "min" : 0,
          "max" : 0,
          "mean" : 0.000000,
          "stddev" : 0.000000,
          "N" : 0
        }
      },
      "job_runtime" : 60000,
      "usr_cpu" : 7.091667,
      "sys_cpu" : 92.275000,
      "ctx" : 27794,
      "majf" : 0,
      "minf" : 36,
      "iodepth_level" : {
        "1" : 0.000000,
        "2" : 0.000000,
        "4" : 0.000000,
        "8" : 0.000000,
        "16" : 0.000000,
        "32" : 100.000000,
        ">=64" : 0.000000
      },
      "iodepth_submit" : {
        "0" : 0.000000,
        "4" : 100.000000,
        "8" : 0.000000,
        "16" : 0.000000,
        "32" : 0.000000,
        "64" : 0.000000,
        ">=64" : 0.000000
      },
      "iodepth_complete" : {
        "0" : 0.000000,
        "4" : 99.999982,
        "8" : 0.000000,
        "16" : 0.000000,
        "32" : 0.100000,
        "64" : 0.000000,
        ">=64" : 0.000000
      },
      "latency_ns" : {
        "2" : 0.000000,
        "4" : 0.000000,
        "10" : 0.000000,
        "20" : 0.000000,
        "50" : 0.000000,
        "100" : 0.000000,
        "250" : 0.000000,
        "500" : 0.000000,
        "750" : 0.000000,
        "1000" : 0.000000
      },
      "latency_us" : {
        "2" : 0.000000,
        "4" : 0.000000,
        "10" : 0.000000,
        "20" : 0.000000,
        "50" : 0.000000,
        "100" : 0.000000,
        "250" : 4.445365,
        "500" : 93.456735,
        "750" : 1.907308,
        "1000" : 0.183135
      },
      "latency_ms" : {
        "2" : 0.010000,
        "4" : 0.010000,
        "10" : 0.010000,
        "20" : 0.000000,
        "50" : 0.000000,
        "100" : 0.000000,
        "250" : 0.000000,
        "500" : 0.000000,
        "750" : 0.000000,
        "1000" : 0.000000,
        "2000" : 0.000000,
        ">=2000" : 0.000000
      },
      "latency_depth" : 32,
      "latency_target" : 0,
      "latency_percentile" : 100.000000,
      "latency_window" : 0
    }
  ],
  "disk_util" : [
    {
      "name" : "md10",
      "read_ios" : 5982212,
      "write_ios" : 18874,
      "read_sectors" : 1531446272,
      "write_sectors" : 3710928,
      "read_merges" : 0,
      "write_merges" : 0,
      "read_ticks" : 1060302,
      "write_ticks" : 1602,
      "in_queue" : 1061904,
      "util" : 100.000000,
      "aggr_read_ios" : 1495558,
      "aggr_write_ios" : 9482,
      "aggr_read_sectors" : 382862912,
      "aggr_write_sectors" : 1857821,
      "aggr_read_merges" : 0,
      "aggr_write_merge" : 38,
      "aggr_read_ticks" : 258286,
      "aggr_write_ticks" : 753,
      "aggr_in_queue" : 259084,
      "aggr_util" : 99.976913
    },
    {
      "name" : "nvme3n1",
      "read_ios" : 1448248,
      "write_ios" : 9947,
      "read_sectors" : 370751488,
      "write_sectors" : 1861801,
      "read_merges" : 0,
      "write_merges" : 71,
      "read_ticks" : 245250,
      "write_ticks" : 800,
      "in_queue" : 246098,
      "util" : 99.912267
    },
    {
      "name" : "nvme5n1",
      "read_ios" : 1443989,
      "write_ios" : 9018,
      "read_sectors" : 369661184,
      "write_sectors" : 1853841,
      "read_merges" : 0,
      "write_merges" : 5,
      "read_ticks" : 243455,
      "write_ticks" : 703,
      "in_queue" : 244198,
      "util" : 99.918425
    },
    {
      "name" : "nvme1n1",
      "read_ios" : 1542869,
      "write_ios" : 9947,
      "read_sectors" : 394974464,
      "write_sectors" : 1861801,
      "read_merges" : 0,
      "write_merges" : 71,
      "read_ticks" : 273334,