{
  "fio version" : "fio-3.36",
  "timestamp" : 1768528372,
  "timestamp_ms" : 1768528372488,
  "time" : "Fri Jan 16 10:52:52 2026",
  "jobs" : [
    {
      "jobname" : "mdadm_raid5_read",
      "groupid" : 0,
      "job_start" : 1768528312450,
      "error" : 0,
      "eta" : 0,
      "elapsed" : 66,
      "job options" : {
        "name" : "mdadm_raid5_read",
        "directory" : "/mnt/mdadm_test/raid5",
        "ioengine" : "libaio",
        "direct" : "1",
        "rw" : "read",
        "bs" : "128k",
        "size" : "1G",
        "numjobs" : "1",
        "iodepth" : "32",
        "runtime" : "60",
        "ramp_time" : "5"
      },
      "read" : {
        "io_bytes" : 92988112896,
        "io_kbytes" : 90808704,
        "bw_bytes" : 1549724395,
        "bw" : 1513402,
        "iops" : 11822.925520,
        "runtime" : 60003,
        "total_ios" : 709411,
        "short_ios" : 0,
        "drop_ios" : 0,
        "slat_ns" : {
          "min" : 14723,
          "max" : 13761588,
          "mean" : 52208.609385,
          "stddev" : 41843.182403,
          "N" : 709412
        },
        "clat_ns" : {
          "min" : 648442,
          "max" : 702043792,
          "mean" : 2653852.608625,
          "stddev" : 1091672.333167,
          "N" : 709442,
          "percentile" : {
            "1.000000" : 1679360,
            "5.000000" : 1892352,
            "10.000000" : 2007040,
            "20.000000" : 2179072,
            "30.000000" : 2310144,
            "40.000000" : 2441216,
            "50.000000" : 2572288,
            "60.000000" : 2703360,
            "70.000000" : 2867200,
            "80.000000" : 3063808,
            "90.000000" : 3358720,
            "95.000000" : 3620864,
            "99.000000" : 4292608,
            "99.500000" : 4620288,
            "99.900000" : 10551296,
            "99.950000" : 12517376,
            "99.990000" : 19005440
          }
        },
        "lat_ns" : {
          "min" : 722475,
          "max" : 702124334,
          "mean" : 2706061.163623,
          "stddev" : 1097054.845063,
          "N" : 709442
        },
        "bw_min" : 1238957,
        "bw_max" : 1743616,
        "bw_agg" : 100.000000,
        "bw_mean" : 1514617.541667,
        "bw_dev" : 98967.933120,
        "bw_samples" : 120,
        "iops_min" : 9679,
        "iops_max" : 13622,
        "iops_mean" : 11832.725000,
        "iops_stddev" : 773.178390,
        "iops_samples" : 120
      },
      "write" : {
        "io_bytes" : 0,
        "io_kbytes" : 0,
        "bw_bytes" : 0,
        "bw" : 0,
        "iops" : 0.000000,
        "runtime" : 0,
        "total_ios" : 0,
        "short_ios" : 0,
        "drop_ios" : 0,
        "slat_ns" : {
          "min" : 0,
          "max" : 0,
          "mean" : 0.000000,
          "stddev" : 0.000000,
          "N" : 0
        },
        "clat_ns" : {
          "min" : 0,
          "max" : 0,
          "mean" : 0.000000,
          "stddev" : 0.000000,
          "N" : 0
        },
        "lat_ns" : {
          "min" : 0,
          "max" : 0,
          "mean" : 0.000000,
          "stddev" : 0.000000,
          "N" : 0
        },
        "bw_min" : 0,
        "bw_max" : 0,
        "bw_agg" : 0.000000,
        "bw_mean" : 0.000000,
        "bw_dev" : 0.000000,
        "bw_samples" : 0,
        "iops_min" : 0,
        "iops_max" : 0,
        "iops_mean" : 0.000000,
        "iops_stddev" : 0.000000,
        "iops_samples" : 0
      },
      "trim" : {
        "io_bytes" : 0,
        "io_kbytes" : 0,
        "bw_bytes" : 0,
        "bw" : 0,
        "iops" : 0.000000,
        "runtime" : 0,
        "total_ios" : 0,
        "short_ios" : 0,
        "drop_ios" : 0,
        "slat_ns" : {
          "min" : 0,
          "max" : 0,
          "mean" : 0.000000,
          "stddev" : 0.000000,
          "N" : 0
        },
        "clat_ns" : {
          "min" : 0,
          "max" : 0,
          "mean" : 0.000000,
          "stddev" : 0.000000,
          "N" : 0
        },
        "lat_ns" : {
          "min" : 0,
          "max" : 0,
          "mean" : 0.000000,
          "stddev" : 0.000000,
          "N" : 0
        },
        "bw_min" : 0,
        "bw_max" : 0,
        "bw_agg" : 0.000000,
        "bw_mean" : 0.000000,
        "bw_dev" : 0.000000,
        "bw_samples" : 0,
        "iops_min" : 0,
        "iops_max" : 0,
        "iops_mean" : 0.000000,
        "iops_stddev" : 0.000000,
        "iops_samples" : 0
      },
      "sync" : {
        "total_ios" : 0,
        "lat_ns" : {
          "min" : 0,
          "max" : 0,
          "mean" : 0.000000,
          "stddev" : 0.000000,
          "N" : 0
        }
      },
      "job_runtime" : 60002,
      "usr_cpu" : 1.678277,
      "sys_cpu" : 62.804573,
      "ctx" : 101554,
      "majf" : 0,
      "minf" : 51,
      "iodepth_level" : {
        "1" : 0.000000,
        "2" : 0.000000,
        "4" : 0.000000,
        "8" : 0.000000,
        "16" : 0.000000,
        "32" : 100.000000,
        ">=64" : 0.000000
      },
      "iodepth_submit" : {
        "0" : 0.000000,
        "4" : 100.000000,
        "8" : 0.000000,
        "16" : 0.000000,
        "32" : 0.000000,
        "64" : 0.000000,
        ">=64" : 0.000000
      },
      "iodepth_complete" : {
        "0" : 0.000000,
        "4" : 99.999859,
        "8" : 0.000000,
        "16" : 0.000000,
        "32" : 0.100000,
        "64" : 0.000000,
        ">=64" : 0.000000
      },
      "latency_ns" : {
        "2" : 0.000000,
        "4" : 0.000000,
        "10" : 0.000000,
        "20" : 0.000000,
        "50" : 0.000000,
        "100" : 0.000000,
        "250" : 0.000000,
        "500" : 0.000000,
        "750" : 0.000000,
        "1000" : 0.000000
      },
      "latency_us" : {
        "2" : 0.000000,
        "4" : 0.000000,
        "10" : 0.000000,
        "20" : 0.000000,
        "50" : 0.000000,
        "100" : 0.000000,
        "250" : 0.000000,
        "500" : 0.000000,
        "750" : 0.010000,
        "1000" : 0.010000
      },
      "latency_ms" : {
        "2" : 9.396246,
        "4" : 88.693296,
        "10" : 1.757655,
        "20" : 0.140257,
        "50" : 0.010000,
        "100" : 0.000000,
        "250" : 0.000000,
        "500" : 0.000000,
        "750" : 0.010000,
        "1000" : 0.000000,
        "2000" : 0.000000,
        ">=2000" : 0.000000
      },
      "latency_depth" : 32,
      "latency_target" : 0,
      "latency_percentile" : 100.000000,
      "latency_window" : 0
    }
  ],
  "disk_util" : [
    {
      "name" : "md5",
      "read_ios" : 776434,
      "write_ios" : 99,
      "read_sectors" : 198767104,
      "write_sectors" : 117072,
      "read_merges" : 0,
      "write_merges" : 0,
      "read_ticks" : 1931706,
      "write_ticks" : 62205,
      "in_queue" : 1993911,
      "util" : 100.000000,
      "aggr_read_ios" : 232999,
      "aggr_write_ios" : 5252,
      "aggr_read_sectors" : 52950924,
      "aggr_write_sectors" : 1124209,
      "aggr_read_merges" : 6385862,
      "aggr_write_merge" : 135361,
      "aggr_read_ticks" : 106165,
      "aggr_write_ticks" : 1558,
      "aggr_in_queue" : 107751,
      "aggr_util" : 77.731254
    },
    {
      "name" : "nvme3n1",
      "read_ios" : 237667,
      "write_ios" : 424,
      "read_sectors" : 54041552,
      "write_sectors" : 47905,
      "read_merges" : 6517527,
      "write_merges" : 5629,
      "read_ticks" : 108489,
      "write_ticks" : 150,
      "in_queue" : 108668,
      "util" : 76.142609
    },
    {
      "name" : "nvme5n1",
      "read_ios" : 218212,
      "write_ios" : 19805,
      "read_sectors" : 49692992,
      "write_sectors" : 4358993,
      "read_merges" : 5993412,
      "write_merges" : 525225,
      "read_ticks" : 110136,
      "write_ticks" : 5790,
      "in_queue" : 115960,
      "util" : 77.731254
    },
    {
      "name" : "nvme1n1",
      "read_ios" : 236507,
      "write_ios" : 384,
      "read_sectors" : 54044232,
      "write_sectors" : 40393,
      "read_merges" : 6519022,