{
  "fio version" : "fio-3.36",
  "timestamp" : 1768532013,
  "timestamp_ms" : 1768532013640,
  "time" : "Fri Jan 16 11:53:33 2026",
  "jobs" : [
    {
      "jobname" : "mdadm_raid6_read",
      "groupid" : 0,
      "job_start" : 1768531953601,
      "error" : 0,
      "eta" : 0,
      "elapsed" : 66,
      "job options" : {
        "name" : "mdadm_raid6_read",
        "directory" : "/mnt/mdadm_test/raid6",
        "ioengine" : "libaio",
        "direct" : "1",
        "rw" : "read",
        "bs" : "128k",
        "size" : "5G",
        "numjobs" : "1",
        "iodepth" : "32",
        "runtime" : "60",
        "ramp_time" : "5"
      },
      "read" : {
        "io_bytes" : 628159414272,
        "io_kbytes" : 613436928,
        "bw_bytes" : 10469149085,
        "bw" : 10223778,
        "iops" : 79872.735454,
        "runtime" : 60001,
        "total_ios" : 4792444,
        "short_ios" : 0,
        "drop_ios" : 0,
        "slat_ns" : {
          "min" : 7531,
          "max" : 323360,
          "mean" : 11294.962733,
          "stddev" : 5827.682646,
          "N" : 4792445
        },
        "clat_ns" : {
          "min" : 116957,
          "max" : 5534247,
          "mean" : 389102.174332,
          "stddev" : 78882.252491,
          "N" : 4792475,
          "percentile" : {
            "1.000000" : 238592,
            "5.000000" : 284672,
            "10.000000" : 309248,
            "20.000000" : 333824,
            "30.000000" : 350208,
            "40.000000" : 366592,
            "50.000000" : 378880,
            "60.000000" : 391168,
            "70.000000" : 407552,
            "80.000000" : 436224,
            "90.000000" : 489472,
            "95.000000" : 536576,
            "99.000000" : 634880,
            "99.500000" : 684032,
            "99.900000" : 880640,
            "99.950000" : 946176,
            "99.990000" : 1028096
          }
        },
        "lat_ns" : {
          "min" : 124819,
          "max" : 5542450,
          "mean" : 400397.129666,
          "stddev" : 79143.794797,
          "N" : 4792475
        },
        "bw_min" : 9867264,
        "bw_max" : 12019943,
        "bw_agg" : 100.000000,
        "bw_mean" : 10228660.352941,
        "bw_dev" : 480830.002622,
        "bw_samples" : 119,
        "iops_min" : 77088,
        "iops_max" : 93905,
        "iops_mean" : 79911.319328,
        "iops_stddev" : 3756.473842,
        "iops_samples" : 119
      },
      "write" : {
        "io_bytes" : 0,
        "io_kbytes" : 0,
        "bw_bytes" : 0,
        "bw" : 0,
        "iops" : 0.000000,
        "runtime" : 0,
        "total_ios" : 0,
        "short_ios" : 0,
        "drop_ios" : 0,
        "slat_ns" : {
          "min" : 0,
          "max" : 0,
          "mean" : 0.000000,
          "stddev" : 0.000000,
          "N" : 0
        },
        "clat_ns" : {
          "min" : 0,
          "max" : 0,
          "mean" : 0.000000,
          "stddev" : 0.000000,
          "N" : 0
        },
        "lat_ns" : {
          "min" : 0,
          "max" : 0,
          "mean" : 0.000000,
          "stddev" : 0.000000,
          "N" : 0
        },
        "bw_min" : 0,
        "bw_max" : 0,
        "bw_agg" : 0.000000,
        "bw_mean" : 0.000000,
        "bw_dev" : 0.000000,
        "bw_samples" : 0,
        "iops_min" : 0,
        "iops_max" : 0,
        "iops_mean" : 0.000000,
        "iops_stddev" : 0.000000,
        "iops_samples" : 0
      },
      "trim" : {
        "io_bytes" : 0,
        "io_kbytes" : 0,
        "bw_bytes" : 0,
        "bw" : 0,
        "iops" : 0.000000,
        "runtime" : 0,
        "total_ios" : 0,
        "short_ios" : 0,
        "drop_ios" : 0,
        "slat_ns" : {
          "min" : 0,
          "max" : 0,
          "mean" : 0.000000,
          "stddev" : 0.000000,
          "N" : 0
        },
        "clat_ns" : {
          "min" : 0,
          "max" : 0,
          "mean" : 0.000000,
          "stddev" : 0.000000,
          "N" : 0
        },
        "lat_ns" : {
          "min" : 0,
          "max" : 0,
          "mean" : 0.000000,
          "stddev" : 0.000000,
          "N" : 0
        },
        "bw_min" : 0,
        "bw_max" : 0,
        "bw_agg" : 0.000000,
        "bw_mean" : 0.000000,
        "bw_dev" : 0.000000,
        "bw_samples" : 0,
        "iops_min" : 0,
        "iops_max" : 0,
        "iops_mean" : 0.000000,
        "iops_stddev" : 0.000000,
        "iops_samples" : 0
      },
      "sync" : {
        "total_ios" : 0,
        "lat_ns" : {
          "min" : 0,
          "max" : 0,
          "mean" : 0.000000,
          "stddev" : 0.000000,
          "N" : 0
        }
      },
      "job_runtime" : 60000,
      "usr_cpu" : 5.841667,
      "sys_cpu" : 93.608333,
      "ctx" : 24629,
      "majf" : 0,
      "minf" : 36,
      "iodepth_level" : {
        "1" : 0.000000,
        "2" : 0.000000,
        "4" : 0.000000,
        "8" : 0.000000,
        "16" : 0.000000,
        "32" : 100.000000,
        ">=64" : 0.000000
      },
      "iodepth_submit" : {
        "0" : 0.000000,
        "4" : 100.000000,
        "8" : 0.000000,
        "16" : 0.000000,
        "32" : 0.000000,
        "64" : 0.000000,
        ">=64" : 0.000000
      },
      "iodepth_complete" : {
        "0" : 0.000000,
        "4" : 99.999979,
        "8" : 0.000000,
        "16" : 0.000000,
        "32" : 0.100000,
        "64" : 0.000000,
        ">=64" : 0.000000
      },
      "latency_ns" : {
        "2" : 0.000000,
        "4" : 0.000000,
        "10" : 0.000000,
        "20" : 0.000000,
        "50" : 0.000000,
        "100" : 0.000000,
        "250" : 0.000000,
        "500" : 0.000000,
        "750" : 0.000000,
        "1000" : 0.000000
      },
      "latency_us" : {
        "2" : 0.000000,
        "4" : 0.000000,
        "10" : 0.000000,
        "20" : 0.000000,
        "50" : 0.000000,
        "100" : 0.000000,
        "250" : 1.518828,
        "500" : 89.955250,
        "750" : 8.298835,
        "1000" : 0.211604
      },
      "latency_ms" : {
        "2" : 0.015462,
        "4" : 0.000000,
        "10" : 0.010000,
        "20" : 0.000000,
        "50" : 0.000000,
        "100" : 0.000000,
        "250" : 0.000000,
        "500" : 0.000000,
        "750" : 0.000000,
        "1000" : 0.000000,
        "2000" : 0.000000,
        ">=2000" : 0.000000
      },
      "latency_depth" : 32,
      "latency_target" : 0,
      "latency_percentile" : 100.000000,
      "latency_window" : 0
    }
  ],
  "disk_util" : [
    {
      "name" : "md6",
      "read_ios" : 5213879,
      "write_ios" : 240,
      "read_sectors" : 1334753024,
      "write_sectors" : 218160,
      "read_merges" : 0,
      "write_merges" : 0,
      "read_ticks" : 970352,
      "write_ticks" : 607,
      "in_queue" : 970959,
      "util" : 100.000000,
      "aggr_read_ios" : 1303517,
      "aggr_write_ios" : 851,
      "aggr_read_sectors" : 333692918,
      "aggr_write_sectors" : 118289,
      "aggr_read_merges" : 535,
      "aggr_write_merge" : 14136,
      "aggr_read_ticks" : 237785,
      "aggr_write_ticks" : 220,
      "aggr_in_queue" : 238060,
      "aggr_util" : 91.141305
    },
    {
      "name" : "nvme3n1",
      "read_ios" : 1303478,
      "write_ios" : 877,
      "read_sectors" : 333689624,
      "write_sectors" : 118793,
      "read_merges" : 93,
      "write_merges" : 14174,
      "read_ticks" : 235475,
      "write_ticks" : 215,
      "in_queue" : 235747,
      "util" : 90.776617
    },
    {
      "name" : "nvme5n1",
      "read_ios" : 1303468,
      "write_ios" : 853,
      "read_sectors" : 333687808,
      "write_sectors" : 118297,
      "read_merges" : 0,
      "write_merges" : 14136,
      "read_ticks" : 245899,
      "write_ticks" : 223,
      "in_queue" : 246169,
      "util" : 91.141305
    },
    {
      "name" : "nvme1n1",
      "read_ios" : 1303566,
      "write_ios" : 835,
      "read_sectors" : 333697176,
      "write_sectors" : 118361,
      "read_merges" : 980,
      "write_merges" : 14162,
      "read_ticks" : 232453,