{
  "fio version" : "fio-3.36",
  "timestamp" : 1768528571,
  "timestamp_ms" : 1768528571622,
  "time" : "Fri Jan 16 10:56:11 2026",
  "jobs" : [
    {
      "jobname" : "mdadm_raid5_write",
      "groupid" : 0,
      "job_start" : 1768528511575,
      "error" : 0,
      "eta" : 0,
      "elapsed" : 66,
      "job options" : {
        "name" : "mdadm_raid5_write",
        "directory" : "/mnt/mdadm_test/raid5",
        "ioengine" : "libaio",
        "direct" : "1",
        "rw" : "write",
        "bs" : "128k",
        "size" : "5G",
        "numjobs" : "1",
        "iodepth" : "32",
        "runtime" : "60",
        "ramp_time" : "5"
      },
      "read" : {
        "io_bytes" : 0,
        "io_kbytes" : 0,
        "bw_bytes" : 0,
        "bw" : 0,
        "iops" : 0.000000,
        "runtime" : 0,
        "total_ios" : 0,
        "short_ios" : 0,
        "drop_ios" : 0,
        "slat_ns" : {
          "min" : 0,
          "max" : 0,
          "mean" : 0.000000,
          "stddev" : 0.000000,
          "N" : 0
        },
        "clat_ns" : {
          "min" : 0,
          "max" : 0,
          "mean" : 0.000000,
          "stddev" : 0.000000,
          "N" : 0
        },
        "lat_ns" : {
          "min" : 0,
          "max" : 0,
          "mean" : 0.000000,
          "stddev" : 0.000000,
          "N" : 0
        },
        "bw_min" : 0,
        "bw_max" : 0,
        "bw_agg" : 0.000000,
        "bw_mean" : 0.000000,
        "bw_dev" : 0.000000,
        "bw_samples" : 0,
        "iops_min" : 0,
        "iops_max" : 0,
        "iops_mean" : 0.000000,
        "iops_stddev" : 0.000000,
        "iops_samples" : 0
      },
      "write" : {
        "io_bytes" : 59158953984,
        "io_kbytes" : 57772416,
        "bw_bytes" : 985949701,
        "bw" : 962841,
        "iops" : 7521.682611,
        "runtime" : 60002,
        "total_ios" : 451316,
        "short_ios" : 0,
        "drop_ios" : 0,
        "slat_ns" : {
          "min" : 11056,
          "max" : 19794099,
          "mean" : 60354.643363,
          "stddev" : 54685.484557,
          "N" : 451316
        },
        "clat_ns" : {
          "min" : 190920,
          "max" : 44494056,
          "mean" : 4193364.029547,
          "stddev" : 3308524.961453,
          "N" : 451347,
          "percentile" : {
            "1.000000" : 1499136,
            "5.000000" : 2088960,
            "10.000000" : 2441216,
            "20.000000" : 2867200,
            "30.000000" : 3162112,
            "40.000000" : 3391488,
            "50.000000" : 3620864,
            "60.000000" : 3883008,
            "70.000000" : 4177920,
            "80.000000" : 4554752,
            "90.000000" : 5210112,
            "95.000000" : 6127616,
            "99.000000" : 24248320,
            "99.500000" : 26083328,
            "99.900000" : 28704768,
            "99.950000" : 30801920,
            "99.990000" : 39059456
          }
        },
        "lat_ns" : {
          "min" : 242678,
          "max" : 44585434,
          "mean" : 4253718.314616,
          "stddev" : 3310818.279010,
          "N" : 451347
        },
        "bw_min" : 762368,
        "bw_max" : 1520096,
        "bw_agg" : 100.000000,
        "bw_mean" : 963554.100000,
        "bw_dev" : 129811.201830,
        "bw_samples" : 120,
        "iops_min" : 5956,
        "iops_max" : 11875,
        "iops_mean" : 7527.575000,
        "iops_stddev" : 1014.158099,
        "iops_samples" : 120
      },
      "trim" : {
        "io_bytes" : 0,
        "io_kbytes" : 0,
        "bw_bytes" : 0,
        "bw" : 0,
        "iops" : 0.000000,
        "runtime" : 0,
        "total_ios" : 0,
        "short_ios" : 0,
        "drop_ios" : 0,
        "slat_ns" : {
          "min" : 0,
          "max" : 0,
          "mean" : 0.000000,
          "stddev" : 0.000000,
          "N" : 0
        },
        "clat_ns" : {
          "min" : 0,
          "max" : 0,
          "mean" : 0.000000,
          "stddev" : 0.000000,
          "N" : 0
        },
        "lat_ns" : {
          "min" : 0,
          "max" : 0,
          "mean" : 0.000000,
          "stddev" : 0.000000,
          "N" : 0
        },
        "bw_min" : 0,
        "bw_max" : 0,
        "bw_agg" : 0.000000,
        "bw_mean" : 0.000000,
        "bw_dev" : 0.000000,
        "bw_samples" : 0,
        "iops_min" : 0,
        "iops_max" : 0,
        "iops_mean" : 0.000000,
        "iops_stddev" : 0.000000,
        "iops_samples" : 0
      },
      "sync" : {
        "total_ios" : 0,
        "lat_ns" : {
          "min" : 0,
          "max" : 0,
          "mean" : 0.000000,
          "stddev" : 0.000000,
          "N" : 0
        }
      },
      "job_runtime" : 60001,
      "usr_cpu" : 5.676572,
      "sys_cpu" : 41.537641,
      "ctx" : 43212,
      "majf" : 0,
      "minf" : 223,
      "iodepth_level" : {
        "1" : 0.000000,
        "2" : 0.000000,
        "4" : 0.000000,
        "8" : 0.000000,
        "16" : 0.000000,
        "32" : 100.000000,
        ">=64" : 0.000000
      },
      "iodepth_submit" : {
        "0" : 0.000000,
        "4" : 100.000000,
        "8" : 0.000000,
        "16" : 0.000000,
        "32" : 0.000000,
        "64" : 0.000000,
        ">=64" : 0.000000
      },
      "iodepth_complete" : {
        "0" : 0.000000,
        "4" : 99.999778,
        "8" : 0.000000,
        "16" : 0.000000,
        "32" : 0.100000,
        "64" : 0.000000,
        ">=64" : 0.000000
      },
      "latency_ns" : {
        "2" : 0.000000,
        "4" : 0.000000,
        "10" : 0.000000,
        "20" : 0.000000,
        "50" : 0.000000,
        "100" : 0.000000,
        "250" : 0.000000,
        "500" : 0.000000,
        "750" : 0.000000,
        "1000" : 0.000000
      },
      "latency_us" : {
        "2" : 0.000000,
        "4" : 0.000000,
        "10" : 0.000000,
        "20" : 0.000000,
        "50" : 0.000000,
        "100" : 0.000000,
        "250" : 0.010000,
        "500" : 0.011300,
        "750" : 0.039219,
        "1000" : 0.107242
      },
      "latency_ms" : {
        "2" : 4.024231,
        "4" : 60.316718,
        "10" : 32.715437,
        "20" : 0.762659,
        "50" : 2.028069,
        "100" : 0.000000,
        "250" : 0.000000,
        "500" : 0.000000,
        "750" : 0.000000,
        "1000" : 0.000000,
        "2000" : 0.000000,
        ">=2000" : 0.000000
      },
      "latency_depth" : 32,
      "latency_target" : 0,
      "latency_percentile" : 100.000000,
      "latency_window" : 0
    }
  ],
  "disk_util" : [
    {
      "name" : "md5",
      "read_ios" : 0,
      "write_ios" : 493514,
      "read_sectors" : 0,
      "write_sectors" : 126771144,
      "read_merges" : 0,
      "write_merges" : 0,
      "read_ticks" : 0,
      "write_ticks" : 1812734,
      "in_queue" : 1812734,
      "util" : 100.000000,
      "aggr_read_ios" : 56757,
      "aggr_write_ios" : 266811,
      "aggr_read_sectors" : 10366856,
      "aggr_write_sectors" : 43965507,
      "aggr_read_merges" : 1239089,
      "aggr_write_merge" : 5228930,
      "aggr_read_ticks" : 48943,
      "aggr_write_ticks" : 112179,
      "aggr_in_queue" : 161207,
      "aggr_util" : 77.486379
    },
    {
      "name" : "nvme3n1",
      "read_ios" : 57495,
      "write_ios" : 261814,
      "read_sectors" : 10502064,
      "write_sectors" : 42809605,
      "read_merges" : 1255267,
      "write_merges" : 5089440,
      "read_ticks" : 53764,
      "write_ticks" : 76853,
      "in_queue" : 130711,
      "util" : 71.747160
    },
    {
      "name" : "nvme5n1",
      "read_ios" : 44241,
      "write_ios" : 280885,
      "read_sectors" : 8152360,
      "write_sectors" : 47180109,
      "read_merges" : 974804,
      "write_merges" : 5616682,
      "read_ticks" : 39330,
      "write_ticks" : 197003,
      "in_queue" : 236407,
      "util" : 77.486379
    },
    {
      "name" : "nvme1n1",
      "read_ios" : 62820,
      "write_ios" : 262791,
      "read_sectors" : 11260520,
      "write_sectors" : 43009413,
      "read_merges" : 1344746,