{
  "fio version" : "fio-3.36",
  "timestamp" : 1768532369,
  "timestamp_ms" : 1768532369705,
  "time" : "Fri Jan 16 11:59:29 2026",
  "jobs" : [
    {
      "jobname" : "mdadm_raid6_write",
      "groupid" : 0,
      "job_start" : 1768532309664,
      "error" : 0,
      "eta" : 0,
      "elapsed" : 66,
      "job options" : {
        "name" : "mdadm_raid6_write",
        "directory" : "/mnt/mdadm_test/raid6",
        "ioengine" : "libaio",
        "direct" : "1",
        "rw" : "write",
        "bs" : "1m",
        "size" : "10G",
        "numjobs" : "1",
        "iodepth" : "32",
        "runtime" : "60",
        "ramp_time" : "5"
      },
      "read" : {
        "io_bytes" : 0,
        "io_kbytes" : 0,
        "bw_bytes" : 0,
        "bw" : 0,
        "iops" : 0.000000,
        "runtime" : 0,
        "total_ios" : 0,
        "short_ios" : 0,
        "drop_ios" : 0,
        "slat_ns" : {
          "min" : 0,
          "max" : 0,
          "mean" : 0.000000,
          "stddev" : 0.000000,
          "N" : 0
        },
        "clat_ns" : {
          "min" : 0,
          "max" : 0,
          "mean" : 0.000000,
          "stddev" : 0.000000,
          "N" : 0
        },
        "lat_ns" : {
          "min" : 0,
          "max" : 0,
          "mean" : 0.000000,
          "stddev" : 0.000000,
          "N" : 0
        },
        "bw_min" : 0,
        "bw_max" : 0,
        "bw_agg" : 0.000000,
        "bw_mean" : 0.000000,
        "bw_dev" : 0.000000,
        "bw_samples" : 0,
        "iops_min" : 0,
        "iops_max" : 0,
        "iops_mean" : 0.000000,
        "iops_stddev" : 0.000000,
        "iops_samples" : 0
      },
      "write" : {
        "io_bytes" : 50107252736,
        "io_kbytes" : 48932864,
        "bw_bytes" : 835023459,
        "bw" : 815452,
        "iops" : 795.807156,
        "runtime" : 60007,
        "total_ios" : 47754,
        "short_ios" : 0,
        "drop_ios" : 0,
        "slat_ns" : {
          "min" : 160903,
          "max" : 60896863,
          "mean" : 1253135.180253,
          "stddev" : 3017844.985333,
          "N" : 47755
        },
        "clat_ns" : {
          "min" : 5738737,
          "max" : 114414022,
          "mean" : 38949532.735901,
          "stddev" : 13261054.100452,
          "N" : 47785,
          "percentile" : {
            "1.000000" : 22937600,
            "5.000000" : 25034752,
            "10.000000" : 26083328,
            "20.000000" : 27656192,
            "30.000000" : 28966912,
            "40.000000" : 31064064,
            "50.000000" : 34340864,
            "60.000000" : 40108032,
            "70.000000" : 44826624,
            "80.000000" : 49020928,
            "90.000000" : 57933824,
            "95.000000" : 64225280,
            "99.000000" : 80216064,
            "99.500000" : 85458944,
            "99.900000" : 95944704,
            "99.950000" : 101187584,
            "99.990000" : 111673344
          }
        },
        "lat_ns" : {
          "min" : 6174888,
          "max" : 114764924,
          "mean" : 40202843.511604,
          "stddev" : 13622652.738042,
          "N" : 47785
        },
        "bw_min" : 460800,
        "bw_max" : 1116160,
        "bw_agg" : 99.846025,
        "bw_mean" : 814197.277311,
        "bw_dev" : 178508.202920,
        "bw_samples" : 119,
        "iops_min" : 450,
        "iops_max" : 1090,
        "iops_mean" : 795.067227,
        "iops_stddev" : 174.360951,
        "iops_samples" : 119
      },
      "trim" : {
        "io_bytes" : 0,
        "io_kbytes" : 0,
        "bw_bytes" : 0,
        "bw" : 0,
        "iops" : 0.000000,
        "runtime" : 0,
        "total_ios" : 0,
        "short_ios" : 0,
        "drop_ios" : 0,
        "slat_ns" : {
          "min" : 0,
          "max" : 0,
          "mean" : 0.000000,
          "stddev" : 0.000000,
          "N" : 0
        },
        "clat_ns" : {
          "min" : 0,
          "max" : 0,
          "mean" : 0.000000,
          "stddev" : 0.000000,
          "N" : 0
        },
        "lat_ns" : {
          "min" : 0,
          "max" : 0,
          "mean" : 0.000000,
          "stddev" : 0.000000,
          "N" : 0
        },
        "bw_min" : 0,
        "bw_max" : 0,
        "bw_agg" : 0.000000,
        "bw_mean" : 0.000000,
        "bw_dev" : 0.000000,
        "bw_samples" : 0,
        "iops_min" : 0,
        "iops_max" : 0,
        "iops_mean" : 0.000000,
        "iops_stddev" : 0.000000,
        "iops_samples" : 0
      },
      "sync" : {
        "total_ios" : 0,
        "lat_ns" : {
          "min" : 0,
          "max" : 0,
          "mean" : 0.000000,
          "stddev" : 0.000000,
          "N" : 0
        }
      },
      "job_runtime" : 60006,
      "usr_cpu" : 3.049695,
      "sys_cpu" : 25.960737,
      "ctx" : 19598,
      "majf" : 0,
      "minf" : 42,
      "iodepth_level" : {
        "1" : 0.000000,
        "2" : 0.000000,
        "4" : 0.000000,
        "8" : 0.000000,
        "16" : 0.000000,
        "32" : 100.000000,
        ">=64" : 0.000000
      },
      "iodepth_submit" : {
        "0" : 0.000000,
        "4" : 100.000000,
        "8" : 0.000000,
        "16" : 0.000000,
        "32" : 0.000000,
        "64" : 0.000000,
        ">=64" : 0.000000
      },
      "iodepth_complete" : {
        "0" : 0.000000,
        "4" : 99.997906,
        "8" : 0.000000,
        "16" : 0.000000,
        "32" : 0.100000,
        "64" : 0.000000,
        ">=64" : 0.000000
      },
      "latency_ns" : {
        "2" : 0.000000,
        "4" : 0.000000,
        "10" : 0.000000,
        "20" : 0.000000,
        "50" : 0.000000,
        "100" : 0.000000,
        "250" : 0.000000,
        "500" : 0.000000,
        "750" : 0.000000,
        "1000" : 0.000000
      },
      "latency_us" : {
        "2" : 0.000000,
        "4" : 0.000000,
        "10" : 0.000000,
        "20" : 0.000000,
        "50" : 0.000000,
        "100" : 0.000000,
        "250" : 0.000000,
        "500" : 0.000000,
        "750" : 0.000000,
        "1000" : 0.000000
      },
      "latency_ms" : {
        "2" : 0.000000,
        "4" : 0.000000,
        "10" : 0.014658,
        "20" : 0.245006,
        "50" : 80.979604,
        "100" : 18.771202,
        "250" : 0.054446,
        "500" : 0.000000,
        "750" : 0.000000,
        "1000" : 0.000000,
        "2000" : 0.000000,
        ">=2000" : 0.000000
      },
      "latency_depth" : 32,
      "latency_target" : 0,
      "latency_percentile" : 100.000000,
      "latency_window" : 0
    }
  ],
  "disk_util" : [
    {
      "name" : "md6",
      "read_ios" : 0,
      "write_ios" : 53248,
      "read_sectors" : 0,
      "write_sectors" : 108480704,
      "read_merges" : 0,
      "write_merges" : 0,
      "read_ticks" : 0,
      "write_ticks" : 720575,
      "in_queue" : 720575,
      "util" : 100.000000,
      "aggr_read_ios" : 192,
      "aggr_write_ios" : 217895,
      "aggr_read_sectors" : 7958,
      "aggr_write_sectors" : 54259830,
      "aggr_read_merges" : 802,
      "aggr_write_merge" : 6564862,
      "aggr_read_ticks" : 178,
      "aggr_write_ticks" : 250388,
      "aggr_in_queue" : 251325,
      "aggr_util" : 63.673432
    },
    {
      "name" : "nvme3n1",
      "read_ios" : 145,
      "write_ios" : 218270,
      "read_sectors" : 7936,
      "write_sectors" : 54259852,
      "read_merges" : 847,
      "write_merges" : 6564491,
      "read_ticks" : 84,
      "write_ticks" : 194877,
      "in_queue" : 195592,
      "util" : 24.860365
    },
    {
      "name" : "nvme5n1",
      "read_ios" : 220,
      "write_ios" : 217601,
      "read_sectors" : 7304,
      "write_sectors" : 54260484,
      "read_merges" : 693,
      "write_merges" : 6565239,
      "read_ticks" : 234,
      "write_ticks" : 290240,
      "in_queue" : 291321,
      "util" : 31.568986
    },
    {
      "name" : "nvme1n1",
      "read_ios" : 212,
      "write_ios" : 217477,
      "read_sectors" : 8376,
      "write_sectors" : 54259412,
      "read_merges" : 835,
      "write_merges" : 6565229,