{
  "fio version" : "fio-3.36",
  "timestamp" : 1768531738,
  "timestamp_ms" : 1768531738490,
  "time" : "Fri Jan 16 11:48:58 2026",
  "jobs" : [
    {
      "jobname" : "mdadm_raid6_read",
      "groupid" : 0,
      "job_start" : 1768531678460,
      "error" : 0,
      "eta" : 0,
      "elapsed" : 66,
      "job options" : {
        "name" : "mdadm_raid6_read",
        "directory" : "/mnt/mdadm_test/raid6",
        "ioengine" : "libaio",
        "direct" : "1",
        "rw" : "read",
        "bs" : "128k",
        "size" : "1G",
        "numjobs" : "1",
        "iodepth" : "32",
        "runtime" : "60",
        "ramp_time" : "5"
      },
      "read" : {
        "io_bytes" : 498392236032,
        "io_kbytes" : 486711168,
        "bw_bytes" : 8306398827,
        "bw" : 8111717,
        "iops" : 63372.260462,
        "runtime" : 60001,
        "total_ios" : 3802399,
        "short_ios" : 0,
        "drop_ios" : 0,
        "slat_ns" : {
          "min" : 9995,
          "max" : 244100,
          "mean" : 14572.941211,
          "stddev" : 5507.164408,
          "N" : 3802400
        },
        "clat_ns" : {
          "min" : 121064,
          "max" : 1537220,
          "mean" : 490143.098920,
          "stddev" : 69335.043551,
          "N" : 3802430,
          "percentile" : {
            "1.000000" : 358400,
            "5.000000" : 395264,
            "10.000000" : 415744,
            "20.000000" : 440320,
            "30.000000" : 456704,
            "40.000000" : 468992,
            "50.000000" : 481280,
            "60.000000" : 493568,
            "70.000000" : 505856,
            "80.000000" : 528384,
            "90.000000" : 577536,
            "95.000000" : 626688,
            "99.000000" : 724992,
            "99.500000" : 757760,
            "99.900000" : 815104,
            "99.950000" : 847872,
            "99.990000" : 913408
          }
        },
        "lat_ns" : {
          "min" : 132571,
          "max" : 1548437,
          "mean" : 504716.038377,
          "stddev" : 69584.294118,
          "N" : 3802430
        },
        "bw_min" : 7831552,
        "bw_max" : 8594688,
        "bw_agg" : 100.000000,
        "bw_mean" : 8117033.058824,
        "bw_dev" : 349571.222526,
        "bw_samples" : 119,
        "iops_min" : 61184,
        "iops_max" : 67146,
        "iops_mean" : 63414.201681,
        "iops_stddev" : 2731.127741,
        "iops_samples" : 119
      },
      "write" : {
        "io_bytes" : 0,
        "io_kbytes" : 0,
        "bw_bytes" : 0,
        "bw" : 0,
        "iops" : 0.000000,
        "runtime" : 0,
        "total_ios" : 0,
        "short_ios" : 0,
        "drop_ios" : 0,
        "slat_ns" : {
          "min" : 0,
          "max" : 0,
          "mean" : 0.000000,
          "stddev" : 0.000000,
          "N" : 0
        },
        "clat_ns" : {
          "min" : 0,
          "max" : 0,
          "mean" : 0.000000,
          "stddev" : 0.000000,
          "N" : 0
        },
        "lat_ns" : {
          "min" : 0,
          "max" : 0,
          "mean" : 0.000000,
          "stddev" : 0.000000,
          "N" : 0
        },
        "bw_min" : 0,
        "bw_max" : 0,
        "bw_agg" : 0.000000,
        "bw_mean" : 0.000000,
        "bw_dev" : 0.000000,
        "bw_samples" : 0,
        "iops_min" : 0,
        "iops_max" : 0,
        "iops_mean" : 0.000000,
        "iops_stddev" : 0.000000,
        "iops_samples" : 0
      },
      "trim" : {
        "io_bytes" : 0,
        "io_kbytes" : 0,
        "bw_bytes" : 0,
        "bw" : 0,
        "iops" : 0.000000,
        "runtime" : 0,
        "total_ios" : 0,
        "short_ios" : 0,
        "drop_ios" : 0,
        "slat_ns" : {
          "min" : 0,
          "max" : 0,
          "mean" : 0.000000,
          "stddev" : 0.000000,
          "N" : 0
        },
        "clat_ns" : {
          "min" : 0,
          "max" : 0,
          "mean" : 0.000000,
          "stddev" : 0.000000,
          "N" : 0
        },
        "lat_ns" : {
          "min" : 0,
          "max" : 0,
          "mean" : 0.000000,
          "stddev" : 0.000000,
          "N" : 0
        },
        "bw_min" : 0,
        "bw_max" : 0,
        "bw_agg" : 0.000000,
        "bw_mean" : 0.000000,
        "bw_dev" : 0.000000,
        "bw_samples" : 0,
        "iops_min" : 0,
        "iops_max" : 0,
        "iops_mean" : 0.000000,
        "iops_stddev" : 0.000000,
        "iops_samples" : 0
      },
      "sync" : {
        "total_ios" : 0,
        "lat_ns" : {
          "min" : 0,
          "max" : 0,
          "mean" : 0.000000,
          "stddev" : 0.000000,
          "N" : 0
        }
      },
      "job_runtime" : 60000,
      "usr_cpu" : 4.435000,
      "sys_cpu" : 94.946667,
      "ctx" : 23460,
      "majf" : 0,
      "minf" : 41,
      "iodepth_level" : {
        "1" : 0.000000,
        "2" : 0.000000,
        "4" : 0.000000,
        "8" : 0.000000,
        "16" : 0.000000,
        "32" : 100.000000,
        ">=64" : 0.000000
      },
      "iodepth_submit" : {
        "0" : 0.000000,
        "4" : 100.000000,
        "8" : 0.000000,
        "16" : 0.000000,
        "32" : 0.000000,
        "64" : 0.000000,
        ">=64" : 0.000000
      },
      "iodepth_complete" : {
        "0" : 0.000000,
        "4" : 99.999974,
        "8" : 0.000000,
        "16" : 0.000000,
        "32" : 0.100000,
        "64" : 0.000000,
        ">=64" : 0.000000
      },
      "latency_ns" : {
        "2" : 0.000000,
        "4" : 0.000000,
        "10" : 0.000000,
        "20" : 0.000000,
        "50" : 0.000000,
        "100" : 0.000000,
        "250" : 0.000000,
        "500" : 0.000000,
        "750" : 0.000000,
        "1000" : 0.000000
      },
      "latency_us" : {
        "2" : 0.000000,
        "4" : 0.000000,
        "10" : 0.000000,
        "20" : 0.000000,
        "50" : 0.000000,
        "100" : 0.000000,
        "250" : 0.010000,
        "500" : 64.271398,
        "750" : 35.112412,
        "1000" : 0.602304
      },
      "latency_ms" : {
        "2" : 0.010000,
        "4" : 0.000000,
        "10" : 0.000000,
        "20" : 0.000000,
        "50" : 0.000000,
        "100" : 0.000000,
        "250" : 0.000000,
        "500" : 0.000000,
        "750" : 0.000000,
        "1000" : 0.000000,
        "2000" : 0.000000,
        ">=2000" : 0.000000
      },
      "latency_depth" : 32,
      "latency_target" : 0,
      "latency_percentile" : 100.000000,
      "latency_window" : 0
    }
  ],
  "disk_util" : [
    {
      "name" : "md6",
      "read_ios" : 4136996,
      "write_ios" : 209,
      "read_sectors" : 1059070976,
      "write_sectors" : 221992,
      "read_merges" : 0,
      "write_merges" : 0,
      "read_ticks" : 726723,
      "write_ticks" : 560,
      "in_queue" : 727283,
      "util" : 100.000000,
      "aggr_read_ios" : 1034297,
      "aggr_write_ios" : 859,
      "aggr_read_sectors" : 264772664,
      "aggr_write_sectors" : 120147,
      "aggr_read_merges" : 535,
      "aggr_write_merge" : 14360,
      "aggr_read_ticks" : 178520,
      "aggr_write_ticks" : 214,
      "aggr_in_queue" : 178786,
      "aggr_util" : 83.000400
    },
    {
      "name" : "nvme3n1",
      "read_ios" : 1034265,
      "write_ios" : 879,
      "read_sectors" : 264769632,
      "write_sectors" : 120361,
      "read_merges" : 127,
      "write_merges" : 14368,
      "read_ticks" : 178815,
      "write_ticks" : 209,
      "in_queue" : 179079,
      "util" : 81.418326
    },
    {
      "name" : "nvme5n1",
      "read_ios" : 1034248,
      "write_ios" : 861,
      "read_sectors" : 264767488,
      "write_sectors" : 120241,
      "read_merges" : 0,
      "write_merges" : 14371,
      "read_ticks" : 177804,
      "write_ticks" : 219,
      "in_queue" : 178067,
      "util" : 81.101296
    },
    {
      "name" : "nvme1n1",
      "read_ios" : 1034325,
      "write_ios" : 861,
      "read_sectors" : 264776008,
      "write_sectors" : 120241,
      "read_merges" : 988,
      "write_merges" : 14371,
      "read_ticks" : 173637,