{
  "fio version" : "fio-3.36",
  "timestamp" : 1768528438,
  "timestamp_ms" : 1768528438144,
  "time" : "Fri Jan 16 10:53:58 2026",
  "jobs" : [
    {
      "jobname" : "mdadm_raid5_write",
      "groupid" : 0,
      "job_start" : 1768528378099,
      "error" : 0,
      "eta" : 0,
      "elapsed" : 66,
      "job options" : {
        "name" : "mdadm_raid5_write",
        "directory" : "/mnt/mdadm_test/raid5",
        "ioengine" : "libaio",
        "direct" : "1",
        "rw" : "write",
        "bs" : "1m",
        "size" : "1G",
        "numjobs" : "1",
        "iodepth" : "32",
        "runtime" : "60",
        "ramp_time" : "5"
      },
      "read" : {
        "io_bytes" : 0,
        "io_kbytes" : 0,
        "bw_bytes" : 0,
        "bw" : 0,
        "iops" : 0.000000,
        "runtime" : 0,
        "total_ios" : 0,
        "short_ios" : 0,
        "drop_ios" : 0,
        "slat_ns" : {
          "min" : 0,
          "max" : 0,
          "mean" : 0.000000,
          "stddev" : 0.000000,
          "N" : 0
        },
        "clat_ns" : {
          "min" : 0,
          "max" : 0,
          "mean" : 0.000000,
          "stddev" : 0.000000,
          "N" : 0
        },
        "lat_ns" : {
          "min" : 0,
          "max" : 0,
          "mean" : 0.000000,
          "stddev" : 0.000000,
          "N" : 0
        },
        "bw_min" : 0,
        "bw_max" : 0,
        "bw_agg" : 0.000000,
        "bw_mean" : 0.000000,
        "bw_dev" : 0.000000,
        "bw_samples" : 0,
        "iops_min" : 0,
        "iops_max" : 0,
        "iops_mean" : 0.000000,
        "iops_stddev" : 0.000000,
        "iops_samples" : 0
      },
      "write" : {
        "io_bytes" : 69316116480,
        "io_kbytes" : 67691520,
        "bw_bytes" : 1155133842,
        "bw" : 1128060,
        "iops" : 1101.088206,
        "runtime" : 60007,
        "total_ios" : 66073,
        "short_ios" : 0,
        "drop_ios" : 0,
        "slat_ns" : {
          "min" : 80362,
          "max" : 32773243,
          "mean" : 904758.797091,
          "stddev" : 1842985.954696,
          "N" : 66074
        },
        "clat_ns" : {
          "min" : 3511442,
          "max" : 73494772,
          "mean" : 28150286.337135,
          "stddev" : 6494299.483575,
          "N" : 66104,
          "percentile" : {
            "1.000000" : 20054016,
            "5.000000" : 21364736,
            "10.000000" : 22151168,
            "20.000000" : 23461888,
            "30.000000" : 24510464,
            "40.000000" : 25559040,
            "50.000000" : 26607616,
            "60.000000" : 27656192,
            "70.000000" : 28704768,
            "80.000000" : 30539776,
            "90.000000" : 37486592,
            "95.000000" : 43778048,
            "99.000000" : 50069504,
            "99.500000" : 52690944,
            "99.900000" : 59506688,
            "99.950000" : 64749568,
            "99.990000" : 69730304
          }
        },
        "lat_ns" : {
          "min" : 8593114,
          "max" : 83733590,
          "mean" : 29055097.892337,
          "stddev" : 6701363.166546,
          "N" : 66104
        },
        "bw_min" : 829440,
        "bw_max" : 1294336,
        "bw_agg" : 100.000000,
        "bw_mean" : 1128268.791667,
        "bw_dev" : 115741.912237,
        "bw_samples" : 120,
        "iops_min" : 810,
        "iops_max" : 1264,
        "iops_mean" : 1101.708333,
        "iops_stddev" : 113.064078,
        "iops_samples" : 120
      },
      "trim" : {
        "io_bytes" : 0,
        "io_kbytes" : 0,
        "bw_bytes" : 0,
        "bw" : 0,
        "iops" : 0.000000,
        "runtime" : 0,
        "total_ios" : 0,
        "short_ios" : 0,
        "drop_ios" : 0,
        "slat_ns" : {
          "min" : 0,
          "max" : 0,
          "mean" : 0.000000,
          "stddev" : 0.000000,
          "N" : 0
        },
        "clat_ns" : {
          "min" : 0,
          "max" : 0,
          "mean" : 0.000000,
          "stddev" : 0.000000,
          "N" : 0
        },
        "lat_ns" : {
          "min" : 0,
          "max" : 0,
          "mean" : 0.000000,
          "stddev" : 0.000000,
          "N" : 0
        },
        "bw_min" : 0,
        "bw_max" : 0,
        "bw_agg" : 0.000000,
        "bw_mean" : 0.000000,
        "bw_dev" : 0.000000,
        "bw_samples" : 0,
        "iops_min" : 0,
        "iops_max" : 0,
        "iops_mean" : 0.000000,
        "iops_stddev" : 0.000000,
        "iops_samples" : 0
      },
      "sync" : {
        "total_ios" : 0,
        "lat_ns" : {
          "min" : 0,
          "max" : 0,
          "mean" : 0.000000,
          "stddev" : 0.000000,
          "N" : 0
        }
      },
      "job_runtime" : 60006,
      "usr_cpu" : 4.201247,
      "sys_cpu" : 34.944839,
      "ctx" : 61910,
      "majf" : 0,
      "minf" : 7223,
      "iodepth_level" : {
        "1" : 0.000000,
        "2" : 0.000000,
        "4" : 0.000000,
        "8" : 0.000000,
        "16" : 0.000000,
        "32" : 100.000000,
        ">=64" : 0.000000
      },
      "iodepth_submit" : {
        "0" : 0.000000,
        "4" : 100.000000,
        "8" : 0.000000,
        "16" : 0.000000,
        "32" : 0.000000,
        "64" : 0.000000,
        ">=64" : 0.000000
      },
      "iodepth_complete" : {
        "0" : 0.000000,
        "4" : 99.998487,
        "8" : 0.000000,
        "16" : 0.000000,
        "32" : 0.100000,
        "64" : 0.000000,
        ">=64" : 0.000000
      },
      "latency_ns" : {
        "2" : 0.000000,
        "4" : 0.000000,
        "10" : 0.000000,
        "20" : 0.000000,
        "50" : 0.000000,
        "100" : 0.000000,
        "250" : 0.000000,
        "500" : 0.000000,
        "750" : 0.000000,
        "1000" : 0.000000
      },
      "latency_us" : {
        "2" : 0.000000,
        "4" : 0.000000,
        "10" : 0.000000,
        "20" : 0.000000,
        "50" : 0.000000,
        "100" : 0.000000,
        "250" : 0.000000,
        "500" : 0.000000,
        "750" : 0.000000,
        "1000" : 0.000000
      },
      "latency_ms" : {
        "2" : 0.000000,
        "4" : 0.010000,
        "10" : 0.010000,
        "20" : 1.020084,
        "50" : 97.974967,
        "100" : 1.041273,
        "250" : 0.000000,
        "500" : 0.000000,
        "750" : 0.000000,
        "1000" : 0.000000,
        "2000" : 0.000000,
        ">=2000" : 0.000000
      },
      "latency_depth" : 32,
      "latency_target" : 0,
      "latency_percentile" : 100.000000,
      "latency_window" : 0
    }
  ],
  "disk_util" : [
    {
      "name" : "md5",
      "read_ios" : 0,
      "write_ios" : 70366,
      "read_sectors" : 0,
      "write_sectors" : 143934128,
      "read_merges" : 0,
      "write_merges" : 0,
      "read_ticks" : 0,
      "write_ticks" : 691268,
      "in_queue" : 691268,
      "util" : 100.000000,
      "aggr_read_ios" : 21068,
      "aggr_write_ios" : 226524,
      "aggr_read_sectors" : 3622638,
      "aggr_write_sectors" : 48900094,
      "aggr_read_merges" : 431761,
      "aggr_write_merge" : 5886025,
      "aggr_read_ticks" : 21538,
      "aggr_write_ticks" : 104887,
      "aggr_in_queue" : 126476,
      "aggr_util" : 73.192720
    },
    {
      "name" : "nvme3n1",
      "read_ios" : 15804,
      "write_ios" : 227887,
      "read_sectors" : 2606776,
      "write_sectors" : 48962390,
      "read_merges" : 310043,
      "write_merges" : 5892448,
      "read_ticks" : 16491,
      "write_ticks" : 54402,
      "in_queue" : 70942,
      "util" : 46.190059
    },
    {
      "name" : "nvme5n1",
      "read_ios" : 13318,
      "write_ios" : 227166,
      "read_sectors" : 1574896,
      "write_sectors" : 49838102,
      "read_merges" : 183544,
      "write_merges" : 6002643,
      "read_ticks" : 14489,
      "write_ticks" : 198815,
      "in_queue" : 213392,
      "util" : 51.545361
    },
    {
      "name" : "nvme1n1",
      "read_ios" : 31040,
      "write_ios" : 227617,
      "read_sectors" : 6227400,
      "write_sectors" : 48551118,
      "read_merges" : 747385,