{
  "fio version" : "fio-3.36",
  "timestamp" : 1768531670,
  "timestamp_ms" : 1768531670649,
  "time" : "Fri Jan 16 11:47:50 2026",
  "jobs" : [
    {
      "jobname" : "mdadm_raid6_write",
      "groupid" : 0,
      "job_start" : 1768531610616,
      "error" : 0,
      "eta" : 0,
      "elapsed" : 66,
      "job options" : {
        "name" : "mdadm_raid6_write",
        "directory" : "/mnt/mdadm_test/raid6",
        "ioengine" : "libaio",
        "direct" : "1",
        "rw" : "write",
        "bs" : "128k",
        "size" : "1G",
        "numjobs" : "1",
        "iodepth" : "32",
        "runtime" : "60",
        "ramp_time" : "5"
      },
      "read" : {
        "io_bytes" : 0,
        "io_kbytes" : 0,
        "bw_bytes" : 0,
        "bw" : 0,
        "iops" : 0.000000,
        "runtime" : 0,
        "total_ios" : 0,
        "short_ios" : 0,
        "drop_ios" : 0,
        "slat_ns" : {
          "min" : 0,
          "max" : 0,
          "mean" : 0.000000,
          "stddev" : 0.000000,
          "N" : 0
        },
        "clat_ns" : {
          "min" : 0,
          "max" : 0,
          "mean" : 0.000000,
          "stddev" : 0.000000,
          "N" : 0
        },
        "lat_ns" : {
          "min" : 0,
          "max" : 0,
          "mean" : 0.000000,
          "stddev" : 0.000000,
          "N" : 0
        },
        "bw_min" : 0,
        "bw_max" : 0,
        "bw_agg" : 0.000000,
        "bw_mean" : 0.000000,
        "bw_dev" : 0.000000,
        "bw_samples" : 0,
        "iops_min" : 0,
        "iops_max" : 0,
        "iops_mean" : 0.000000,
        "iops_stddev" : 0.000000,
        "iops_samples" : 0
      },
      "write" : {
        "io_bytes" : 65703510016,
        "io_kbytes" : 64163584,
        "bw_bytes" : 1095021999,
        "bw" : 1069357,
        "iops" : 8353.821539,
        "runtime" : 60002,
        "total_ios" : 501246,
        "short_ios" : 0,
        "drop_ios" : 0,
        "slat_ns" : {
          "min" : 20191,
          "max" : 10279980,
          "mean" : 70198.666189,
          "stddev" : 100091.139776,
          "N" : 501247
        },
        "clat_ns" : {
          "min" : 1149402,
          "max" : 28976205,
          "mean" : 3759748.384195,
          "stddev" : 1382534.663836,
          "N" : 501277,
          "percentile" : {
            "1.000000" : 2113536,
            "5.000000" : 2506752,
            "10.000000" : 2703360,
            "20.000000" : 2998272,
            "30.000000" : 3194880,
            "40.000000" : 3358720,
            "50.000000" : 3522560,
            "60.000000" : 3719168,
            "70.000000" : 3948544,
            "80.000000" : 4227072,
            "90.000000" : 4816896,
            "95.000000" : 5472256,
            "99.000000" : 9895936,
            "99.500000" : 12910592,
            "99.900000" : 18481152,
            "99.950000" : 20840448,
            "99.990000" : 24772608
          }
        },
        "lat_ns" : {
          "min" : 1184645,
          "max" : 29051419,
          "mean" : 3829949.074971,
          "stddev" : 1391835.509639,
          "N" : 501277
        },
        "bw_min" : 646925,
        "bw_max" : 1170468,
        "bw_agg" : 100.000000,
        "bw_mean" : 1069873.200000,
        "bw_dev" : 73348.579533,
        "bw_samples" : 120,
        "iops_min" : 5054,
        "iops_max" : 9144,
        "iops_mean" : 8358.258333,
        "iops_stddev" : 573.030122,
        "iops_samples" : 120
      },
      "trim" : {
        "io_bytes" : 0,
        "io_kbytes" : 0,
        "bw_bytes" : 0,
        "bw" : 0,
        "iops" : 0.000000,
        "runtime" : 0,
        "total_ios" : 0,
        "short_ios" : 0,
        "drop_ios" : 0,
        "slat_ns" : {
          "min" : 0,
          "max" : 0,
          "mean" : 0.000000,
          "stddev" : 0.000000,
          "N" : 0
        },
        "clat_ns" : {
          "min" : 0,
          "max" : 0,
          "mean" : 0.000000,
          "stddev" : 0.000000,
          "N" : 0
        },
        "lat_ns" : {
          "min" : 0,
          "max" : 0,
          "mean" : 0.000000,
          "stddev" : 0.000000,
          "N" : 0
        },
        "bw_min" : 0,
        "bw_max" : 0,
        "bw_agg" : 0.000000,
        "bw_mean" : 0.000000,
        "bw_dev" : 0.000000,
        "bw_samples" : 0,
        "iops_min" : 0,
        "iops_max" : 0,
        "iops_mean" : 0.000000,
        "iops_stddev" : 0.000000,
        "iops_samples" : 0
      },
      "sync" : {
        "total_ios" : 0,
        "lat_ns" : {
          "min" : 0,
          "max" : 0,
          "mean" : 0.000000,
          "stddev" : 0.000000,
          "N" : 0
        }
      },
      "job_runtime" : 60001,
      "usr_cpu" : 6.734888,
      "sys_cpu" : 49.039183,
      "ctx" : 50031,
      "majf" : 0,
      "minf" : 42,
      "iodepth_level" : {
        "1" : 0.000000,
        "2" : 0.000000,
        "4" : 0.000000,
        "8" : 0.000000,
        "16" : 0.000000,
        "32" : 100.000000,
        ">=64" : 0.000000
      },
      "iodepth_submit" : {
        "0" : 0.000000,
        "4" : 100.000000,
        "8" : 0.000000,
        "16" : 0.000000,
        "32" : 0.000000,
        "64" : 0.000000,
        ">=64" : 0.000000
      },
      "iodepth_complete" : {
        "0" : 0.000000,
        "4" : 99.999800,
        "8" : 0.000000,
        "16" : 0.000000,
        "32" : 0.100000,
        "64" : 0.000000,
        ">=64" : 0.000000
      },
      "latency_ns" : {
        "2" : 0.000000,
        "4" : 0.000000,
        "10" : 0.000000,
        "20" : 0.000000,
        "50" : 0.000000,
        "100" : 0.000000,
        "250" : 0.000000,
        "500" : 0.000000,
        "750" : 0.000000,
        "1000" : 0.000000
      },
      "latency_us" : {
        "2" : 0.000000,
        "4" : 0.000000,
        "10" : 0.000000,
        "20" : 0.000000,
        "50" : 0.000000,
        "100" : 0.000000,
        "250" : 0.000000,
        "500" : 0.000000,
        "750" : 0.000000,
        "1000" : 0.000000
      },
      "latency_ms" : {
        "2" : 0.609880,
        "4" : 72.014939,
        "10" : 26.401408,
        "20" : 0.910730,
        "50" : 0.069227,
        "100" : 0.000000,
        "250" : 0.000000,
        "500" : 0.000000,
        "750" : 0.000000,
        "1000" : 0.000000,
        "2000" : 0.000000,
        ">=2000" : 0.000000
      },
      "latency_depth" : 32,
      "latency_target" : 0,
      "latency_percentile" : 100.000000,
      "latency_window" : 0
    }
  ],
  "disk_util" : [
    {
      "name" : "md6",
      "read_ios" : 476,
      "write_ios" : 536026,
      "read_sectors" : 3808,
      "write_sectors" : 137356272,
      "read_merges" : 0,
      "write_merges" : 0,
      "read_ticks" : 350,
      "write_ticks" : 1650095,
      "in_queue" : 1650445,
      "util" : 100.000000,
      "aggr_read_ios" : 12172,
      "aggr_write_ios" : 313778,
      "aggr_read_sectors" : 2345212,
      "aggr_write_sectors" : 69619493,
      "aggr_read_merges" : 280979,
      "aggr_write_merge" : 8388681,
      "aggr_read_ticks" : 7121,
      "aggr_write_ticks" : 60753,
      "aggr_in_queue" : 67891,
      "aggr_util" : 68.207772
    },
    {
      "name" : "nvme3n1",
      "read_ios" : 12813,
      "write_ios" : 314075,
      "read_sectors" : 2421416,
      "write_sectors" : 69618779,
      "read_merges" : 289864,
      "write_merges" : 8388296,
      "read_ticks" : 7115,
      "write_ticks" : 55394,
      "in_queue" : 62530,
      "util" : 41.154290
    },
    {
      "name" : "nvme5n1",
      "read_ios" : 11635,
      "write_ios" : 313574,
      "read_sectors" : 2315000,
      "write_sectors" : 69620515,
      "read_merges" : 277740,
      "write_merges" : 8389014,
      "read_ticks" : 6991,
      "write_ticks" : 58291,
      "in_queue" : 65294,
      "util" : 40.984994
    },
    {
      "name" : "nvme1n1",
      "read_ios" : 12142,
      "write_ios" : 313393,
      "read_sectors" : 2306560,
      "write_sectors" : 69617747,
      "read_merges" : 276178,