{
  "fio version" : "fio-3.36",
  "timestamp" : 1768537931,
  "timestamp_ms" : 1768537931824,
  "time" : "Fri Jan 16 13:32:11 2026",
  "jobs" : [
    {
      "jobname" : "mdadm_raid10_write",
      "groupid" : 0,
      "job_start" : 1768537871774,
      "error" : 0,
      "eta" : 0,
      "elapsed" : 66,
      "job options" : {
        "name" : "mdadm_raid10_write",
        "directory" : "/mnt/mdadm_test/raid10",
        "ioengine" : "libaio",
        "direct" : "1",
        "rw" : "write",
        "bs" : "1m",
        "size" : "5G",
        "numjobs" : "1",
        "iodepth" : "32",
        "runtime" : "60",
        "ramp_time" : "5"
      },
      "read" : {
        "io_bytes" : 0,
        "io_kbytes" : 0,
        "bw_bytes" : 0,
        "bw" : 0,
        "iops" : 0.000000,
        "runtime" : 0,
        "total_ios" : 0,
        "short_ios" : 0,
        "drop_ios" : 0,
        "slat_ns" : {
          "min" : 0,
          "max" : 0,
          "mean" : 0.000000,
          "stddev" : 0.000000,
          "N" : 0
        },
        "clat_ns" : {
          "min" : 0,
          "max" : 0,
          "mean" : 0.000000,
          "stddev" : 0.000000,
          "N" : 0
        },
        "lat_ns" : {
          "min" : 0,
          "max" : 0,
          "mean" : 0.000000,
          "stddev" : 0.000000,
          "N" : 0
        },
        "bw_min" : 0,
        "bw_max" : 0,
        "bw_agg" : 0.000000,
        "bw_mean" : 0.000000,
        "bw_dev" : 0.000000,
        "bw_samples" : 0,
        "iops_min" : 0,
        "iops_max" : 0,
        "iops_mean" : 0.000000,
        "iops_stddev" : 0.000000,
        "iops_samples" : 0
      },
      "write" : {
        "io_bytes" : 98375303168,
        "io_kbytes" : 96069632,
        "bw_bytes" : 1639123967,
        "bw" : 1600706,
        "iops" : 1562.673909,
        "runtime" : 60017,
        "total_ios" : 93787,
        "short_ios" : 0,
        "drop_ios" : 0,
        "slat_ns" : {
          "min" : 99831,
          "max" : 33733541,
          "mean" : 242421.883971,
          "stddev" : 284654.809698,
          "N" : 93787
        },
        "clat_ns" : {
          "min" : 2133043,
          "max" : 64401133,
          "mean" : 20236936.084461,
          "stddev" : 8729755.599887,
          "N" : 93818,
          "percentile" : {
            "1.000000" : 4014080,
            "5.000000" : 4947968,
            "10.000000" : 14614528,
            "20.000000" : 16318464,
            "30.000000" : 16711680,
            "40.000000" : 17170432,
            "50.000000" : 17694720,
            "60.000000" : 18219008,
            "70.000000" : 19529728,
            "80.000000" : 24510464,
            "90.000000" : 35913728,
            "95.000000" : 40108032,
            "99.000000" : 42729472,
            "99.500000" : 43778048,
            "99.900000" : 52690944,
            "99.950000" : 61603840,
            "99.990000" : 63700992
          }
        },
        "lat_ns" : {
          "min" : 2425827,
          "max" : 64627386,
          "mean" : 20479373.472606,
          "stddev" : 8739987.844812,
          "N" : 93818
        },
        "bw_min" : 1316864,
        "bw_max" : 4923392,
        "bw_agg" : 100.000000,
        "bw_mean" : 1601457.050000,
        "bw_dev" : 492034.202725,
        "bw_samples" : 120,
        "iops_min" : 1286,
        "iops_max" : 4808,
        "iops_mean" : 1563.750000,
        "iops_stddev" : 480.536277,
        "iops_samples" : 120
      },
      "trim" : {
        "io_bytes" : 0,
        "io_kbytes" : 0,
        "bw_bytes" : 0,
        "bw" : 0,
        "iops" : 0.000000,
        "runtime" : 0,
        "total_ios" : 0,
        "short_ios" : 0,
        "drop_ios" : 0,
        "slat_ns" : {
          "min" : 0,
          "max" : 0,
          "mean" : 0.000000,
          "stddev" : 0.000000,
          "N" : 0
        },
        "clat_ns" : {
          "min" : 0,
          "max" : 0,
          "mean" : 0.000000,
          "stddev" : 0.000000,
          "N" : 0
        },
        "lat_ns" : {
          "min" : 0,
          "max" : 0,
          "mean" : 0.000000,
          "stddev" : 0.000000,
          "N" : 0
        },
        "bw_min" : 0,
        "bw_max" : 0,
        "bw_agg" : 0.000000,
        "bw_mean" : 0.000000,
        "bw_dev" : 0.000000,
        "bw_samples" : 0,
        "iops_min" : 0,
        "iops_max" : 0,
        "iops_mean" : 0.000000,
        "iops_stddev" : 0.000000,
        "iops_samples" : 0
      },
      "sync" : {
        "total_ios" : 0,
        "lat_ns" : {
          "min" : 0,
          "max" : 0,
          "mean" : 0.000000,
          "stddev" : 0.000000,
          "N" : 0
        }
      },
      "job_runtime" : 60016,
      "usr_cpu" : 3.642362,
      "sys_cpu" : 34.614103,
      "ctx" : 78480,
      "majf" : 0,
      "minf" : 45,
      "iodepth_level" : {
        "1" : 0.000000,
        "2" : 0.000000,
        "4" : 0.000000,
        "8" : 0.000000,
        "16" : 0.000000,
        "32" : 100.000000,
        ">=64" : 0.000000
      },
      "iodepth_submit" : {
        "0" : 0.000000,
        "4" : 100.000000,
        "8" : 0.000000,
        "16" : 0.000000,
        "32" : 0.000000,
        "64" : 0.000000,
        ">=64" : 0.000000
      },
      "iodepth_complete" : {
        "0" : 0.000000,
        "4" : 99.998934,
        "8" : 0.000000,
        "16" : 0.000000,
        "32" : 0.100000,
        "64" : 0.000000,
        ">=64" : 0.000000
      },
      "latency_ns" : {
        "2" : 0.000000,
        "4" : 0.000000,
        "10" : 0.000000,
        "20" : 0.000000,
        "50" : 0.000000,
        "100" : 0.000000,
        "250" : 0.000000,
        "500" : 0.000000,
        "750" : 0.000000,
        "1000" : 0.000000
      },
      "latency_us" : {
        "2" : 0.000000,
        "4" : 0.000000,
        "10" : 0.000000,
        "20" : 0.000000,
        "50" : 0.000000,
        "100" : 0.000000,
        "250" : 0.000000,
        "500" : 0.000000,
        "750" : 0.000000,
        "1000" : 0.000000
      },
      "latency_ms" : {
        "2" : 0.000000,
        "4" : 0.967085,
        "10" : 5.984838,
        "20" : 64.868265,
        "50" : 28.084916,
        "100" : 0.127950,
        "250" : 0.000000,
        "500" : 0.000000,
        "750" : 0.000000,
        "1000" : 0.000000,
        "2000" : 0.000000,
        ">=2000" : 0.000000
      },
      "latency_depth" : 32,
      "latency_target" : 0,
      "latency_percentile" : 100.000000,
      "latency_window" : 0
    }
  ],
  "disk_util" : [
    {
      "name" : "md10",
      "read_ios" : 1,
      "write_ios" : 850860,
      "read_sectors" : 8,
      "write_sectors" : 216967960,
      "read_merges" : 0,
      "write_merges" : 0,
      "read_ticks" : 0,
      "write_ticks" : 9751237,
      "in_queue" : 9751237,
      "util" : 99.969215,
      "aggr_read_ios" : 0,
      "aggr_write_ios" : 425601,
      "aggr_read_sectors" : 2,
      "aggr_write_sectors" : 108508034,
      "aggr_read_merges" : 0,
      "aggr_write_merge" : 59,
      "aggr_read_ticks" : 0,
      "aggr_write_ticks" : 2800131,
      "aggr_in_queue" : 2800402,
      "aggr_util" : 93.191817
    },
    {
      "name" : "nvme3n1",
      "read_ios" : 0,
      "write_ios" : 425948,
      "read_sectors" : 0,
      "write_sectors" : 108510830,
      "read_merges" : 0,
      "write_merges" : 62,
      "read_ticks" : 0,
      "write_ticks" : 839902,
      "in_queue" : 840049,
      "util" : 32.797527
    },
    {
      "name" : "nvme5n1",
      "read_ios" : 1,
      "write_ios" : 425255,
      "read_sectors" : 8,
      "write_sectors" : 108505238,
      "read_merges" : 0,
      "write_merges" : 56,
      "read_ticks" : 0,
      "write_ticks" : 2061454,
      "in_queue" : 2061655,
      "util" : 49.463160
    },
    {
      "name" : "nvme1n1",
      "read_ios" : 0,
      "write_ios" : 425948,
      "read_sectors" : 0,
      "write_sectors" : 108510830,
      "read_merges" : 0,
      "write_merges" : 62,
      "read_ticks" : 0,
      "write_ticks" : 1697900,