{
  "fio version" : "fio-3.36",
  "timestamp" : 1768528648,
  "timestamp_ms" : 1768528648038,
  "time" : "Fri Jan 16 10:57:28 2026",
  "jobs" : [
    {
      "jobname" : "mdadm_raid5_read",
      "groupid" : 0,
      "job_start" : 1768528588002,
      "error" : 0,
      "eta" : 0,
      "elapsed" : 66,
      "job options" : {
        "name" : "mdadm_raid5_read",
        "directory" : "/mnt/mdadm_test/raid5",
        "ioengine" : "libaio",
        "direct" : "1",
        "rw" : "read",
        "bs" : "128k",
        "size" : "5G",
        "numjobs" : "1",
        "iodepth" : "32",
        "runtime" : "60",
        "ramp_time" : "5"
      },
      "read" : {
        "io_bytes" : 104481423360,
        "io_kbytes" : 102032640,
        "bw_bytes" : 1741269992,
        "bw" : 1700458,
        "iops" : 13284.302452,
        "runtime" : 60003,
        "total_ios" : 797098,
        "short_ios" : 0,
        "drop_ios" : 0,
        "slat_ns" : {
          "min" : 13630,
          "max" : 11531006,
          "mean" : 43198.099313,
          "stddev" : 19783.523961,
          "N" : 797099
        },
        "clat_ns" : {
          "min" : 361818,
          "max" : 3051542196,
          "mean" : 2365152.520763,
          "stddev" : 3466242.092523,
          "N" : 797129,
          "percentile" : {
            "1.000000" : 1548288,
            "5.000000" : 1712128,
            "10.000000" : 1810432,
            "20.000000" : 1941504,
            "30.000000" : 2056192,
            "40.000000" : 2179072,
            "50.000000" : 2277376,
            "60.000000" : 2375680,
            "70.000000" : 2539520,
            "80.000000" : 2736128,
            "90.000000" : 2998272,
            "95.000000" : 3227648,
            "99.000000" : 3751936,
            "99.500000" : 4014080,
            "99.900000" : 9633792,
            "99.950000" : 10813440,
            "99.990000" : 15400960
          }
        },
        "lat_ns" : {
          "min" : 412295,
          "max" : 3051610860,
          "mean" : 2408350.694955,
          "stddev" : 3466876.703590,
          "N" : 797129
        },
        "bw_min" : 1601280,
        "bw_max" : 1763840,
        "bw_agg" : 100.000000,
        "bw_mean" : 1702014.151261,
        "bw_dev" : 31841.624583,
        "bw_samples" : 119,
        "iops_min" : 12510,
        "iops_max" : 13780,
        "iops_mean" : 13296.932773,
        "iops_stddev" : 248.713699,
        "iops_samples" : 119
      },
      "write" : {
        "io_bytes" : 0,
        "io_kbytes" : 0,
        "bw_bytes" : 0,
        "bw" : 0,
        "iops" : 0.000000,
        "runtime" : 0,
        "total_ios" : 0,
        "short_ios" : 0,
        "drop_ios" : 0,
        "slat_ns" : {
          "min" : 0,
          "max" : 0,
          "mean" : 0.000000,
          "stddev" : 0.000000,
          "N" : 0
        },
        "clat_ns" : {
          "min" : 0,
          "max" : 0,
          "mean" : 0.000000,
          "stddev" : 0.000000,
          "N" : 0
        },
        "lat_ns" : {
          "min" : 0,
          "max" : 0,
          "mean" : 0.000000,
          "stddev" : 0.000000,
          "N" : 0
        },
        "bw_min" : 0,
        "bw_max" : 0,
        "bw_agg" : 0.000000,
        "bw_mean" : 0.000000,
        "bw_dev" : 0.000000,
        "bw_samples" : 0,
        "iops_min" : 0,
        "iops_max" : 0,
        "iops_mean" : 0.000000,
        "iops_stddev" : 0.000000,
        "iops_samples" : 0
      },
      "trim" : {
        "io_bytes" : 0,
        "io_kbytes" : 0,
        "bw_bytes" : 0,
        "bw" : 0,
        "iops" : 0.000000,
        "runtime" : 0,
        "total_ios" : 0,
        "short_ios" : 0,
        "drop_ios" : 0,
        "slat_ns" : {
          "min" : 0,
          "max" : 0,
          "mean" : 0.000000,
          "stddev" : 0.000000,
          "N" : 0
        },
        "clat_ns" : {
          "min" : 0,
          "max" : 0,
          "mean" : 0.000000,
          "stddev" : 0.000000,
          "N" : 0
        },
        "lat_ns" : {
          "min" : 0,
          "max" : 0,
          "mean" : 0.000000,
          "stddev" : 0.000000,
          "N" : 0
        },
        "bw_min" : 0,
        "bw_max" : 0,
        "bw_agg" : 0.000000,
        "bw_mean" : 0.000000,
        "bw_dev" : 0.000000,
        "bw_samples" : 0,
        "iops_min" : 0,
        "iops_max" : 0,
        "iops_mean" : 0.000000,
        "iops_stddev" : 0.000000,
        "iops_samples" : 0
      },
      "sync" : {
        "total_ios" : 0,
        "lat_ns" : {
          "min" : 0,
          "max" : 0,
          "mean" : 0.000000,
          "stddev" : 0.000000,
          "N" : 0
        }
      },
      "job_runtime" : 60002,
      "usr_cpu" : 1.849938,
      "sys_cpu" : 59.353022,
      "ctx" : 107615,
      "majf" : 0,
      "minf" : 37,
      "iodepth_level" : {
        "1" : 0.000000,
        "2" : 0.000000,
        "4" : 0.000000,
        "8" : 0.000000,
        "16" : 0.000000,
        "32" : 100.000000,
        ">=64" : 0.000000
      },
      "iodepth_submit" : {
        "0" : 0.000000,
        "4" : 100.000000,
        "8" : 0.000000,
        "16" : 0.000000,
        "32" : 0.000000,
        "64" : 0.000000,
        ">=64" : 0.000000
      },
      "iodepth_complete" : {
        "0" : 0.000000,
        "4" : 99.999875,
        "8" : 0.000000,
        "16" : 0.000000,
        "32" : 0.100000,
        "64" : 0.000000,
        ">=64" : 0.000000
      },
      "latency_ns" : {
        "2" : 0.000000,
        "4" : 0.000000,
        "10" : 0.000000,
        "20" : 0.000000,
        "50" : 0.000000,
        "100" : 0.000000,
        "250" : 0.000000,
        "500" : 0.000000,
        "750" : 0.000000,
        "1000" : 0.000000
      },
      "latency_us" : {
        "2" : 0.000000,
        "4" : 0.000000,
        "10" : 0.000000,
        "20" : 0.000000,
        "50" : 0.000000,
        "100" : 0.000000,
        "250" : 0.000000,
        "500" : 0.010000,
        "750" : 0.010000,
        "1000" : 0.013800
      },
      "latency_ms" : {
        "2" : 24.495357,
        "4" : 74.965813,
        "10" : 0.433573,
        "20" : 0.085937,
        "50" : 0.010000,
        "100" : 0.000000,
        "250" : 0.000000,
        "500" : 0.000000,
        "750" : 0.000000,
        "1000" : 0.000000,
        "2000" : 0.000000,
        ">=2000" : 0.010000
      },
      "latency_depth" : 32,
      "latency_target" : 0,
      "latency_percentile" : 100.000000,
      "latency_window" : 0
    }
  ],
  "disk_util" : [
    {
      "name" : "md5",
      "read_ios" : 865084,
      "write_ios" : 107,
      "read_sectors" : 221461504,
      "write_sectors" : 68176,
      "read_merges" : 0,
      "write_merges" : 0,
      "read_ticks" : 1946678,
      "write_ticks" : 216567,
      "in_queue" : 2163245,
      "util" : 100.000000,
      "aggr_read_ios" : 257974,
      "aggr_write_ios" : 5436,
      "aggr_read_sectors" : 58909998,
      "aggr_write_sectors" : 1202419,
      "aggr_read_merges" : 7105732,
      "aggr_write_merge" : 144897,
      "aggr_read_ticks" : 111712,
      "aggr_write_ticks" : 1439,
      "aggr_in_queue" : 113170,
      "aggr_util" : 79.770370
    },
    {
      "name" : "nvme3n1",
      "read_ios" : 263032,
      "write_ios" : 270,
      "read_sectors" : 60094344,
      "write_sectors" : 28597,
      "read_merges" : 7248717,
      "write_merges" : 3340,
      "read_ticks" : 114374,
      "write_ticks" : 83,
      "in_queue" : 114476,
      "util" : 78.094315
    },
    {
      "name" : "nvme5n1",
      "read_ios" : 242713,
      "write_ios" : 21022,
      "read_sectors" : 55366640,
      "write_sectors" : 4728037,
      "read_merges" : 6678117,
      "write_merges" : 570001,
      "read_ticks" : 117837,
      "write_ticks" : 5534,
      "in_queue" : 123393,
      "util" : 79.770370
    },
    {
      "name" : "nvme1n1",
      "read_ios" : 261946,
      "write_ios" : 232,
      "read_sectors" : 60095664,
      "write_sectors" : 24205,
      "read_merges" : 7249919,