{
  "fio version" : "fio-3.36",
  "timestamp" : 1768538290,
  "timestamp_ms" : 1768538290432,
  "time" : "Fri Jan 16 13:38:10 2026",
  "jobs" : [
    {
      "jobname" : "mdadm_raid10_read",
      "groupid" : 0,
      "job_start" : 1768538230395,
      "error" : 0,
      "eta" : 0,
      "elapsed" : 66,
      "job options" : {
        "name" : "mdadm_raid10_read",
        "directory" : "/mnt/mdadm_test/raid10",
        "ioengine" : "libaio",
        "direct" : "1",
        "rw" : "read",
        "bs" : "1m",
        "size" : "10G",
        "numjobs" : "1",
        "iodepth" : "32",
        "runtime" : "60",
        "ramp_time" : "5"
      },
      "read" : {
        "io_bytes" : 765324165120,
        "io_kbytes" : 747386880,
        "bw_bytes" : 12755190165,
        "bw" : 12456240,
        "iops" : 12163.763937,
        "runtime" : 60001,
        "total_ios" : 729838,
        "short_ios" : 0,
        "drop_ios" : 0,
        "slat_ns" : {
          "min" : 64969,
          "max" : 295568,
          "mean" : 80957.178550,
          "stddev" : 11953.941086,
          "N" : 729839
        },
        "clat_ns" : {
          "min" : 368699,
          "max" : 6367590,
          "mean" : 2549479.280856,
          "stddev" : 75453.625741,
          "N" : 729869,
          "percentile" : {
            "1.000000" : 2408448,
            "5.000000" : 2473984,
            "10.000000" : 2473984,
            "20.000000" : 2506752,
            "30.000000" : 2506752,
            "40.000000" : 2539520,
            "50.000000" : 2539520,
            "60.000000" : 2539520,
            "70.000000" : 2572288,
            "80.000000" : 2572288,
            "90.000000" : 2605056,
            "95.000000" : 2670592,
            "99.000000" : 2834432,
            "99.500000" : 2899968,
            "99.900000" : 2965504,
            "99.950000" : 2998272,
            "99.990000" : 3063808
          }
        },
        "lat_ns" : {
          "min" : 441930,
          "max" : 6570547,
          "mean" : 2630436.853304,
          "stddev" : 76653.686827,
          "N" : 729869
        },
        "bw_min" : 11167744,
        "bw_max" : 12531712,
        "bw_agg" : 100.000000,
        "bw_mean" : 12458891.428571,
        "bw_dev" : 210380.340236,
        "bw_samples" : 119,
        "iops_min" : 10906,
        "iops_max" : 12238,
        "iops_mean" : 12166.831933,
        "iops_stddev" : 205.450036,
        "iops_samples" : 119
      },
      "write" : {
        "io_bytes" : 0,
        "io_kbytes" : 0,
        "bw_bytes" : 0,
        "bw" : 0,
        "iops" : 0.000000,
        "runtime" : 0,
        "total_ios" : 0,
        "short_ios" : 0,
        "drop_ios" : 0,
        "slat_ns" : {
          "min" : 0,
          "max" : 0,
          "mean" : 0.000000,
          "stddev" : 0.000000,
          "N" : 0
        },
        "clat_ns" : {
          "min" : 0,
          "max" : 0,
          "mean" : 0.000000,
          "stddev" : 0.000000,
          "N" : 0
        },
        "lat_ns" : {
          "min" : 0,
          "max" : 0,
          "mean" : 0.000000,
          "stddev" : 0.000000,
          "N" : 0
        },
        "bw_min" : 0,
        "bw_max" : 0,
        "bw_agg" : 0.000000,
        "bw_mean" : 0.000000,
        "bw_dev" : 0.000000,
        "bw_samples" : 0,
        "iops_min" : 0,
        "iops_max" : 0,
        "iops_mean" : 0.000000,
        "iops_stddev" : 0.000000,
        "iops_samples" : 0
      },
      "trim" : {
        "io_bytes" : 0,
        "io_kbytes" : 0,
        "bw_bytes" : 0,
        "bw" : 0,
        "iops" : 0.000000,
        "runtime" : 0,
        "total_ios" : 0,
        "short_ios" : 0,
        "drop_ios" : 0,
        "slat_ns" : {
          "min" : 0,
          "max" : 0,
          "mean" : 0.000000,
          "stddev" : 0.000000,
          "N" : 0
        },
        "clat_ns" : {
          "min" : 0,
          "max" : 0,
          "mean" : 0.000000,
          "stddev" : 0.000000,
          "N" : 0
        },
        "lat_ns" : {
          "min" : 0,
          "max" : 0,
          "mean" : 0.000000,
          "stddev" : 0.000000,
          "N" : 0
        },
        "bw_min" : 0,
        "bw_max" : 0,
        "bw_agg" : 0.000000,
        "bw_mean" : 0.000000,
        "bw_dev" : 0.000000,
        "bw_samples" : 0,
        "iops_min" : 0,
        "iops_max" : 0,
        "iops_mean" : 0.000000,
        "iops_stddev" : 0.000000,
        "iops_samples" : 0
      },
      "sync" : {
        "total_ios" : 0,
        "lat_ns" : {
          "min" : 0,
          "max" : 0,
          "mean" : 0.000000,
          "stddev" : 0.000000,
          "N" : 0
        }
      },
      "job_runtime" : 60000,
      "usr_cpu" : 1.160000,
      "sys_cpu" : 98.241667,
      "ctx" : 23918,
      "majf" : 0,
      "minf" : 36,
      "iodepth_level" : {
        "1" : 0.000000,
        "2" : 0.000000,
        "4" : 0.000000,
        "8" : 0.000000,
        "16" : 0.000000,
        "32" : 100.000000,
        ">=64" : 0.000000
      },
      "iodepth_submit" : {
        "0" : 0.000000,
        "4" : 100.000000,
        "8" : 0.000000,
        "16" : 0.000000,
        "32" : 0.000000,
        "64" : 0.000000,
        ">=64" : 0.000000
      },
      "iodepth_complete" : {
        "0" : 0.000000,
        "4" : 99.999863,
        "8" : 0.000000,
        "16" : 0.000000,
        "32" : 0.100000,
        "64" : 0.000000,
        ">=64" : 0.000000
      },
      "latency_ns" : {
        "2" : 0.000000,
        "4" : 0.000000,
        "10" : 0.000000,
        "20" : 0.000000,
        "50" : 0.000000,
        "100" : 0.000000,
        "250" : 0.000000,
        "500" : 0.000000,
        "750" : 0.000000,
        "1000" : 0.000000
      },
      "latency_us" : {
        "2" : 0.000000,
        "4" : 0.000000,
        "10" : 0.000000,
        "20" : 0.000000,
        "50" : 0.000000,
        "100" : 0.000000,
        "250" : 0.000000,
        "500" : 0.010000,
        "750" : 0.010000,
        "1000" : 0.010000
      },
      "latency_ms" : {
        "2" : 0.010000,
        "4" : 99.995478,
        "10" : 0.010000,
        "20" : 0.000000,
        "50" : 0.000000,
        "100" : 0.000000,
        "250" : 0.000000,
        "500" : 0.000000,
        "750" : 0.000000,
        "1000" : 0.000000,
        "2000" : 0.000000,
        ">=2000" : 0.000000
      },
      "latency_depth" : 32,
      "latency_target" : 0,
      "latency_percentile" : 100.000000,
      "latency_window" : 0
    }
  ],
  "disk_util" : [
    {
      "name" : "md10",
      "read_ios" : 6296951,
      "write_ios" : 92,
      "read_sectors" : 1612019456,
      "write_sectors" : 736,
      "read_merges" : 0,
      "write_merges" : 0,
      "read_ticks" : 1225147,
      "write_ticks" : 147,
      "in_queue" : 1225294,
      "util" : 100.000000,
      "aggr_read_ios" : 1574238,
      "aggr_write_ios" : 24,
      "aggr_read_sectors" : 403004928,
      "aggr_write_sectors" : 427,
      "aggr_read_merges" : 0,
      "aggr_write_merge" : 37,
      "aggr_read_ticks" : 299310,
      "aggr_write_ticks" : 10,
      "aggr_in_queue" : 299322,
      "aggr_util" : 100.000000
    },
    {
      "name" : "nvme3n1",
      "read_ios" : 1522830,
      "write_ios" : 28,
      "read_sectors" : 389844480,
      "write_sectors" : 747,
      "read_merges" : 0,
      "write_merges" : 74,
      "read_ticks" : 286013,
      "write_ticks" : 10,
      "in_queue" : 286028,
      "util" : 99.981536
    },
    {
      "name" : "nvme5n1",
      "read_ios" : 1512489,
      "write_ios" : 21,
      "read_sectors" : 387197184,
      "write_sectors" : 107,
      "read_merges" : 0,
      "write_merges" : 1,
      "read_ticks" : 282818,
      "write_ticks" : 9,
      "in_queue" : 282828,
      "util" : 99.995384
    },
    {
      "name" : "nvme1n1",
      "read_ios" : 1625646,
      "write_ios" : 28,
      "read_sectors" : 416165376,
      "write_sectors" : 747,
      "read_merges" : 0,
      "write_merges" : 74,
      "read_ticks" : 313202,