{
  "fio version" : "fio-3.36",
  "timestamp" : 1768537596,
  "timestamp_ms" : 1768537596003,
  "time" : "Fri Jan 16 13:26:36 2026",
  "jobs" : [
    {
      "jobname" : "mdadm_raid10_read",
      "groupid" : 0,
      "job_start" : 1768537535969,
      "error" : 0,
      "eta" : 0,
      "elapsed" : 66,
      "job options" : {
        "name" : "mdadm_raid10_read",
        "directory" : "/mnt/mdadm_test/raid10",
        "ioengine" : "libaio",
        "direct" : "1",
        "rw" : "read",
        "bs" : "128k",
        "size" : "1G",
        "numjobs" : "1",
        "iodepth" : "32",
        "runtime" : "60",
        "ramp_time" : "5"
      },
      "read" : {
        "io_bytes" : 473999081472,
        "io_kbytes" : 462889728,
        "bw_bytes" : 7899853026,
        "bw" : 7714700,
        "iops" : 60270.562157,
        "runtime" : 60001,
        "total_ios" : 3616294,
        "short_ios" : 0,
        "drop_ios" : 0,
        "slat_ns" : {
          "min" : 9684,
          "max" : 2270973,
          "mean" : 15349.778604,
          "stddev" : 6828.247794,
          "N" : 3616295
        },
        "clat_ns" : {
          "min" : 140543,
          "max" : 8990172,
          "mean" : 515335.338294,
          "stddev" : 91909.483783,
          "N" : 3616325,
          "percentile" : {
            "1.000000" : 370688,
            "5.000000" : 399360,
            "10.000000" : 415744,
            "20.000000" : 456704,
            "30.000000" : 497664,
            "40.000000" : 514048,
            "50.000000" : 528384,
            "60.000000" : 536576,
            "70.000000" : 544768,
            "80.000000" : 561152,
            "90.000000" : 585728,
            "95.000000" : 610304,
            "99.000000" : 667648,
            "99.500000" : 692224,
            "99.900000" : 774144,
            "99.950000" : 888832,
            "99.990000" : 4489216
          }
        },
        "lat_ns" : {
          "min" : 150518,
          "max" : 9007028,
          "mean" : 530685.101111,
          "stddev" : 93761.970797,
          "N" : 3616325
        },
        "bw_min" : 7296768,
        "bw_max" : 9235456,
        "bw_agg" : 100.000000,
        "bw_mean" : 7722056.159664,
        "bw_dev" : 739718.114772,
        "bw_samples" : 119,
        "iops_min" : 57006,
        "iops_max" : 72152,
        "iops_mean" : 60328.537815,
        "iops_stddev" : 5779.057920,
        "iops_samples" : 119
      },
      "write" : {
        "io_bytes" : 0,
        "io_kbytes" : 0,
        "bw_bytes" : 0,
        "bw" : 0,
        "iops" : 0.000000,
        "runtime" : 0,
        "total_ios" : 0,
        "short_ios" : 0,
        "drop_ios" : 0,
        "slat_ns" : {
          "min" : 0,
          "max" : 0,
          "mean" : 0.000000,
          "stddev" : 0.000000,
          "N" : 0
        },
        "clat_ns" : {
          "min" : 0,
          "max" : 0,
          "mean" : 0.000000,
          "stddev" : 0.000000,
          "N" : 0
        },
        "lat_ns" : {
          "min" : 0,
          "max" : 0,
          "mean" : 0.000000,
          "stddev" : 0.000000,
          "N" : 0
        },
        "bw_min" : 0,
        "bw_max" : 0,
        "bw_agg" : 0.000000,
        "bw_mean" : 0.000000,
        "bw_dev" : 0.000000,
        "bw_samples" : 0,
        "iops_min" : 0,
        "iops_max" : 0,
        "iops_mean" : 0.000000,
        "iops_stddev" : 0.000000,
        "iops_samples" : 0
      },
      "trim" : {
        "io_bytes" : 0,
        "io_kbytes" : 0,
        "bw_bytes" : 0,
        "bw" : 0,
        "iops" : 0.000000,
        "runtime" : 0,
        "total_ios" : 0,
        "short_ios" : 0,
        "drop_ios" : 0,
        "slat_ns" : {
          "min" : 0,
          "max" : 0,
          "mean" : 0.000000,
          "stddev" : 0.000000,
          "N" : 0
        },
        "clat_ns" : {
          "min" : 0,
          "max" : 0,
          "mean" : 0.000000,
          "stddev" : 0.000000,
          "N" : 0
        },
        "lat_ns" : {
          "min" : 0,
          "max" : 0,
          "mean" : 0.000000,
          "stddev" : 0.000000,
          "N" : 0
        },
        "bw_min" : 0,
        "bw_max" : 0,
        "bw_agg" : 0.000000,
        "bw_mean" : 0.000000,
        "bw_dev" : 0.000000,
        "bw_samples" : 0,
        "iops_min" : 0,
        "iops_max" : 0,
        "iops_mean" : 0.000000,
        "iops_stddev" : 0.000000,
        "iops_samples" : 0
      },
      "sync" : {
        "total_ios" : 0,
        "lat_ns" : {
          "min" : 0,
          "max" : 0,
          "mean" : 0.000000,
          "stddev" : 0.000000,
          "N" : 0
        }
      },
      "job_runtime" : 60000,
      "usr_cpu" : 4.393333,
      "sys_cpu" : 95.000000,
      "ctx" : 23339,
      "majf" : 0,
      "minf" : 37,
      "iodepth_level" : {
        "1" : 0.000000,
        "2" : 0.000000,
        "4" : 0.000000,
        "8" : 0.000000,
        "16" : 0.000000,
        "32" : 100.000000,
        ">=64" : 0.000000
      },
      "iodepth_submit" : {
        "0" : 0.000000,
        "4" : 100.000000,
        "8" : 0.000000,
        "16" : 0.000000,
        "32" : 0.000000,
        "64" : 0.000000,
        ">=64" : 0.000000
      },
      "iodepth_complete" : {
        "0" : 0.000000,
        "4" : 99.999972,
        "8" : 0.000000,
        "16" : 0.000000,
        "32" : 0.100000,
        "64" : 0.000000,
        ">=64" : 0.000000
      },
      "latency_ns" : {
        "2" : 0.000000,
        "4" : 0.000000,
        "10" : 0.000000,
        "20" : 0.000000,
        "50" : 0.000000,
        "100" : 0.000000,
        "250" : 0.000000,
        "500" : 0.000000,
        "750" : 0.000000,
        "1000" : 0.000000
      },
      "latency_us" : {
        "2" : 0.000000,
        "4" : 0.000000,
        "10" : 0.000000,
        "20" : 0.000000,
        "50" : 0.000000,
        "100" : 0.000000,
        "250" : 0.010000,
        "500" : 31.220139,
        "750" : 68.637727,
        "1000" : 0.100324
      },
      "latency_ms" : {
        "2" : 0.018555,
        "4" : 0.010000,
        "10" : 0.012112,
        "20" : 0.000000,
        "50" : 0.000000,
        "100" : 0.000000,
        "250" : 0.000000,
        "500" : 0.000000,
        "750" : 0.000000,
        "1000" : 0.000000,
        "2000" : 0.000000,
        ">=2000" : 0.000000
      },
      "latency_depth" : 32,
      "latency_target" : 0,
      "latency_percentile" : 100.000000,
      "latency_window" : 0
    }
  ],
  "disk_util" : [
    {
      "name" : "md10",
      "read_ios" : 3961539,
      "write_ios" : 18776,
      "read_sectors" : 1014153984,
      "write_sectors" : 3698336,
      "read_merges" : 0,
      "write_merges" : 0,
      "read_ticks" : 608394,
      "write_ticks" : 1522,
      "in_queue" : 609916,
      "util" : 100.000000,
      "aggr_read_ios" : 993956,
      "aggr_write_ios" : 9479,
      "aggr_read_sectors" : 254452864,
      "aggr_write_sectors" : 1857661,
      "aggr_read_merges" : 0,
      "aggr_write_merge" : 19,
      "aggr_read_ticks" : 148910,
      "aggr_write_ticks" : 733,
      "aggr_in_queue" : 149680,
      "aggr_util" : 99.709110
    },
    {
      "name" : "nvme3n1",
      "read_ios" : 930839,
      "write_ios" : 9928,
      "read_sectors" : 238294784,
      "write_sectors" : 1861229,
      "read_merges" : 0,
      "write_merges" : 17,
      "read_ticks" : 135089,
      "write_ticks" : 784,
      "in_queue" : 135910,
      "util" : 98.465516
    },
    {
      "name" : "nvme5n1",
      "read_ios" : 931696,
      "write_ios" : 9031,
      "read_sectors" : 238514176,
      "write_sectors" : 1854093,
      "read_merges" : 0,
      "write_merges" : 22,
      "read_ticks" : 136062,
      "write_ticks" : 687,
      "in_queue" : 136782,
      "util" : 98.668678
    },
    {
      "name" : "nvme1n1",
      "read_ios" : 1057075,
      "write_ios" : 9928,
      "read_sectors" : 270611200,
      "write_sectors" : 1861229,
      "read_merges" : 0,
      "write_merges" : 17,
      "read_ticks" : 161817,