{
  "fio version" : "fio-3.36",
  "timestamp" : 1768528856,
  "timestamp_ms" : 1768528856363,
  "time" : "Fri Jan 16 11:00:56 2026",
  "jobs" : [
    {
      "jobname" : "mdadm_raid5_write",
      "groupid" : 0,
      "job_start" : 1768528796332,
      "error" : 0,
      "eta" : 0,
      "elapsed" : 66,
      "job options" : {
        "name" : "mdadm_raid5_write",
        "directory" : "/mnt/mdadm_test/raid5",
        "ioengine" : "libaio",
        "direct" : "1",
        "rw" : "write",
        "bs" : "128k",
        "size" : "10G",
        "numjobs" : "1",
        "iodepth" : "32",
        "runtime" : "60",
        "ramp_time" : "5"
      },
      "read" : {
        "io_bytes" : 0,
        "io_kbytes" : 0,
        "bw_bytes" : 0,
        "bw" : 0,
        "iops" : 0.000000,
        "runtime" : 0,
        "total_ios" : 0,
        "short_ios" : 0,
        "drop_ios" : 0,
        "slat_ns" : {
          "min" : 0,
          "max" : 0,
          "mean" : 0.000000,
          "stddev" : 0.000000,
          "N" : 0
        },
        "clat_ns" : {
          "min" : 0,
          "max" : 0,
          "mean" : 0.000000,
          "stddev" : 0.000000,
          "N" : 0
        },
        "lat_ns" : {
          "min" : 0,
          "max" : 0,
          "mean" : 0.000000,
          "stddev" : 0.000000,
          "N" : 0
        },
        "bw_min" : 0,
        "bw_max" : 0,
        "bw_agg" : 0.000000,
        "bw_mean" : 0.000000,
        "bw_dev" : 0.000000,
        "bw_samples" : 0,
        "iops_min" : 0,
        "iops_max" : 0,
        "iops_mean" : 0.000000,
        "iops_stddev" : 0.000000,
        "iops_samples" : 0
      },
      "write" : {
        "io_bytes" : 65879408640,
        "io_kbytes" : 64335360,
        "bw_bytes" : 1097953545,
        "bw" : 1072220,
        "iops" : 8376.187460,
        "runtime" : 60002,
        "total_ios" : 502588,
        "short_ios" : 0,
        "drop_ios" : 0,
        "slat_ns" : {
          "min" : 14562,
          "max" : 16104949,
          "mean" : 49601.601499,
          "stddev" : 45663.214867,
          "N" : 502589
        },
        "clat_ns" : {
          "min" : 167664,
          "max" : 119411760,
          "mean" : 3770190.496670,
          "stddev" : 3412860.601728,
          "N" : 502619,
          "percentile" : {
            "1.000000" : 1449984,
            "5.000000" : 1941504,
            "10.000000" : 2211840,
            "20.000000" : 2506752,
            "30.000000" : 2736128,
            "40.000000" : 2932736,
            "50.000000" : 3129344,
            "60.000000" : 3358720,
            "70.000000" : 3620864,
            "80.000000" : 4014080,
            "90.000000" : 4751360,
            "95.000000" : 5668864,
            "99.000000" : 24248320,
            "99.500000" : 26083328,
            "99.900000" : 28966912,
            "99.950000" : 31326208,
            "99.990000" : 37486592
          }
        },
        "lat_ns" : {
          "min" : 210509,
          "max" : 119487585,
          "mean" : 3819794.418164,
          "stddev" : 3414066.213883,
          "N" : 502619
        },
        "bw_min" : 845824,
        "bw_max" : 1286144,
        "bw_agg" : 99.914732,
        "bw_mean" : 1071306.739496,
        "bw_dev" : 127445.273844,
        "bw_samples" : 119,
        "iops_min" : 6608,
        "iops_max" : 10048,
        "iops_mean" : 8369.537815,
        "iops_stddev" : 995.684398,
        "iops_samples" : 119
      },
      "trim" : {
        "io_bytes" : 0,
        "io_kbytes" : 0,
        "bw_bytes" : 0,
        "bw" : 0,
        "iops" : 0.000000,
        "runtime" : 0,
        "total_ios" : 0,
        "short_ios" : 0,
        "drop_ios" : 0,
        "slat_ns" : {
          "min" : 0,
          "max" : 0,
          "mean" : 0.000000,
          "stddev" : 0.000000,
          "N" : 0
        },
        "clat_ns" : {
          "min" : 0,
          "max" : 0,
          "mean" : 0.000000,
          "stddev" : 0.000000,
          "N" : 0
        },
        "lat_ns" : {
          "min" : 0,
          "max" : 0,
          "mean" : 0.000000,
          "stddev" : 0.000000,
          "N" : 0
        },
        "bw_min" : 0,
        "bw_max" : 0,
        "bw_agg" : 0.000000,
        "bw_mean" : 0.000000,
        "bw_dev" : 0.000000,
        "bw_samples" : 0,
        "iops_min" : 0,
        "iops_max" : 0,
        "iops_mean" : 0.000000,
        "iops_stddev" : 0.000000,
        "iops_samples" : 0
      },
      "sync" : {
        "total_ios" : 0,
        "lat_ns" : {
          "min" : 0,
          "max" : 0,
          "mean" : 0.000000,
          "stddev" : 0.000000,
          "N" : 0
        }
      },
      "job_runtime" : 60001,
      "usr_cpu" : 4.638256,
      "sys_cpu" : 38.966017,
      "ctx" : 50456,
      "majf" : 0,
      "minf" : 38,
      "iodepth_level" : {
        "1" : 0.000000,
        "2" : 0.000000,
        "4" : 0.000000,
        "8" : 0.000000,
        "16" : 0.000000,
        "32" : 100.000000,
        ">=64" : 0.000000
      },
      "iodepth_submit" : {
        "0" : 0.000000,
        "4" : 100.000000,
        "8" : 0.000000,
        "16" : 0.000000,
        "32" : 0.000000,
        "64" : 0.000000,
        ">=64" : 0.000000
      },
      "iodepth_complete" : {
        "0" : 0.000000,
        "4" : 99.999801,
        "8" : 0.000000,
        "16" : 0.000000,
        "32" : 0.100000,
        "64" : 0.000000,
        ">=64" : 0.000000
      },
      "latency_ns" : {
        "2" : 0.000000,
        "4" : 0.000000,
        "10" : 0.000000,
        "20" : 0.000000,
        "50" : 0.000000,
        "100" : 0.000000,
        "250" : 0.000000,
        "500" : 0.000000,
        "750" : 0.000000,
        "1000" : 0.000000
      },
      "latency_us" : {
        "2" : 0.000000,
        "4" : 0.000000,
        "10" : 0.000000,
        "20" : 0.000000,
        "50" : 0.000000,
        "100" : 0.000000,
        "250" : 0.010000,
        "500" : 0.015520,
        "750" : 0.040789,
        "1000" : 0.071828
      },
      "latency_ms" : {
        "2" : 5.791623,
        "4" : 73.795236,
        "10" : 17.582791,
        "20" : 0.629144,
        "50" : 2.069488,
        "100" : 0.010000,
        "250" : 0.010000,
        "500" : 0.000000,
        "750" : 0.000000,
        "1000" : 0.000000,
        "2000" : 0.000000,
        ">=2000" : 0.000000
      },
      "latency_depth" : 32,
      "latency_target" : 0,
      "latency_percentile" : 100.000000,
      "latency_window" : 0
    }
  ],
  "disk_util" : [
    {
      "name" : "md5",
      "read_ios" : 0,
      "write_ios" : 544918,
      "read_sectors" : 0,
      "write_sectors" : 139901272,
      "read_merges" : 0,
      "write_merges" : 0,
      "read_ticks" : 0,
      "write_ticks" : 1839322,
      "in_queue" : 1839322,
      "util" : 100.000000,
      "aggr_read_ios" : 76551,
      "aggr_write_ios" : 316965,
      "aggr_read_sectors" : 13960378,
      "aggr_write_sectors" : 49127443,
      "aggr_read_merges" : 1668517,
      "aggr_write_merge" : 5824040,
      "aggr_read_ticks" : 75222,
      "aggr_write_ticks" : 120974,
      "aggr_in_queue" : 196361,
      "aggr_util" : 84.475329
    },
    {
      "name" : "nvme3n1",
      "read_ios" : 84649,
      "write_ios" : 309075,
      "read_sectors" : 15544304,
      "write_sectors" : 47339345,
      "read_merges" : 1858474,
      "write_merges" : 5608414,
      "read_ticks" : 71562,
      "write_ticks" : 81462,
      "in_queue" : 153165,
      "util" : 76.639887
    },
    {
      "name" : "nvme5n1",
      "read_ios" : 50468,
      "write_ios" : 341036,
      "read_sectors" : 8975632,
      "write_sectors" : 54390345,
      "read_merges" : 1071486,
      "write_merges" : 6457848,
      "read_ticks" : 47893,
      "write_ticks" : 96937,
      "in_queue" : 144961,
      "util" : 72.455136
    },
    {
      "name" : "nvme1n1",
      "read_ios" : 84852,
      "write_ios" : 308700,
      "read_sectors" : 15543560,
      "write_sectors" : 47353849,
      "read_merges" : 1858093,