{
  "fio version" : "fio-3.36",
  "timestamp" : 1768532079,
  "timestamp_ms" : 1768532079238,
  "time" : "Fri Jan 16 11:54:39 2026",
  "jobs" : [
    {
      "jobname" : "mdadm_raid6_write",
      "groupid" : 0,
      "job_start" : 1768532019206,
      "error" : 0,
      "eta" : 0,
      "elapsed" : 66,
      "job options" : {
        "name" : "mdadm_raid6_write",
        "directory" : "/mnt/mdadm_test/raid6",
        "ioengine" : "libaio",
        "direct" : "1",
        "rw" : "write",
        "bs" : "1m",
        "size" : "5G",
        "numjobs" : "1",
        "iodepth" : "32",
        "runtime" : "60",
        "ramp_time" : "5"
      },
      "read" : {
        "io_bytes" : 0,
        "io_kbytes" : 0,
        "bw_bytes" : 0,
        "bw" : 0,
        "iops" : 0.000000,
        "runtime" : 0,
        "total_ios" : 0,
        "short_ios" : 0,
        "drop_ios" : 0,
        "slat_ns" : {
          "min" : 0,
          "max" : 0,
          "mean" : 0.000000,
          "stddev" : 0.000000,
          "N" : 0
        },
        "clat_ns" : {
          "min" : 0,
          "max" : 0,
          "mean" : 0.000000,
          "stddev" : 0.000000,
          "N" : 0
        },
        "lat_ns" : {
          "min" : 0,
          "max" : 0,
          "mean" : 0.000000,
          "stddev" : 0.000000,
          "N" : 0
        },
        "bw_min" : 0,
        "bw_max" : 0,
        "bw_agg" : 0.000000,
        "bw_mean" : 0.000000,
        "bw_dev" : 0.000000,
        "bw_samples" : 0,
        "iops_min" : 0,
        "iops_max" : 0,
        "iops_mean" : 0.000000,
        "iops_stddev" : 0.000000,
        "iops_samples" : 0
      },
      "write" : {
        "io_bytes" : 73881616384,
        "io_kbytes" : 72150016,
        "bw_bytes" : 1231298708,
        "bw" : 1202440,
        "iops" : 1173.724647,
        "runtime" : 60003,
        "total_ios" : 70427,
        "short_ios" : 0,
        "drop_ios" : 0,
        "slat_ns" : {
          "min" : 115385,
          "max" : 40898414,
          "mean" : 848776.880900,
          "stddev" : 1781170.857707,
          "N" : 70428
        },
        "clat_ns" : {
          "min" : 1957867,
          "max" : 80503649,
          "mean" : 26405959.542607,
          "stddev" : 7773696.992740,
          "N" : 70458,
          "percentile" : {
            "1.000000" : 19529728,
            "5.000000" : 20316160,
            "10.000000" : 21102592,
            "20.000000" : 21889024,
            "30.000000" : 22675456,
            "40.000000" : 23199744,
            "50.000000" : 23724032,
            "60.000000" : 24510464,
            "70.000000" : 25559040,
            "80.000000" : 27394048,
            "90.000000" : 38535168,
            "95.000000" : 44826624,
            "99.000000" : 55312384,
            "99.500000" : 57409536,
            "99.900000" : 64225280,
            "99.950000" : 68681728,
            "99.990000" : 79167488
          }
        },
        "lat_ns" : {
          "min" : 2324503,
          "max" : 81129357,
          "mean" : 27254664.576017,
          "stddev" : 7951350.038121,
          "N" : 70458
        },
        "bw_min" : 808960,
        "bw_max" : 1397482,
        "bw_agg" : 100.000000,
        "bw_mean" : 1202849.966667,
        "bw_dev" : 112227.545137,
        "bw_samples" : 120,
        "iops_min" : 790,
        "iops_max" : 1364,
        "iops_mean" : 1174.500000,
        "iops_stddev" : 109.593519,
        "iops_samples" : 120
      },
      "trim" : {
        "io_bytes" : 0,
        "io_kbytes" : 0,
        "bw_bytes" : 0,
        "bw" : 0,
        "iops" : 0.000000,
        "runtime" : 0,
        "total_ios" : 0,
        "short_ios" : 0,
        "drop_ios" : 0,
        "slat_ns" : {
          "min" : 0,
          "max" : 0,
          "mean" : 0.000000,
          "stddev" : 0.000000,
          "N" : 0
        },
        "clat_ns" : {
          "min" : 0,
          "max" : 0,
          "mean" : 0.000000,
          "stddev" : 0.000000,
          "N" : 0
        },
        "lat_ns" : {
          "min" : 0,
          "max" : 0,
          "mean" : 0.000000,
          "stddev" : 0.000000,
          "N" : 0
        },
        "bw_min" : 0,
        "bw_max" : 0,
        "bw_agg" : 0.000000,
        "bw_mean" : 0.000000,
        "bw_dev" : 0.000000,
        "bw_samples" : 0,
        "iops_min" : 0,
        "iops_max" : 0,
        "iops_mean" : 0.000000,
        "iops_stddev" : 0.000000,
        "iops_samples" : 0
      },
      "sync" : {
        "total_ios" : 0,
        "lat_ns" : {
          "min" : 0,
          "max" : 0,
          "mean" : 0.000000,
          "stddev" : 0.000000,
          "N" : 0
        }
      },
      "job_runtime" : 60002,
      "usr_cpu" : 3.909870,
      "sys_cpu" : 31.438952,
      "ctx" : 27542,
      "majf" : 0,
      "minf" : 41,
      "iodepth_level" : {
        "1" : 0.000000,
        "2" : 0.000000,
        "4" : 0.000000,
        "8" : 0.000000,
        "16" : 0.000000,
        "32" : 100.000000,
        ">=64" : 0.000000
      },
      "iodepth_submit" : {
        "0" : 0.000000,
        "4" : 100.000000,
        "8" : 0.000000,
        "16" : 0.000000,
        "32" : 0.000000,
        "64" : 0.000000,
        ">=64" : 0.000000
      },
      "iodepth_complete" : {
        "0" : 0.000000,
        "4" : 99.998580,
        "8" : 0.000000,
        "16" : 0.000000,
        "32" : 0.100000,
        "64" : 0.000000,
        ">=64" : 0.000000
      },
      "latency_ns" : {
        "2" : 0.000000,
        "4" : 0.000000,
        "10" : 0.000000,
        "20" : 0.000000,
        "50" : 0.000000,
        "100" : 0.000000,
        "250" : 0.000000,
        "500" : 0.000000,
        "750" : 0.000000,
        "1000" : 0.000000
      },
      "latency_us" : {
        "2" : 0.000000,
        "4" : 0.000000,
        "10" : 0.000000,
        "20" : 0.000000,
        "50" : 0.000000,
        "100" : 0.000000,
        "250" : 0.000000,
        "500" : 0.000000,
        "750" : 0.000000,
        "1000" : 0.000000
      },
      "latency_ms" : {
        "2" : 0.010000,
        "4" : 0.010000,
        "10" : 0.012779,
        "20" : 2.729067,
        "50" : 93.867409,
        "100" : 3.431922,
        "250" : 0.000000,
        "500" : 0.000000,
        "750" : 0.000000,
        "1000" : 0.000000,
        "2000" : 0.000000,
        ">=2000" : 0.000000
      },
      "latency_depth" : 32,
      "latency_target" : 0,
      "latency_percentile" : 100.000000,
      "latency_window" : 0
    }
  ],
  "disk_util" : [
    {
      "name" : "md6",
      "read_ios" : 0,
      "write_ios" : 76919,
      "read_sectors" : 0,
      "write_sectors" : 157130272,
      "read_merges" : 0,
      "write_merges" : 0,
      "read_ticks" : 0,
      "write_ticks" : 591803,
      "in_queue" : 591803,
      "util" : 100.000000,
      "aggr_read_ios" : 193,
      "aggr_write_ios" : 315032,
      "aggr_read_sectors" : 7628,
      "aggr_write_sectors" : 78581120,
      "aggr_read_merges" : 760,
      "aggr_write_merge" : 9507656,
      "aggr_read_ticks" : 149,
      "aggr_write_ticks" : 108898,
      "aggr_in_queue" : 109089,
      "aggr_util" : 64.222612
    },
    {
      "name" : "nvme3n1",
      "read_ios" : 238,
      "write_ios" : 315401,
      "read_sectors" : 7152,
      "write_sectors" : 78581596,
      "read_merges" : 656,
      "write_merges" : 9507347,
      "read_ticks" : 220,
      "write_ticks" : 135496,
      "in_queue" : 135752,
      "util" : 24.469788
    },
    {
      "name" : "nvme5n1",
      "read_ios" : 269,
      "write_ios" : 314705,
      "read_sectors" : 7784,
      "write_sectors" : 78580964,
      "read_merges" : 704,
      "write_merges" : 9507964,
      "read_ticks" : 149,
      "write_ticks" : 75716,
      "in_queue" : 75903,
      "util" : 23.135408
    },
    {
      "name" : "nvme1n1",
      "read_ios" : 133,
      "write_ios" : 314525,
      "read_sectors" : 7656,
      "write_sectors" : 78581092,
      "read_merges" : 824,
      "write_merges" : 9508160,