{
  "fio version" : "fio-3.36",
  "timestamp" : 1768537794,
  "timestamp_ms" : 1768537794059,
  "time" : "Fri Jan 16 13:29:54 2026",
  "jobs" : [
    {
      "jobname" : "mdadm_raid10_write",
      "groupid" : 0,
      "job_start" : 1768537734026,
      "error" : 0,
      "eta" : 0,
      "elapsed" : 66,
      "job options" : {
        "name" : "mdadm_raid10_write",
        "directory" : "/mnt/mdadm_test/raid10",
        "ioengine" : "libaio",
        "direct" : "1",
        "rw" : "write",
        "bs" : "128k",
        "size" : "5G",
        "numjobs" : "1",
        "iodepth" : "32",
        "runtime" : "60",
        "ramp_time" : "5"
      },
      "read" : {
        "io_bytes" : 0,
        "io_kbytes" : 0,
        "bw_bytes" : 0,
        "bw" : 0,
        "iops" : 0.000000,
        "runtime" : 0,
        "total_ios" : 0,
        "short_ios" : 0,
        "drop_ios" : 0,
        "slat_ns" : {
          "min" : 0,
          "max" : 0,
          "mean" : 0.000000,
          "stddev" : 0.000000,
          "N" : 0
        },
        "clat_ns" : {
          "min" : 0,
          "max" : 0,
          "mean" : 0.000000,
          "stddev" : 0.000000,
          "N" : 0
        },
        "lat_ns" : {
          "min" : 0,
          "max" : 0,
          "mean" : 0.000000,
          "stddev" : 0.000000,
          "N" : 0
        },
        "bw_min" : 0,
        "bw_max" : 0,
        "bw_agg" : 0.000000,
        "bw_mean" : 0.000000,
        "bw_dev" : 0.000000,
        "bw_samples" : 0,
        "iops_min" : 0,
        "iops_max" : 0,
        "iops_mean" : 0.000000,
        "iops_stddev" : 0.000000,
        "iops_samples" : 0
      },
      "write" : {
        "io_bytes" : 250945339392,
        "io_kbytes" : 245063808,
        "bw_bytes" : 4182073817,
        "bw" : 4084056,
        "iops" : 31906.157820,
        "runtime" : 60005,
        "total_ios" : 1914529,
        "short_ios" : 0,
        "drop_ios" : 0,
        "slat_ns" : {
          "min" : 13490,
          "max" : 34605508,
          "mean" : 21915.855264,
          "stddev" : 31494.564722,
          "N" : 1914530
        },
        "clat_ns" : {
          "min" : 1562,
          "max" : 38318827,
          "mean" : 980700.199574,
          "stddev" : 1815300.487254,
          "N" : 1914560,
          "percentile" : {
            "1.000000" : 47872,
            "5.000000" : 90624,
            "10.000000" : 211968,
            "20.000000" : 509952,
            "30.000000" : 536576,
            "40.000000" : 552960,
            "50.000000" : 593920,
            "60.000000" : 708608,
            "70.000000" : 864256,
            "80.000000" : 1089536,
            "90.000000" : 1613824,
            "95.000000" : 2113536,
            "99.000000" : 10551296,
            "99.500000" : 16318464,
            "99.900000" : 20840448,
            "99.950000" : 22151168,
            "99.990000" : 28180480
          }
        },
        "lat_ns" : {
          "min" : 49555,
          "max" : 38351236,
          "mean" : 1002616.266680,
          "stddev" : 1816851.296118,
          "N" : 1914560
        },
        "bw_min" : 1416464,
        "bw_max" : 5513728,
        "bw_agg" : 100.000000,
        "bw_mean" : 4086344.458333,
        "bw_dev" : 673382.729115,
        "bw_samples" : 120,
        "iops_min" : 11066,
        "iops_max" : 43076,
        "iops_mean" : 31924.441667,
        "iops_stddev" : 5260.770043,
        "iops_samples" : 120
      },
      "trim" : {
        "io_bytes" : 0,
        "io_kbytes" : 0,
        "bw_bytes" : 0,
        "bw" : 0,
        "iops" : 0.000000,
        "runtime" : 0,
        "total_ios" : 0,
        "short_ios" : 0,
        "drop_ios" : 0,
        "slat_ns" : {
          "min" : 0,
          "max" : 0,
          "mean" : 0.000000,
          "stddev" : 0.000000,
          "N" : 0
        },
        "clat_ns" : {
          "min" : 0,
          "max" : 0,
          "mean" : 0.000000,
          "stddev" : 0.000000,
          "N" : 0
        },
        "lat_ns" : {
          "min" : 0,
          "max" : 0,
          "mean" : 0.000000,
          "stddev" : 0.000000,
          "N" : 0
        },
        "bw_min" : 0,
        "bw_max" : 0,
        "bw_agg" : 0.000000,
        "bw_mean" : 0.000000,
        "bw_dev" : 0.000000,
        "bw_samples" : 0,
        "iops_min" : 0,
        "iops_max" : 0,
        "iops_mean" : 0.000000,
        "iops_stddev" : 0.000000,
        "iops_samples" : 0
      },
      "sync" : {
        "total_ios" : 0,
        "lat_ns" : {
          "min" : 0,
          "max" : 0,
          "mean" : 0.000000,
          "stddev" : 0.000000,
          "N" : 0
        }
      },
      "job_runtime" : 60004,
      "usr_cpu" : 5.339644,
      "sys_cpu" : 65.240651,
      "ctx" : 479230,
      "majf" : 0,
      "minf" : 37,
      "iodepth_level" : {
        "1" : 0.000000,
        "2" : 0.000000,
        "4" : 0.000000,
        "8" : 0.000000,
        "16" : 0.000000,
        "32" : 100.000000,
        ">=64" : 0.000000
      },
      "iodepth_submit" : {
        "0" : 0.000000,
        "4" : 100.000000,
        "8" : 0.000000,
        "16" : 0.000000,
        "32" : 0.000000,
        "64" : 0.000000,
        ">=64" : 0.000000
      },
      "iodepth_complete" : {
        "0" : 0.000000,
        "4" : 99.999948,
        "8" : 0.000000,
        "16" : 0.000000,
        "32" : 0.100000,
        "64" : 0.000000,
        ">=64" : 0.000000
      },
      "latency_ns" : {
        "2" : 0.000000,
        "4" : 0.000000,
        "10" : 0.000000,
        "20" : 0.000000,
        "50" : 0.000000,
        "100" : 0.000000,
        "250" : 0.000000,
        "500" : 0.000000,
        "750" : 0.000000,
        "1000" : 0.000000
      },
      "latency_us" : {
        "2" : 0.010000,
        "4" : 0.010000,
        "10" : 0.000000,
        "20" : 0.010000,
        "50" : 1.342889,
        "100" : 4.196489,
        "250" : 5.636739,
        "500" : 8.299483,
        "750" : 44.184862,
        "1000" : 13.479869
      },
      "latency_ms" : {
        "2" : 16.942966,
        "4" : 3.796809,
        "10" : 1.063917,
        "20" : 0.857704,
        "50" : 0.199736,
        "100" : 0.000000,
        "250" : 0.000000,
        "500" : 0.000000,
        "750" : 0.000000,
        "1000" : 0.000000,
        "2000" : 0.000000,
        ">=2000" : 0.000000
      },
      "latency_depth" : 32,
      "latency_target" : 0,
      "latency_percentile" : 100.000000,
      "latency_window" : 0
    }
  ],
  "disk_util" : [
    {
      "name" : "md10",
      "read_ios" : 0,
      "write_ios" : 2083650,
      "read_sectors" : 0,
      "write_sectors" : 532320136,
      "read_merges" : 0,
      "write_merges" : 0,
      "read_ticks" : 0,
      "write_ticks" : 1119324,
      "in_queue" : 1119324,
      "util" : 99.929176,
      "aggr_read_ios" : 0,
      "aggr_write_ios" : 1041934,
      "aggr_read_sectors" : 0,
      "aggr_write_sectors" : 266165493,
      "aggr_read_merges" : 0,
      "aggr_write_merge" : 60,
      "aggr_read_ticks" : 0,
      "aggr_write_ticks" : 304954,
      "aggr_in_queue" : 305043,
      "aggr_util" : 62.381311
    },
    {
      "name" : "nvme3n1",
      "read_ios" : 0,
      "write_ios" : 1042368,
      "read_sectors" : 0,
      "write_sectors" : 266169317,
      "read_merges" : 0,
      "write_merges" : 43,
      "read_ticks" : 0,
      "write_ticks" : 357584,
      "in_queue" : 357669,
      "util" : 62.381311
    },
    {
      "name" : "nvme5n1",
      "read_ios" : 0,
      "write_ios" : 1041501,
      "read_sectors" : 0,
      "write_sectors" : 266161669,
      "read_merges" : 0,
      "write_merges" : 78,
      "read_ticks" : 0,
      "write_ticks" : 301134,
      "in_queue" : 301218,
      "util" : 60.168357
    },
    {
      "name" : "nvme1n1",
      "read_ios" : 0,
      "write_ios" : 1042368,
      "read_sectors" : 0,
      "write_sectors" : 266169317,
      "read_merges" : 0,
      "write_merges" : 43,
      "read_ticks" : 0,
      "write_ticks" : 285251,