{
  "fio version" : "fio-3.36",
  "timestamp" : 1768540742,
  "timestamp_ms" : 1768540742176,
  "time" : "Fri Jan 16 14:19:02 2026",
  "jobs" : [
    {
      "jobname" : "zfs_mirror_read",
      "groupid" : 0,
      "job_start" : 1768540682142,
      "error" : 0,
      "eta" : 0,
      "elapsed" : 66,
      "job options" : {
        "name" : "zfs_mirror_read",
        "directory" : "/mnt/zfs_test/mirror",
        "ioengine" : "libaio",
        "direct" : "1",
        "rw" : "read",
        "bs" : "1m",
        "size" : "10G",
        "numjobs" : "1",
        "iodepth" : "32",
        "runtime" : "60",
        "ramp_time" : "5"
      },
      "read" : {
        "io_bytes" : 293477548032,
        "io_kbytes" : 286599168,
        "bw_bytes" : 4891210947,
        "bw" : 4776573,
        "iops" : 4664.088932,
        "runtime" : 60001,
        "total_ios" : 279850,
        "short_ios" : 0,
        "drop_ios" : 0,
        "slat_ns" : {
          "min" : 167936,
          "max" : 7840342,
          "mean" : 212897.798636,
          "stddev" : 36198.369567,
          "N" : 279851
        },
        "clat_ns" : {
          "min" : 2594,
          "max" : 15889221,
          "mean" : 6647189.816990,
          "stddev" : 308245.910565,
          "N" : 279881,
          "percentile" : {
            "1.000000" : 6258688,
            "5.000000" : 6324224,
            "10.000000" : 6455296,
            "20.000000" : 6520832,
            "30.000000" : 6586368,
            "40.000000" : 6586368,
            "50.000000" : 6651904,
            "60.000000" : 6651904,
            "70.000000" : 6717440,
            "80.000000" : 6782976,
            "90.000000" : 6848512,
            "95.000000" : 6848512,
            "99.000000" : 6979584,
            "99.500000" : 6979584,
            "99.900000" : 9240576,
            "99.950000" : 15400960,
            "99.990000" : 15794176
          }
        },
        "lat_ns" : {
          "min" : 224441,
          "max" : 16108605,
          "mean" : 6860087.639061,
          "stddev" : 314082.018225,
          "N" : 279881
        },
        "bw_min" : 4609026,
        "bw_max" : 4896320,
        "bw_agg" : 100.000000,
        "bw_mean" : 4778720.908333,
        "bw_dev" : 62120.729415,
        "bw_samples" : 120,
        "iops_min" : 4501,
        "iops_max" : 4781,
        "iops_mean" : 4666.625000,
        "iops_stddev" : 60.608547,
        "iops_samples" : 120
      },
      "write" : {
        "io_bytes" : 0,
        "io_kbytes" : 0,
        "bw_bytes" : 0,
        "bw" : 0,
        "iops" : 0.000000,
        "runtime" : 0,
        "total_ios" : 0,
        "short_ios" : 0,
        "drop_ios" : 0,
        "slat_ns" : {
          "min" : 0,
          "max" : 0,
          "mean" : 0.000000,
          "stddev" : 0.000000,
          "N" : 0
        },
        "clat_ns" : {
          "min" : 0,
          "max" : 0,
          "mean" : 0.000000,
          "stddev" : 0.000000,
          "N" : 0
        },
        "lat_ns" : {
          "min" : 0,
          "max" : 0,
          "mean" : 0.000000,
          "stddev" : 0.000000,
          "N" : 0
        },
        "bw_min" : 0,
        "bw_max" : 0,
        "bw_agg" : 0.000000,
        "bw_mean" : 0.000000,
        "bw_dev" : 0.000000,
        "bw_samples" : 0,
        "iops_min" : 0,
        "iops_max" : 0,
        "iops_mean" : 0.000000,
        "iops_stddev" : 0.000000,
        "iops_samples" : 0
      },
      "trim" : {
        "io_bytes" : 0,
        "io_kbytes" : 0,
        "bw_bytes" : 0,
        "bw" : 0,
        "iops" : 0.000000,
        "runtime" : 0,
        "total_ios" : 0,
        "short_ios" : 0,
        "drop_ios" : 0,
        "slat_ns" : {
          "min" : 0,
          "max" : 0,
          "mean" : 0.000000,
          "stddev" : 0.000000,
          "N" : 0
        },
        "clat_ns" : {
          "min" : 0,
          "max" : 0,
          "mean" : 0.000000,
          "stddev" : 0.000000,
          "N" : 0
        },
        "lat_ns" : {
          "min" : 0,
          "max" : 0,
          "mean" : 0.000000,
          "stddev" : 0.000000,
          "N" : 0
        },
        "bw_min" : 0,
        "bw_max" : 0,
        "bw_agg" : 0.000000,
        "bw_mean" : 0.000000,
        "bw_dev" : 0.000000,
        "bw_samples" : 0,
        "iops_min" : 0,
        "iops_max" : 0,
        "iops_mean" : 0.000000,
        "iops_stddev" : 0.000000,
        "iops_samples" : 0
      },
      "sync" : {
        "total_ios" : 0,
        "lat_ns" : {
          "min" : 0,
          "max" : 0,
          "mean" : 0.000000,
          "stddev" : 0.000000,
          "N" : 0
        }
      },
      "job_runtime" : 60000,
      "usr_cpu" : 0.580000,
      "sys_cpu" : 98.870000,
      "ctx" : 23011,
      "majf" : 0,
      "minf" : 40,
      "iodepth_level" : {
        "1" : 0.000000,
        "2" : 0.000000,
        "4" : 0.000000,
        "8" : 0.000000,
        "16" : 0.000000,
        "32" : 100.000000,
        ">=64" : 0.000000
      },
      "iodepth_submit" : {
        "0" : 0.000000,
        "4" : 100.000000,
        "8" : 0.000000,
        "16" : 0.000000,
        "32" : 0.000000,
        "64" : 0.000000,
        ">=64" : 0.000000
      },
      "iodepth_complete" : {
        "0" : 0.000000,
        "4" : 99.999643,
        "8" : 0.000000,
        "16" : 0.000000,
        "32" : 0.100000,
        "64" : 0.000000,
        ">=64" : 0.000000
      },
      "latency_ns" : {
        "2" : 0.000000,
        "4" : 0.000000,
        "10" : 0.000000,
        "20" : 0.000000,
        "50" : 0.000000,
        "100" : 0.000000,
        "250" : 0.000000,
        "500" : 0.000000,
        "750" : 0.000000,
        "1000" : 0.000000
      },
      "latency_us" : {
        "2" : 0.000000,
        "4" : 0.010000,
        "10" : 0.000000,
        "20" : 0.000000,
        "50" : 0.000000,
        "100" : 0.000000,
        "250" : 0.010000,
        "500" : 0.010000,
        "750" : 0.010000,
        "1000" : 0.010000
      },
      "latency_ms" : {
        "2" : 0.010000,
        "4" : 0.010000,
        "10" : 99.908522,
        "20" : 0.096123,
        "50" : 0.000000,
        "100" : 0.000000,
        "250" : 0.000000,
        "500" : 0.000000,
        "750" : 0.000000,
        "1000" : 0.000000,
        "2000" : 0.000000,
        ">=2000" : 0.000000
      },
      "latency_depth" : 32,
      "latency_target" : 0,
      "latency_percentile" : 100.000000,
      "latency_window" : 0
    }
  ]
}
