{
  "fio version" : "fio-3.36",
  "timestamp" : 1768540059,
  "timestamp_ms" : 1768540059627,
  "time" : "Fri Jan 16 14:07:39 2026",
  "jobs" : [
    {
      "jobname" : "zfs_mirror_read",
      "groupid" : 0,
      "job_start" : 1768539999594,
      "error" : 0,
      "eta" : 0,
      "elapsed" : 66,
      "job options" : {
        "name" : "zfs_mirror_read",
        "directory" : "/mnt/zfs_test/mirror",
        "ioengine" : "libaio",
        "direct" : "1",
        "rw" : "read",
        "bs" : "128k",
        "size" : "1G",
        "numjobs" : "1",
        "iodepth" : "32",
        "runtime" : "60",
        "ramp_time" : "5"
      },
      "read" : {
        "io_bytes" : 325976981504,
        "io_kbytes" : 318336896,
        "bw_bytes" : 5432859144,
        "bw" : 5305526,
        "iops" : 41448.892518,
        "runtime" : 60001,
        "total_ios" : 2486975,
        "short_ios" : 0,
        "drop_ios" : 0,
        "slat_ns" : {
          "min" : 9784,
          "max" : 1971837,
          "mean" : 23141.159525,
          "stddev" : 10048.078822,
          "N" : 2486976
        },
        "clat_ns" : {
          "min" : 1873,
          "max" : 9308472,
          "mean" : 748688.820306,
          "stddev" : 170404.533624,
          "N" : 2487006,
          "percentile" : {
            "1.000000" : 518144,
            "5.000000" : 552960,
            "10.000000" : 577536,
            "20.000000" : 618496,
            "30.000000" : 651264,
            "40.000000" : 700416,
            "50.000000" : 749568,
            "60.000000" : 798720,
            "70.000000" : 839680,
            "80.000000" : 880640,
            "90.000000" : 913408,
            "95.000000" : 937984,
            "99.000000" : 987136,
            "99.500000" : 1003520,
            "99.900000" : 1036288,
            "99.950000" : 1056768,
            "99.990000" : 8978432
          }
        },
        "lat_ns" : {
          "min" : 17537,
          "max" : 9338018,
          "mean" : 771829.983696,
          "stddev" : 174669.311714,
          "N" : 2487006
        },
        "bw_min" : 5189376,
        "bw_max" : 5432320,
        "bw_agg" : 100.000000,
        "bw_mean" : 5308395.041667,
        "bw_dev" : 49347.181228,
        "bw_samples" : 120,
        "iops_min" : 40542,
        "iops_max" : 42440,
        "iops_mean" : 41471.716667,
        "iops_stddev" : 385.500399,
        "iops_samples" : 120
      },
      "write" : {
        "io_bytes" : 0,
        "io_kbytes" : 0,
        "bw_bytes" : 0,
        "bw" : 0,
        "iops" : 0.000000,
        "runtime" : 0,
        "total_ios" : 0,
        "short_ios" : 0,
        "drop_ios" : 0,
        "slat_ns" : {
          "min" : 0,
          "max" : 0,
          "mean" : 0.000000,
          "stddev" : 0.000000,
          "N" : 0
        },
        "clat_ns" : {
          "min" : 0,
          "max" : 0,
          "mean" : 0.000000,
          "stddev" : 0.000000,
          "N" : 0
        },
        "lat_ns" : {
          "min" : 0,
          "max" : 0,
          "mean" : 0.000000,
          "stddev" : 0.000000,
          "N" : 0
        },
        "bw_min" : 0,
        "bw_max" : 0,
        "bw_agg" : 0.000000,
        "bw_mean" : 0.000000,
        "bw_dev" : 0.000000,
        "bw_samples" : 0,
        "iops_min" : 0,
        "iops_max" : 0,
        "iops_mean" : 0.000000,
        "iops_stddev" : 0.000000,
        "iops_samples" : 0
      },
      "trim" : {
        "io_bytes" : 0,
        "io_kbytes" : 0,
        "bw_bytes" : 0,
        "bw" : 0,
        "iops" : 0.000000,
        "runtime" : 0,
        "total_ios" : 0,
        "short_ios" : 0,
        "drop_ios" : 0,
        "slat_ns" : {
          "min" : 0,
          "max" : 0,
          "mean" : 0.000000,
          "stddev" : 0.000000,
          "N" : 0
        },
        "clat_ns" : {
          "min" : 0,
          "max" : 0,
          "mean" : 0.000000,
          "stddev" : 0.000000,
          "N" : 0
        },
        "lat_ns" : {
          "min" : 0,
          "max" : 0,
          "mean" : 0.000000,
          "stddev" : 0.000000,
          "N" : 0
        },
        "bw_min" : 0,
        "bw_max" : 0,
        "bw_agg" : 0.000000,
        "bw_mean" : 0.000000,
        "bw_dev" : 0.000000,
        "bw_samples" : 0,
        "iops_min" : 0,
        "iops_max" : 0,
        "iops_mean" : 0.000000,
        "iops_stddev" : 0.000000,
        "iops_samples" : 0
      },
      "sync" : {
        "total_ios" : 0,
        "lat_ns" : {
          "min" : 0,
          "max" : 0,
          "mean" : 0.000000,
          "stddev" : 0.000000,
          "N" : 0
        }
      },
      "job_runtime" : 60000,
      "usr_cpu" : 3.043333,
      "sys_cpu" : 96.585000,
      "ctx" : 23014,
      "majf" : 0,
      "minf" : 41,
      "iodepth_level" : {
        "1" : 0.000000,
        "2" : 0.000000,
        "4" : 0.000000,
        "8" : 0.000000,
        "16" : 0.000000,
        "32" : 100.000000,
        ">=64" : 0.000000
      },
      "iodepth_submit" : {
        "0" : 0.000000,
        "4" : 100.000000,
        "8" : 0.000000,
        "16" : 0.000000,
        "32" : 0.000000,
        "64" : 0.000000,
        ">=64" : 0.000000
      },
      "iodepth_complete" : {
        "0" : 0.000000,
        "4" : 99.999960,
        "8" : 0.000000,
        "16" : 0.000000,
        "32" : 0.100000,
        "64" : 0.000000,
        ">=64" : 0.000000
      },
      "latency_ns" : {
        "2" : 0.000000,
        "4" : 0.000000,
        "10" : 0.000000,
        "20" : 0.000000,
        "50" : 0.000000,
        "100" : 0.000000,
        "250" : 0.000000,
        "500" : 0.000000,
        "750" : 0.000000,
        "1000" : 0.000000
      },
      "latency_us" : {
        "2" : 0.010000,
        "4" : 0.000000,
        "10" : 0.000000,
        "20" : 0.010000,
        "50" : 0.010000,
        "100" : 0.010000,
        "250" : 0.010000,
        "500" : 0.314881,
        "750" : 50.420249,
        "1000" : 48.725580
      },
      "latency_ms" : {
        "2" : 0.513234,
        "4" : 0.010000,
        "10" : 0.023120,
        "20" : 0.000000,
        "50" : 0.000000,
        "100" : 0.000000,
        "250" : 0.000000,
        "500" : 0.000000,
        "750" : 0.000000,
        "1000" : 0.000000,
        "2000" : 0.000000,
        ">=2000" : 0.000000
      },
      "latency_depth" : 32,
      "latency_target" : 0,
      "latency_percentile" : 100.000000,
      "latency_window" : 0
    }
  ]
}
