{
  "fio version" : "fio-3.36",
  "timestamp" : 1768538755,
  "timestamp_ms" : 1768538755879,
  "time" : "Fri Jan 16 13:45:55 2026",
  "jobs" : [
    {
      "jobname" : "zfs_raidz1_write",
      "groupid" : 0,
      "job_start" : 1768538695842,
      "error" : 0,
      "eta" : 0,
      "elapsed" : 66,
      "job options" : {
        "name" : "zfs_raidz1_write",
        "directory" : "/mnt/zfs_test/raidz1",
        "ioengine" : "libaio",
        "direct" : "1",
        "rw" : "write",
        "bs" : "1m",
        "size" : "5G",
        "numjobs" : "1",
        "iodepth" : "32",
        "runtime" : "60",
        "ramp_time" : "5"
      },
      "read" : {
        "io_bytes" : 0,
        "io_kbytes" : 0,
        "bw_bytes" : 0,
        "bw" : 0,
        "iops" : 0.000000,
        "runtime" : 0,
        "total_ios" : 0,
        "short_ios" : 0,
        "drop_ios" : 0,
        "slat_ns" : {
          "min" : 0,
          "max" : 0,
          "mean" : 0.000000,
          "stddev" : 0.000000,
          "N" : 0
        },
        "clat_ns" : {
          "min" : 0,
          "max" : 0,
          "mean" : 0.000000,
          "stddev" : 0.000000,
          "N" : 0
        },
        "lat_ns" : {
          "min" : 0,
          "max" : 0,
          "mean" : 0.000000,
          "stddev" : 0.000000,
          "N" : 0
        },
        "bw_min" : 0,
        "bw_max" : 0,
        "bw_agg" : 0.000000,
        "bw_mean" : 0.000000,
        "bw_dev" : 0.000000,
        "bw_samples" : 0,
        "iops_min" : 0,
        "iops_max" : 0,
        "iops_mean" : 0.000000,
        "iops_stddev" : 0.000000,
        "iops_samples" : 0
      },
      "write" : {
        "io_bytes" : 226524921856,
        "io_kbytes" : 221215744,
        "bw_bytes" : 3775352441,
        "bw" : 3686867,
        "iops" : 3599.923335,
        "runtime" : 60001,
        "total_ios" : 215999,
        "short_ios" : 0,
        "drop_ios" : 0,
        "slat_ns" : {
          "min" : 122646,
          "max" : 1016269,
          "mean" : 276276.604241,
          "stddev" : 117056.736704,
          "N" : 216000
        },
        "clat_ns" : {
          "min" : 3886,
          "max" : 24254947,
          "mean" : 8611789.931718,
          "stddev" : 2922244.545143,
          "N" : 216030,
          "percentile" : {
            "1.000000" : 5079040,
            "5.000000" : 5275648,
            "10.000000" : 5472256,
            "20.000000" : 5734400,
            "30.000000" : 6062080,
            "40.000000" : 6586368,
            "50.000000" : 8028160,
            "60.000000" : 9502720,
            "70.000000" : 10420224,
            "80.000000" : 11468800,
            "90.000000" : 12910592,
            "95.000000" : 13828096,
            "99.000000" : 15007744,
            "99.500000" : 15400960,
            "99.900000" : 16056320,
            "99.950000" : 16449536,
            "99.990000" : 21102592
          }
        },
        "lat_ns" : {
          "min" : 458634,
          "max" : 25107358,
          "mean" : 8888078.927404,
          "stddev" : 3012594.320583,
          "N" : 216030
        },
        "bw_min" : 3426304,
        "bw_max" : 4186112,
        "bw_agg" : 100.000000,
        "bw_mean" : 3687972.450000,
        "bw_dev" : 144670.459510,
        "bw_samples" : 120,
        "iops_min" : 3346,
        "iops_max" : 4088,
        "iops_mean" : 3601.450000,
        "iops_stddev" : 141.282948,
        "iops_samples" : 120
      },
      "trim" : {
        "io_bytes" : 0,
        "io_kbytes" : 0,
        "bw_bytes" : 0,
        "bw" : 0,
        "iops" : 0.000000,
        "runtime" : 0,
        "total_ios" : 0,
        "short_ios" : 0,
        "drop_ios" : 0,
        "slat_ns" : {
          "min" : 0,
          "max" : 0,
          "mean" : 0.000000,
          "stddev" : 0.000000,
          "N" : 0
        },
        "clat_ns" : {
          "min" : 0,
          "max" : 0,
          "mean" : 0.000000,
          "stddev" : 0.000000,
          "N" : 0
        },
        "lat_ns" : {
          "min" : 0,
          "max" : 0,
          "mean" : 0.000000,
          "stddev" : 0.000000,
          "N" : 0
        },
        "bw_min" : 0,
        "bw_max" : 0,
        "bw_agg" : 0.000000,
        "bw_mean" : 0.000000,
        "bw_dev" : 0.000000,
        "bw_samples" : 0,
        "iops_min" : 0,
        "iops_max" : 0,
        "iops_mean" : 0.000000,
        "iops_stddev" : 0.000000,
        "iops_samples" : 0
      },
      "sync" : {
        "total_ios" : 0,
        "lat_ns" : {
          "min" : 0,
          "max" : 0,
          "mean" : 0.000000,
          "stddev" : 0.000000,
          "N" : 0
        }
      },
      "job_runtime" : 60000,
      "usr_cpu" : 6.196667,
      "sys_cpu" : 93.048333,
      "ctx" : 23605,
      "majf" : 0,
      "minf" : 42,
      "iodepth_level" : {
        "1" : 0.000000,
        "2" : 0.000000,
        "4" : 0.000000,
        "8" : 0.000000,
        "16" : 0.000000,
        "32" : 100.000000,
        ">=64" : 0.000000
      },
      "iodepth_submit" : {
        "0" : 0.000000,
        "4" : 100.000000,
        "8" : 0.000000,
        "16" : 0.000000,
        "32" : 0.000000,
        "64" : 0.000000,
        ">=64" : 0.000000
      },
      "iodepth_complete" : {
        "0" : 0.000000,
        "4" : 99.999537,
        "8" : 0.000000,
        "16" : 0.000000,
        "32" : 0.100000,
        "64" : 0.000000,
        ">=64" : 0.000000
      },
      "latency_ns" : {
        "2" : 0.000000,
        "4" : 0.000000,
        "10" : 0.000000,
        "20" : 0.000000,
        "50" : 0.000000,
        "100" : 0.000000,
        "250" : 0.000000,
        "500" : 0.000000,
        "750" : 0.000000,
        "1000" : 0.000000
      },
      "latency_us" : {
        "2" : 0.000000,
        "4" : 0.010000,
        "10" : 0.000000,
        "20" : 0.000000,
        "50" : 0.000000,
        "100" : 0.000000,
        "250" : 0.000000,
        "500" : 0.010000,
        "750" : 0.000000,
        "1000" : 0.000000
      },
      "latency_ms" : {
        "2" : 0.010000,
        "4" : 0.010000,
        "10" : 65.379932,
        "20" : 34.615438,
        "50" : 0.014352,
        "100" : 0.000000,
        "250" : 0.000000,
        "500" : 0.000000,
        "750" : 0.000000,
        "1000" : 0.000000,
        "2000" : 0.000000,
        ">=2000" : 0.000000
      },
      "latency_depth" : 32,
      "latency_target" : 0,
      "latency_percentile" : 100.000000,
      "latency_window" : 0
    }
  ]
}
