{
  "fio version" : "fio-3.36",
  "timestamp" : 1768540257,
  "timestamp_ms" : 1768540257681,
  "time" : "Fri Jan 16 14:10:57 2026",
  "jobs" : [
    {
      "jobname" : "zfs_mirror_write",
      "groupid" : 0,
      "job_start" : 1768540197642,
      "error" : 0,
      "eta" : 0,
      "elapsed" : 66,
      "job options" : {
        "name" : "zfs_mirror_write",
        "directory" : "/mnt/zfs_test/mirror",
        "ioengine" : "libaio",
        "direct" : "1",
        "rw" : "write",
        "bs" : "128k",
        "size" : "5G",
        "numjobs" : "1",
        "iodepth" : "32",
        "runtime" : "60",
        "ramp_time" : "5"
      },
      "read" : {
        "io_bytes" : 0,
        "io_kbytes" : 0,
        "bw_bytes" : 0,
        "bw" : 0,
        "iops" : 0.000000,
        "runtime" : 0,
        "total_ios" : 0,
        "short_ios" : 0,
        "drop_ios" : 0,
        "slat_ns" : {
          "min" : 0,
          "max" : 0,
          "mean" : 0.000000,
          "stddev" : 0.000000,
          "N" : 0
        },
        "clat_ns" : {
          "min" : 0,
          "max" : 0,
          "mean" : 0.000000,
          "stddev" : 0.000000,
          "N" : 0
        },
        "lat_ns" : {
          "min" : 0,
          "max" : 0,
          "mean" : 0.000000,
          "stddev" : 0.000000,
          "N" : 0
        },
        "bw_min" : 0,
        "bw_max" : 0,
        "bw_agg" : 0.000000,
        "bw_mean" : 0.000000,
        "bw_dev" : 0.000000,
        "bw_samples" : 0,
        "iops_min" : 0,
        "iops_max" : 0,
        "iops_mean" : 0.000000,
        "iops_stddev" : 0.000000,
        "iops_samples" : 0
      },
      "write" : {
        "io_bytes" : 97584545792,
        "io_kbytes" : 95297408,
        "bw_bytes" : 1626381990,
        "bw" : 1588263,
        "iops" : 12407.776537,
        "runtime" : 60001,
        "total_ios" : 744479,
        "short_ios" : 0,
        "drop_ios" : 0,
        "slat_ns" : {
          "min" : 16405,
          "max" : 4995208,
          "mean" : 78760.070037,
          "stddev" : 52651.508168,
          "N" : 744480
        },
        "clat_ns" : {
          "min" : 2714,
          "max" : 11405249,
          "mean" : 2499746.527292,
          "stddev" : 1025437.287514,
          "N" : 744510,
          "percentile" : {
            "1.000000" : 782336,
            "5.000000" : 1204224,
            "10.000000" : 1400832,
            "20.000000" : 1548288,
            "30.000000" : 1777664,
            "40.000000" : 2056192,
            "50.000000" : 2310144,
            "60.000000" : 2637824,
            "70.000000" : 2932736,
            "80.000000" : 3391488,
            "90.000000" : 4046848,
            "95.000000" : 4489216,
            "99.000000" : 4882432,
            "99.500000" : 5013504,
            "99.900000" : 6062080,
            "99.950000" : 9371648,
            "99.990000" : 10420224
          }
        },
        "lat_ns" : {
          "min" : 139661,
          "max" : 11505281,
          "mean" : 2578504.378225,
          "stddev" : 1052277.853183,
          "N" : 744510
        },
        "bw_min" : 1291264,
        "bw_max" : 3773563,
        "bw_agg" : 100.000000,
        "bw_mean" : 1588795.408333,
        "bw_dev" : 302447.903814,
        "bw_samples" : 120,
        "iops_min" : 10088,
        "iops_max" : 29480,
        "iops_mean" : 12412.366667,
        "iops_stddev" : 2362.826021,
        "iops_samples" : 120
      },
      "trim" : {
        "io_bytes" : 0,
        "io_kbytes" : 0,
        "bw_bytes" : 0,
        "bw" : 0,
        "iops" : 0.000000,
        "runtime" : 0,
        "total_ios" : 0,
        "short_ios" : 0,
        "drop_ios" : 0,
        "slat_ns" : {
          "min" : 0,
          "max" : 0,
          "mean" : 0.000000,
          "stddev" : 0.000000,
          "N" : 0
        },
        "clat_ns" : {
          "min" : 0,
          "max" : 0,
          "mean" : 0.000000,
          "stddev" : 0.000000,
          "N" : 0
        },
        "lat_ns" : {
          "min" : 0,
          "max" : 0,
          "mean" : 0.000000,
          "stddev" : 0.000000,
          "N" : 0
        },
        "bw_min" : 0,
        "bw_max" : 0,
        "bw_agg" : 0.000000,
        "bw_mean" : 0.000000,
        "bw_dev" : 0.000000,
        "bw_samples" : 0,
        "iops_min" : 0,
        "iops_max" : 0,
        "iops_mean" : 0.000000,
        "iops_stddev" : 0.000000,
        "iops_samples" : 0
      },
      "sync" : {
        "total_ios" : 0,
        "lat_ns" : {
          "min" : 0,
          "max" : 0,
          "mean" : 0.000000,
          "stddev" : 0.000000,
          "N" : 0
        }
      },
      "job_runtime" : 60000,
      "usr_cpu" : 3.725000,
      "sys_cpu" : 54.908333,
      "ctx" : 256057,
      "majf" : 0,
      "minf" : 74,
      "iodepth_level" : {
        "1" : 0.000000,
        "2" : 0.000000,
        "4" : 0.000000,
        "8" : 0.000000,
        "16" : 0.000000,
        "32" : 100.000000,
        ">=64" : 0.000000
      },
      "iodepth_submit" : {
        "0" : 0.000000,
        "4" : 100.000000,
        "8" : 0.000000,
        "16" : 0.000000,
        "32" : 0.000000,
        "64" : 0.000000,
        ">=64" : 0.000000
      },
      "iodepth_complete" : {
        "0" : 0.000000,
        "4" : 99.999866,
        "8" : 0.000000,
        "16" : 0.000000,
        "32" : 0.100000,
        "64" : 0.000000,
        ">=64" : 0.000000
      },
      "latency_ns" : {
        "2" : 0.000000,
        "4" : 0.000000,
        "10" : 0.000000,
        "20" : 0.000000,
        "50" : 0.000000,
        "100" : 0.000000,
        "250" : 0.000000,
        "500" : 0.000000,
        "750" : 0.000000,
        "1000" : 0.000000
      },
      "latency_us" : {
        "2" : 0.000000,
        "4" : 0.010000,
        "10" : 0.000000,
        "20" : 0.000000,
        "50" : 0.000000,
        "100" : 0.000000,
        "250" : 0.010000,
        "500" : 0.010000,
        "750" : 0.420697,
        "1000" : 3.316413
      },
      "latency_ms" : {
        "2" : 34.298483,
        "4" : 51.590172,
        "10" : 10.355161,
        "20" : 0.022566,
        "50" : 0.000000,
        "100" : 0.000000,
        "250" : 0.000000,
        "500" : 0.000000,
        "750" : 0.000000,
        "1000" : 0.000000,
        "2000" : 0.000000,
        ">=2000" : 0.000000
      },
      "latency_depth" : 32,
      "latency_target" : 0,
      "latency_percentile" : 100.000000,
      "latency_window" : 0
    }
  ]
}
