{
  "fio version" : "fio-3.36",
  "timestamp" : 1768540669,
  "timestamp_ms" : 1768540669081,
  "time" : "Fri Jan 16 14:17:49 2026",
  "jobs" : [
    {
      "jobname" : "zfs_mirror_write",
      "groupid" : 0,
      "job_start" : 1768540609042,
      "error" : 0,
      "eta" : 0,
      "elapsed" : 66,
      "job options" : {
        "name" : "zfs_mirror_write",
        "directory" : "/mnt/zfs_test/mirror",
        "ioengine" : "libaio",
        "direct" : "1",
        "rw" : "write",
        "bs" : "1m",
        "size" : "10G",
        "numjobs" : "1",
        "iodepth" : "32",
        "runtime" : "60",
        "ramp_time" : "5"
      },
      "read" : {
        "io_bytes" : 0,
        "io_kbytes" : 0,
        "bw_bytes" : 0,
        "bw" : 0,
        "iops" : 0.000000,
        "runtime" : 0,
        "total_ios" : 0,
        "short_ios" : 0,
        "drop_ios" : 0,
        "slat_ns" : {
          "min" : 0,
          "max" : 0,
          "mean" : 0.000000,
          "stddev" : 0.000000,
          "N" : 0
        },
        "clat_ns" : {
          "min" : 0,
          "max" : 0,
          "mean" : 0.000000,
          "stddev" : 0.000000,
          "N" : 0
        },
        "lat_ns" : {
          "min" : 0,
          "max" : 0,
          "mean" : 0.000000,
          "stddev" : 0.000000,
          "N" : 0
        },
        "bw_min" : 0,
        "bw_max" : 0,
        "bw_agg" : 0.000000,
        "bw_mean" : 0.000000,
        "bw_dev" : 0.000000,
        "bw_samples" : 0,
        "iops_min" : 0,
        "iops_max" : 0,
        "iops_mean" : 0.000000,
        "iops_stddev" : 0.000000,
        "iops_samples" : 0
      },
      "write" : {
        "io_bytes" : 100186193920,
        "io_kbytes" : 97838080,
        "bw_bytes" : 1669742069,
        "bw" : 1630607,
        "iops" : 1591.856802,
        "runtime" : 60001,
        "total_ios" : 95513,
        "short_ios" : 0,
        "drop_ios" : 0,
        "slat_ns" : {
          "min" : 148014,
          "max" : 1472601,
          "mean" : 625088.172561,
          "stddev" : 111821.501661,
          "N" : 95514
        },
        "clat_ns" : {
          "min" : 4898,
          "max" : 29024142,
          "mean" : 19470782.222086,
          "stddev" : 3208016.694511,
          "N" : 95544,
          "percentile" : {
            "1.000000" : 6717440,
            "5.000000" : 15138816,
            "10.000000" : 15925248,
            "20.000000" : 17170432,
            "30.000000" : 18743296,
            "40.000000" : 19791872,
            "50.000000" : 20578304,
            "60.000000" : 21102592,
            "70.000000" : 21364736,
            "80.000000" : 21626880,
            "90.000000" : 22151168,
            "95.000000" : 22675456,
            "99.000000" : 23461888,
            "99.500000" : 23986176,
            "99.900000" : 25559040,
            "99.950000" : 27131904,
            "99.990000" : 28966912
          }
        },
        "lat_ns" : {
          "min" : 516555,
          "max" : 29751174,
          "mean" : 20095738.697658,
          "stddev" : 3310113.738034,
          "N" : 95544
        },
        "bw_min" : 1357824,
        "bw_max" : 4192448,
        "bw_agg" : 99.909390,
        "bw_mean" : 1629130.949580,
        "bw_dev" : 352501.575411,
        "bw_samples" : 119,
        "iops_min" : 1326,
        "iops_max" : 4094,
        "iops_mean" : 1590.823529,
        "iops_stddev" : 344.254184,
        "iops_samples" : 119
      },
      "trim" : {
        "io_bytes" : 0,
        "io_kbytes" : 0,
        "bw_bytes" : 0,
        "bw" : 0,
        "iops" : 0.000000,
        "runtime" : 0,
        "total_ios" : 0,
        "short_ios" : 0,
        "drop_ios" : 0,
        "slat_ns" : {
          "min" : 0,
          "max" : 0,
          "mean" : 0.000000,
          "stddev" : 0.000000,
          "N" : 0
        },
        "clat_ns" : {
          "min" : 0,
          "max" : 0,
          "mean" : 0.000000,
          "stddev" : 0.000000,
          "N" : 0
        },
        "lat_ns" : {
          "min" : 0,
          "max" : 0,
          "mean" : 0.000000,
          "stddev" : 0.000000,
          "N" : 0
        },
        "bw_min" : 0,
        "bw_max" : 0,
        "bw_agg" : 0.000000,
        "bw_mean" : 0.000000,
        "bw_dev" : 0.000000,
        "bw_samples" : 0,
        "iops_min" : 0,
        "iops_max" : 0,
        "iops_mean" : 0.000000,
        "iops_stddev" : 0.000000,
        "iops_samples" : 0
      },
      "sync" : {
        "total_ios" : 0,
        "lat_ns" : {
          "min" : 0,
          "max" : 0,
          "mean" : 0.000000,
          "stddev" : 0.000000,
          "N" : 0
        }
      },
      "job_runtime" : 60000,
      "usr_cpu" : 4.078333,
      "sys_cpu" : 40.073333,
      "ctx" : 94801,
      "majf" : 0,
      "minf" : 43,
      "iodepth_level" : {
        "1" : 0.000000,
        "2" : 0.000000,
        "4" : 0.000000,
        "8" : 0.000000,
        "16" : 0.000000,
        "32" : 100.000000,
        ">=64" : 0.000000
      },
      "iodepth_submit" : {
        "0" : 0.000000,
        "4" : 100.000000,
        "8" : 0.000000,
        "16" : 0.000000,
        "32" : 0.000000,
        "64" : 0.000000,
        ">=64" : 0.000000
      },
      "iodepth_complete" : {
        "0" : 0.000000,
        "4" : 99.998953,
        "8" : 0.000000,
        "16" : 0.000000,
        "32" : 0.100000,
        "64" : 0.000000,
        ">=64" : 0.000000
      },
      "latency_ns" : {
        "2" : 0.000000,
        "4" : 0.000000,
        "10" : 0.000000,
        "20" : 0.000000,
        "50" : 0.000000,
        "100" : 0.000000,
        "250" : 0.000000,
        "500" : 0.000000,
        "750" : 0.000000,
        "1000" : 0.000000
      },
      "latency_us" : {
        "2" : 0.000000,
        "4" : 0.000000,
        "10" : 0.010000,
        "20" : 0.000000,
        "50" : 0.000000,
        "100" : 0.000000,
        "250" : 0.000000,
        "500" : 0.000000,
        "750" : 0.010000,
        "1000" : 0.000000
      },
      "latency_ms" : {
        "2" : 0.010000,
        "4" : 0.010000,
        "10" : 3.531456,
        "20" : 37.425272,
        "50" : 59.067352,
        "100" : 0.000000,
        "250" : 0.000000,
        "500" : 0.000000,
        "750" : 0.000000,
        "1000" : 0.000000,
        "2000" : 0.000000,
        ">=2000" : 0.000000
      },
      "latency_depth" : 32,
      "latency_target" : 0,
      "latency_percentile" : 100.000000,
      "latency_window" : 0
    }
  ]
}
