{
  "fio version" : "fio-3.36",
  "timestamp" : 1768539780,
  "timestamp_ms" : 1768539780018,
  "time" : "Fri Jan 16 14:03:00 2026",
  "jobs" : [
    {
      "jobname" : "zfs_raidz2_read",
      "groupid" : 0,
      "job_start" : 1768539719980,
      "error" : 0,
      "eta" : 0,
      "elapsed" : 66,
      "job options" : {
        "name" : "zfs_raidz2_read",
        "directory" : "/mnt/zfs_test/raidz2",
        "ioengine" : "libaio",
        "direct" : "1",
        "rw" : "read",
        "bs" : "128k",
        "size" : "10G",
        "numjobs" : "1",
        "iodepth" : "32",
        "runtime" : "60",
        "ramp_time" : "5"
      },
      "read" : {
        "io_bytes" : 281120735232,
        "io_kbytes" : 274531968,
        "bw_bytes" : 4685267499,
        "bw" : 4575456,
        "iops" : 35745.220913,
        "runtime" : 60001,
        "total_ios" : 2144749,
        "short_ios" : 0,
        "drop_ios" : 0,
        "slat_ns" : {
          "min" : 11477,
          "max" : 235416,
          "mean" : 26981.219799,
          "stddev" : 4339.767486,
          "N" : 2144750
        },
        "clat_ns" : {
          "min" : 2474,
          "max" : 1134509,
          "mean" : 868030.710685,
          "stddev" : 29802.498631,
          "N" : 2144780,
          "percentile" : {
            "1.000000" : 815104,
            "5.000000" : 823296,
            "10.000000" : 831488,
            "20.000000" : 847872,
            "30.000000" : 847872,
            "40.000000" : 856064,
            "50.000000" : 864256,
            "60.000000" : 872448,
            "70.000000" : 880640,
            "80.000000" : 888832,
            "90.000000" : 905216,
            "95.000000" : 921600,
            "99.000000" : 962560,
            "99.500000" : 970752,
            "99.900000" : 995328,
            "99.950000" : 1011712,
            "99.990000" : 1056768
          }
        },
        "lat_ns" : {
          "min" : 25529,
          "max" : 1163833,
          "mean" : 895011.950433,
          "stddev" : 30411.566515,
          "N" : 2144780
        },
        "bw_min" : 4504832,
        "bw_max" : 4661760,
        "bw_agg" : 100.000000,
        "bw_mean" : 4577500.425000,
        "bw_dev" : 46483.326788,
        "bw_samples" : 120,
        "iops_min" : 35194,
        "iops_max" : 36420,
        "iops_mean" : 35761.625000,
        "iops_stddev" : 363.101997,
        "iops_samples" : 120
      },
      "write" : {
        "io_bytes" : 0,
        "io_kbytes" : 0,
        "bw_bytes" : 0,
        "bw" : 0,
        "iops" : 0.000000,
        "runtime" : 0,
        "total_ios" : 0,
        "short_ios" : 0,
        "drop_ios" : 0,
        "slat_ns" : {
          "min" : 0,
          "max" : 0,
          "mean" : 0.000000,
          "stddev" : 0.000000,
          "N" : 0
        },
        "clat_ns" : {
          "min" : 0,
          "max" : 0,
          "mean" : 0.000000,
          "stddev" : 0.000000,
          "N" : 0
        },
        "lat_ns" : {
          "min" : 0,
          "max" : 0,
          "mean" : 0.000000,
          "stddev" : 0.000000,
          "N" : 0
        },
        "bw_min" : 0,
        "bw_max" : 0,
        "bw_agg" : 0.000000,
        "bw_mean" : 0.000000,
        "bw_dev" : 0.000000,
        "bw_samples" : 0,
        "iops_min" : 0,
        "iops_max" : 0,
        "iops_mean" : 0.000000,
        "iops_stddev" : 0.000000,
        "iops_samples" : 0
      },
      "trim" : {
        "io_bytes" : 0,
        "io_kbytes" : 0,
        "bw_bytes" : 0,
        "bw" : 0,
        "iops" : 0.000000,
        "runtime" : 0,
        "total_ios" : 0,
        "short_ios" : 0,
        "drop_ios" : 0,
        "slat_ns" : {
          "min" : 0,
          "max" : 0,
          "mean" : 0.000000,
          "stddev" : 0.000000,
          "N" : 0
        },
        "clat_ns" : {
          "min" : 0,
          "max" : 0,
          "mean" : 0.000000,
          "stddev" : 0.000000,
          "N" : 0
        },
        "lat_ns" : {
          "min" : 0,
          "max" : 0,
          "mean" : 0.000000,
          "stddev" : 0.000000,
          "N" : 0
        },
        "bw_min" : 0,
        "bw_max" : 0,
        "bw_agg" : 0.000000,
        "bw_mean" : 0.000000,
        "bw_dev" : 0.000000,
        "bw_samples" : 0,
        "iops_min" : 0,
        "iops_max" : 0,
        "iops_mean" : 0.000000,
        "iops_stddev" : 0.000000,
        "iops_samples" : 0
      },
      "sync" : {
        "total_ios" : 0,
        "lat_ns" : {
          "min" : 0,
          "max" : 0,
          "mean" : 0.000000,
          "stddev" : 0.000000,
          "N" : 0
        }
      },
      "job_runtime" : 60000,
      "usr_cpu" : 2.638333,
      "sys_cpu" : 97.001667,
      "ctx" : 23007,
      "majf" : 0,
      "minf" : 43,
      "iodepth_level" : {
        "1" : 0.000000,
        "2" : 0.000000,
        "4" : 0.000000,
        "8" : 0.000000,
        "16" : 0.000000,
        "32" : 100.000000,
        ">=64" : 0.000000
      },
      "iodepth_submit" : {
        "0" : 0.000000,
        "4" : 100.000000,
        "8" : 0.000000,
        "16" : 0.000000,
        "32" : 0.000000,
        "64" : 0.000000,
        ">=64" : 0.000000
      },
      "iodepth_complete" : {
        "0" : 0.000000,
        "4" : 99.999953,
        "8" : 0.000000,
        "16" : 0.000000,
        "32" : 0.100000,
        "64" : 0.000000,
        ">=64" : 0.000000
      },
      "latency_ns" : {
        "2" : 0.000000,
        "4" : 0.000000,
        "10" : 0.000000,
        "20" : 0.000000,
        "50" : 0.000000,
        "100" : 0.000000,
        "250" : 0.000000,
        "500" : 0.000000,
        "750" : 0.000000,
        "1000" : 0.000000
      },
      "latency_us" : {
        "2" : 0.000000,
        "4" : 0.010000,
        "10" : 0.000000,
        "20" : 0.000000,
        "50" : 0.010000,
        "100" : 0.010000,
        "250" : 0.010000,
        "500" : 0.010000,
        "750" : 0.010000,
        "1000" : 99.923208
      },
      "latency_ms" : {
        "2" : 0.077072,
        "4" : 0.000000,
        "10" : 0.000000,
        "20" : 0.000000,
        "50" : 0.000000,
        "100" : 0.000000,
        "250" : 0.000000,
        "500" : 0.000000,
        "750" : 0.000000,
        "1000" : 0.000000,
        "2000" : 0.000000,
        ">=2000" : 0.000000
      },
      "latency_depth" : 32,
      "latency_target" : 0,
      "latency_percentile" : 100.000000,
      "latency_window" : 0
    }
  ]
}
