{
  "fio version" : "fio-3.36",
  "timestamp" : 1768539024,
  "timestamp_ms" : 1768539024905,
  "time" : "Fri Jan 16 13:50:24 2026",
  "jobs" : [
    {
      "jobname" : "zfs_raidz1_write",
      "groupid" : 0,
      "job_start" : 1768538964859,
      "error" : 0,
      "eta" : 0,
      "elapsed" : 66,
      "job options" : {
        "name" : "zfs_raidz1_write",
        "directory" : "/mnt/zfs_test/raidz1",
        "ioengine" : "libaio",
        "direct" : "1",
        "rw" : "write",
        "bs" : "1m",
        "size" : "10G",
        "numjobs" : "1",
        "iodepth" : "32",
        "runtime" : "60",
        "ramp_time" : "5"
      },
      "read" : {
        "io_bytes" : 0,
        "io_kbytes" : 0,
        "bw_bytes" : 0,
        "bw" : 0,
        "iops" : 0.000000,
        "runtime" : 0,
        "total_ios" : 0,
        "short_ios" : 0,
        "drop_ios" : 0,
        "slat_ns" : {
          "min" : 0,
          "max" : 0,
          "mean" : 0.000000,
          "stddev" : 0.000000,
          "N" : 0
        },
        "clat_ns" : {
          "min" : 0,
          "max" : 0,
          "mean" : 0.000000,
          "stddev" : 0.000000,
          "N" : 0
        },
        "lat_ns" : {
          "min" : 0,
          "max" : 0,
          "mean" : 0.000000,
          "stddev" : 0.000000,
          "N" : 0
        },
        "bw_min" : 0,
        "bw_max" : 0,
        "bw_agg" : 0.000000,
        "bw_mean" : 0.000000,
        "bw_dev" : 0.000000,
        "bw_samples" : 0,
        "iops_min" : 0,
        "iops_max" : 0,
        "iops_mean" : 0.000000,
        "iops_stddev" : 0.000000,
        "iops_samples" : 0
      },
      "write" : {
        "io_bytes" : 222406115328,
        "io_kbytes" : 217193472,
        "bw_bytes" : 3706706810,
        "bw" : 3619830,
        "iops" : 3534.457759,
        "runtime" : 60001,
        "total_ios" : 212071,
        "short_ios" : 0,
        "drop_ios" : 0,
        "slat_ns" : {
          "min" : 122085,
          "max" : 1057191,
          "mean" : 281450.437535,
          "stddev" : 117032.353786,
          "N" : 212072
        },
        "clat_ns" : {
          "min" : 2654,
          "max" : 25128635,
          "mean" : 8771037.515879,
          "stddev" : 2909609.367773,
          "N" : 212102,
          "percentile" : {
            "1.000000" : 5472256,
            "5.000000" : 5668864,
            "10.000000" : 5799936,
            "20.000000" : 6062080,
            "30.000000" : 6258688,
            "40.000000" : 6651904,
            "50.000000" : 7962624,
            "60.000000" : 9502720,
            "70.000000" : 10420224,
            "80.000000" : 11468800,
            "90.000000" : 13041664,
            "95.000000" : 14352384,
            "99.000000" : 15663104,
            "99.500000" : 16056320,
            "99.900000" : 16908288,
            "99.950000" : 19005440,
            "99.990000" : 22413312
          }
        },
        "lat_ns" : {
          "min" : 473537,
          "max" : 25982188,
          "mean" : 9052488.307781,
          "stddev" : 2999095.175118,
          "N" : 212102
        },
        "bw_min" : 3360768,
        "bw_max" : 4141056,
        "bw_agg" : 100.000000,
        "bw_mean" : 3620865.025000,
        "bw_dev" : 157213.073338,
        "bw_samples" : 120,
        "iops_min" : 3282,
        "iops_max" : 4044,
        "iops_mean" : 3535.908333,
        "iops_stddev" : 153.541388,
        "iops_samples" : 120
      },
      "trim" : {
        "io_bytes" : 0,
        "io_kbytes" : 0,
        "bw_bytes" : 0,
        "bw" : 0,
        "iops" : 0.000000,
        "runtime" : 0,
        "total_ios" : 0,
        "short_ios" : 0,
        "drop_ios" : 0,
        "slat_ns" : {
          "min" : 0,
          "max" : 0,
          "mean" : 0.000000,
          "stddev" : 0.000000,
          "N" : 0
        },
        "clat_ns" : {
          "min" : 0,
          "max" : 0,
          "mean" : 0.000000,
          "stddev" : 0.000000,
          "N" : 0
        },
        "lat_ns" : {
          "min" : 0,
          "max" : 0,
          "mean" : 0.000000,
          "stddev" : 0.000000,
          "N" : 0
        },
        "bw_min" : 0,
        "bw_max" : 0,
        "bw_agg" : 0.000000,
        "bw_mean" : 0.000000,
        "bw_dev" : 0.000000,
        "bw_samples" : 0,
        "iops_min" : 0,
        "iops_max" : 0,
        "iops_mean" : 0.000000,
        "iops_stddev" : 0.000000,
        "iops_samples" : 0
      },
      "sync" : {
        "total_ios" : 0,
        "lat_ns" : {
          "min" : 0,
          "max" : 0,
          "mean" : 0.000000,
          "stddev" : 0.000000,
          "N" : 0
        }
      },
      "job_runtime" : 60000,
      "usr_cpu" : 7.821667,
      "sys_cpu" : 91.413333,
      "ctx" : 23598,
      "majf" : 0,
      "minf" : 41,
      "iodepth_level" : {
        "1" : 0.000000,
        "2" : 0.000000,
        "4" : 0.000000,
        "8" : 0.000000,
        "16" : 0.000000,
        "32" : 100.000000,
        ">=64" : 0.000000
      },
      "iodepth_submit" : {
        "0" : 0.000000,
        "4" : 100.000000,
        "8" : 0.000000,
        "16" : 0.000000,
        "32" : 0.000000,
        "64" : 0.000000,
        ">=64" : 0.000000
      },
      "iodepth_complete" : {
        "0" : 0.000000,
        "4" : 99.999528,
        "8" : 0.000000,
        "16" : 0.000000,
        "32" : 0.100000,
        "64" : 0.000000,
        ">=64" : 0.000000
      },
      "latency_ns" : {
        "2" : 0.000000,
        "4" : 0.000000,
        "10" : 0.000000,
        "20" : 0.000000,
        "50" : 0.000000,
        "100" : 0.000000,
        "250" : 0.000000,
        "500" : 0.000000,
        "750" : 0.000000,
        "1000" : 0.000000
      },
      "latency_us" : {
        "2" : 0.000000,
        "4" : 0.010000,
        "10" : 0.000000,
        "20" : 0.000000,
        "50" : 0.000000,
        "100" : 0.000000,
        "250" : 0.000000,
        "500" : 0.010000,
        "750" : 0.000000,
        "1000" : 0.010000
      },
      "latency_ms" : {
        "2" : 0.010000,
        "4" : 0.010000,
        "10" : 65.476656,
        "20" : 34.494580,
        "50" : 0.039138,
        "100" : 0.000000,
        "250" : 0.000000,
        "500" : 0.000000,
        "750" : 0.000000,
        "1000" : 0.000000,
        "2000" : 0.000000,
        ">=2000" : 0.000000
      },
      "latency_depth" : 32,
      "latency_target" : 0,
      "latency_percentile" : 100.000000,
      "latency_window" : 0
    }
  ]
}
