{
  "fio version" : "fio-3.36",
  "timestamp" : 1768538622,
  "timestamp_ms" : 1768538622460,
  "time" : "Fri Jan 16 13:43:42 2026",
  "jobs" : [
    {
      "jobname" : "zfs_raidz1_write",
      "groupid" : 0,
      "job_start" : 1768538562430,
      "error" : 0,
      "eta" : 0,
      "elapsed" : 66,
      "job options" : {
        "name" : "zfs_raidz1_write",
        "directory" : "/mnt/zfs_test/raidz1",
        "ioengine" : "libaio",
        "direct" : "1",
        "rw" : "write",
        "bs" : "128k",
        "size" : "5G",
        "numjobs" : "1",
        "iodepth" : "32",
        "runtime" : "60",
        "ramp_time" : "5"
      },
      "read" : {
        "io_bytes" : 0,
        "io_kbytes" : 0,
        "bw_bytes" : 0,
        "bw" : 0,
        "iops" : 0.000000,
        "runtime" : 0,
        "total_ios" : 0,
        "short_ios" : 0,
        "drop_ios" : 0,
        "slat_ns" : {
          "min" : 0,
          "max" : 0,
          "mean" : 0.000000,
          "stddev" : 0.000000,
          "N" : 0
        },
        "clat_ns" : {
          "min" : 0,
          "max" : 0,
          "mean" : 0.000000,
          "stddev" : 0.000000,
          "N" : 0
        },
        "lat_ns" : {
          "min" : 0,
          "max" : 0,
          "mean" : 0.000000,
          "stddev" : 0.000000,
          "N" : 0
        },
        "bw_min" : 0,
        "bw_max" : 0,
        "bw_agg" : 0.000000,
        "bw_mean" : 0.000000,
        "bw_dev" : 0.000000,
        "bw_samples" : 0,
        "iops_min" : 0,
        "iops_max" : 0,
        "iops_mean" : 0.000000,
        "iops_stddev" : 0.000000,
        "iops_samples" : 0
      },
      "write" : {
        "io_bytes" : 194084339712,
        "io_kbytes" : 189535488,
        "bw_bytes" : 3234685083,
        "bw" : 3158872,
        "iops" : 24678.155364,
        "runtime" : 60001,
        "total_ios" : 1480714,
        "short_ios" : 0,
        "drop_ios" : 0,
        "slat_ns" : {
          "min" : 16495,
          "max" : 3168361,
          "mean" : 39500.097301,
          "stddev" : 27972.801036,
          "N" : 1480715
        },
        "clat_ns" : {
          "min" : 2143,
          "max" : 10790430,
          "mean" : 1256908.916426,
          "stddev" : 477219.839261,
          "N" : 1480745,
          "percentile" : {
            "1.000000" : 782336,
            "5.000000" : 815104,
            "10.000000" : 831488,
            "20.000000" : 872448,
            "30.000000" : 913408,
            "40.000000" : 954368,
            "50.000000" : 1036288,
            "60.000000" : 1236992,
            "70.000000" : 1466368,
            "80.000000" : 1695744,
            "90.000000" : 1974272,
            "95.000000" : 2179072,
            "99.000000" : 2441216,
            "99.500000" : 2539520,
            "99.900000" : 2801664,
            "99.950000" : 3129344,
            "99.990000" : 9764864
          }
        },
        "lat_ns" : {
          "min" : 98710,
          "max" : 10911244,
          "mean" : 1296408.926049,
          "stddev" : 491350.908574,
          "N" : 1480745
        },
        "bw_min" : 2868224,
        "bw_max" : 3352064,
        "bw_agg" : 100.000000,
        "bw_mean" : 3160254.425000,
        "bw_dev" : 92416.290545,
        "bw_samples" : 120,
        "iops_min" : 22408,
        "iops_max" : 26188,
        "iops_mean" : 24689.400000,
        "iops_stddev" : 721.993568,
        "iops_samples" : 120
      },
      "trim" : {
        "io_bytes" : 0,
        "io_kbytes" : 0,
        "bw_bytes" : 0,
        "bw" : 0,
        "iops" : 0.000000,
        "runtime" : 0,
        "total_ios" : 0,
        "short_ios" : 0,
        "drop_ios" : 0,
        "slat_ns" : {
          "min" : 0,
          "max" : 0,
          "mean" : 0.000000,
          "stddev" : 0.000000,
          "N" : 0
        },
        "clat_ns" : {
          "min" : 0,
          "max" : 0,
          "mean" : 0.000000,
          "stddev" : 0.000000,
          "N" : 0
        },
        "lat_ns" : {
          "min" : 0,
          "max" : 0,
          "mean" : 0.000000,
          "stddev" : 0.000000,
          "N" : 0
        },
        "bw_min" : 0,
        "bw_max" : 0,
        "bw_agg" : 0.000000,
        "bw_mean" : 0.000000,
        "bw_dev" : 0.000000,
        "bw_samples" : 0,
        "iops_min" : 0,
        "iops_max" : 0,
        "iops_mean" : 0.000000,
        "iops_stddev" : 0.000000,
        "iops_samples" : 0
      },
      "sync" : {
        "total_ios" : 0,
        "lat_ns" : {
          "min" : 0,
          "max" : 0,
          "mean" : 0.000000,
          "stddev" : 0.000000,
          "N" : 0
        }
      },
      "job_runtime" : 60000,
      "usr_cpu" : 3.935000,
      "sys_cpu" : 95.348333,
      "ctx" : 23578,
      "majf" : 0,
      "minf" : 44,
      "iodepth_level" : {
        "1" : 0.000000,
        "2" : 0.000000,
        "4" : 0.000000,
        "8" : 0.000000,
        "16" : 0.000000,
        "32" : 100.000000,
        ">=64" : 0.000000
      },
      "iodepth_submit" : {
        "0" : 0.000000,
        "4" : 100.000000,
        "8" : 0.000000,
        "16" : 0.000000,
        "32" : 0.000000,
        "64" : 0.000000,
        ">=64" : 0.000000
      },
      "iodepth_complete" : {
        "0" : 0.000000,
        "4" : 99.999932,
        "8" : 0.000000,
        "16" : 0.000000,
        "32" : 0.100000,
        "64" : 0.000000,
        ">=64" : 0.000000
      },
      "latency_ns" : {
        "2" : 0.000000,
        "4" : 0.000000,
        "10" : 0.000000,
        "20" : 0.000000,
        "50" : 0.000000,
        "100" : 0.000000,
        "250" : 0.000000,
        "500" : 0.000000,
        "750" : 0.000000,
        "1000" : 0.000000
      },
      "latency_us" : {
        "2" : 0.000000,
        "4" : 0.010000,
        "10" : 0.000000,
        "20" : 0.000000,
        "50" : 0.000000,
        "100" : 0.010000,
        "250" : 0.010000,
        "500" : 0.010000,
        "750" : 0.078476,
        "1000" : 46.322990
      },
      "latency_ms" : {
        "2" : 44.362652,
        "4" : 9.203465,
        "10" : 0.027959,
        "20" : 0.010000,
        "50" : 0.000000,
        "100" : 0.000000,
        "250" : 0.000000,
        "500" : 0.000000,
        "750" : 0.000000,
        "1000" : 0.000000,
        "2000" : 0.000000,
        ">=2000" : 0.000000
      },
      "latency_depth" : 32,
      "latency_target" : 0,
      "latency_percentile" : 100.000000,
      "latency_window" : 0
    }
  ]
}
