{
  "fio version" : "fio-3.36",
  "timestamp" : 1768540125,
  "timestamp_ms" : 1768540125336,
  "time" : "Fri Jan 16 14:08:45 2026",
  "jobs" : [
    {
      "jobname" : "zfs_mirror_write",
      "groupid" : 0,
      "job_start" : 1768540065287,
      "error" : 0,
      "eta" : 0,
      "elapsed" : 66,
      "job options" : {
        "name" : "zfs_mirror_write",
        "directory" : "/mnt/zfs_test/mirror",
        "ioengine" : "libaio",
        "direct" : "1",
        "rw" : "write",
        "bs" : "1m",
        "size" : "1G",
        "numjobs" : "1",
        "iodepth" : "32",
        "runtime" : "60",
        "ramp_time" : "5"
      },
      "read" : {
        "io_bytes" : 0,
        "io_kbytes" : 0,
        "bw_bytes" : 0,
        "bw" : 0,
        "iops" : 0.000000,
        "runtime" : 0,
        "total_ios" : 0,
        "short_ios" : 0,
        "drop_ios" : 0,
        "slat_ns" : {
          "min" : 0,
          "max" : 0,
          "mean" : 0.000000,
          "stddev" : 0.000000,
          "N" : 0
        },
        "clat_ns" : {
          "min" : 0,
          "max" : 0,
          "mean" : 0.000000,
          "stddev" : 0.000000,
          "N" : 0
        },
        "lat_ns" : {
          "min" : 0,
          "max" : 0,
          "mean" : 0.000000,
          "stddev" : 0.000000,
          "N" : 0
        },
        "bw_min" : 0,
        "bw_max" : 0,
        "bw_agg" : 0.000000,
        "bw_mean" : 0.000000,
        "bw_dev" : 0.000000,
        "bw_samples" : 0,
        "iops_min" : 0,
        "iops_max" : 0,
        "iops_mean" : 0.000000,
        "iops_stddev" : 0.000000,
        "iops_samples" : 0
      },
      "write" : {
        "io_bytes" : 360334753792,
        "io_kbytes" : 351889408,
        "bw_bytes" : 6005479138,
        "bw" : 5864725,
        "iops" : 5726.737888,
        "runtime" : 60001,
        "total_ios" : 343610,
        "short_ios" : 0,
        "drop_ios" : 0,
        "slat_ns" : {
          "min" : 83587,
          "max" : 6974256,
          "mean" : 173102.153680,
          "stddev" : 91033.446752,
          "N" : 343611
        },
        "clat_ns" : {
          "min" : 2304,
          "max" : 25497819,
          "mean" : 5414210.703720,
          "stddev" : 2544997.454999,
          "N" : 343641,
          "percentile" : {
            "1.000000" : 3358720,
            "5.000000" : 3457024,
            "10.000000" : 3522560,
            "20.000000" : 3620864,
            "30.000000" : 4112384,
            "40.000000" : 4227072,
            "50.000000" : 4292608,
            "60.000000" : 4358144,
            "70.000000" : 4882432,
            "80.000000" : 7503872,
            "90.000000" : 8716288,
            "95.000000" : 10289152,
            "99.000000" : 15138816,
            "99.500000" : 16449536,
            "99.900000" : 19267584,
            "99.950000" : 20316160,
            "99.990000" : 22151168
          }
        },
        "lat_ns" : {
          "min" : 238331,
          "max" : 25805796,
          "mean" : 5587325.551026,
          "stddev" : 2625012.426996,
          "N" : 343641
        },
        "bw_min" : 3205120,
        "bw_max" : 8239198,
        "bw_agg" : 100.000000,
        "bw_mean" : 5866453.883333,
        "bw_dev" : 1169072.286050,
        "bw_samples" : 120,
        "iops_min" : 3130,
        "iops_max" : 8046,
        "iops_mean" : 5728.875000,
        "iops_stddev" : 1141.678637,
        "iops_samples" : 120
      },
      "trim" : {
        "io_bytes" : 0,
        "io_kbytes" : 0,
        "bw_bytes" : 0,
        "bw" : 0,
        "iops" : 0.000000,
        "runtime" : 0,
        "total_ios" : 0,
        "short_ios" : 0,
        "drop_ios" : 0,
        "slat_ns" : {
          "min" : 0,
          "max" : 0,
          "mean" : 0.000000,
          "stddev" : 0.000000,
          "N" : 0
        },
        "clat_ns" : {
          "min" : 0,
          "max" : 0,
          "mean" : 0.000000,
          "stddev" : 0.000000,
          "N" : 0
        },
        "lat_ns" : {
          "min" : 0,
          "max" : 0,
          "mean" : 0.000000,
          "stddev" : 0.000000,
          "N" : 0
        },
        "bw_min" : 0,
        "bw_max" : 0,
        "bw_agg" : 0.000000,
        "bw_mean" : 0.000000,
        "bw_dev" : 0.000000,
        "bw_samples" : 0,
        "iops_min" : 0,
        "iops_max" : 0,
        "iops_mean" : 0.000000,
        "iops_stddev" : 0.000000,
        "iops_samples" : 0
      },
      "sync" : {
        "total_ios" : 0,
        "lat_ns" : {
          "min" : 0,
          "max" : 0,
          "mean" : 0.000000,
          "stddev" : 0.000000,
          "N" : 0
        }
      },
      "job_runtime" : 60000,
      "usr_cpu" : 12.508333,
      "sys_cpu" : 86.336667,
      "ctx" : 26611,
      "majf" : 0,
      "minf" : 45,
      "iodepth_level" : {
        "1" : 0.000000,
        "2" : 0.000000,
        "4" : 0.000000,
        "8" : 0.000000,
        "16" : 0.000000,
        "32" : 100.000000,
        ">=64" : 0.000000
      },
      "iodepth_submit" : {
        "0" : 0.000000,
        "4" : 100.000000,
        "8" : 0.000000,
        "16" : 0.000000,
        "32" : 0.000000,
        "64" : 0.000000,
        ">=64" : 0.000000
      },
      "iodepth_complete" : {
        "0" : 0.000000,
        "4" : 99.999709,
        "8" : 0.000000,
        "16" : 0.000000,
        "32" : 0.100000,
        "64" : 0.000000,
        ">=64" : 0.000000
      },
      "latency_ns" : {
        "2" : 0.000000,
        "4" : 0.000000,
        "10" : 0.000000,
        "20" : 0.000000,
        "50" : 0.000000,
        "100" : 0.000000,
        "250" : 0.000000,
        "500" : 0.000000,
        "750" : 0.000000,
        "1000" : 0.000000
      },
      "latency_us" : {
        "2" : 0.000000,
        "4" : 0.010000,
        "10" : 0.000000,
        "20" : 0.000000,
        "50" : 0.000000,
        "100" : 0.000000,
        "250" : 0.010000,
        "500" : 0.000000,
        "750" : 0.010000,
        "1000" : 0.010000
      },
      "latency_ms" : {
        "2" : 0.010000,
        "4" : 26.696837,
        "10" : 67.829516,
        "20" : 5.418934,
        "50" : 0.061407,
        "100" : 0.000000,
        "250" : 0.000000,
        "500" : 0.000000,
        "750" : 0.000000,
        "1000" : 0.000000,
        "2000" : 0.000000,
        ">=2000" : 0.000000
      },
      "latency_depth" : 32,
      "latency_target" : 0,
      "latency_percentile" : 100.000000,
      "latency_window" : 0
    }
  ]
}
