{
  "fio version" : "fio-3.36",
  "timestamp" : 1768539093,
  "timestamp_ms" : 1768539093580,
  "time" : "Fri Jan 16 13:51:33 2026",
  "jobs" : [
    {
      "jobname" : "zfs_raidz1_read",
      "groupid" : 0,
      "job_start" : 1768539033536,
      "error" : 0,
      "eta" : 0,
      "elapsed" : 66,
      "job options" : {
        "name" : "zfs_raidz1_read",
        "directory" : "/mnt/zfs_test/raidz1",
        "ioengine" : "libaio",
        "direct" : "1",
        "rw" : "read",
        "bs" : "1m",
        "size" : "10G",
        "numjobs" : "1",
        "iodepth" : "32",
        "runtime" : "60",
        "ramp_time" : "5"
      },
      "read" : {
        "io_bytes" : 334600601600,
        "io_kbytes" : 326758400,
        "bw_bytes" : 5576583750,
        "bw" : 5445882,
        "iops" : 5317.711371,
        "runtime" : 60001,
        "total_ios" : 319068,
        "short_ios" : 0,
        "drop_ios" : 0,
        "slat_ns" : {
          "min" : 142727,
          "max" : 7027476,
          "mean" : 186531.292300,
          "stddev" : 28380.963096,
          "N" : 319069
        },
        "clat_ns" : {
          "min" : 2844,
          "max" : 14851808,
          "mean" : 5830362.221571,
          "stddev" : 248154.528105,
          "N" : 319099,
          "percentile" : {
            "1.000000" : 5603328,
            "5.000000" : 5668864,
            "10.000000" : 5668864,
            "20.000000" : 5734400,
            "30.000000" : 5734400,
            "40.000000" : 5799936,
            "50.000000" : 5799936,
            "60.000000" : 5799936,
            "70.000000" : 5865472,
            "80.000000" : 5931008,
            "90.000000" : 5996544,
            "95.000000" : 6062080,
            "99.000000" : 6127616,
            "99.500000" : 6193152,
            "99.900000" : 6914048,
            "99.950000" : 14221312,
            "99.990000" : 14745600
          }
        },
        "lat_ns" : {
          "min" : 181815,
          "max" : 15047384,
          "mean" : 6016893.757053,
          "stddev" : 252265.179570,
          "N" : 319099
        },
        "bw_min" : 5339136,
        "bw_max" : 5537792,
        "bw_agg" : 100.000000,
        "bw_mean" : 5448037.533333,
        "bw_dev" : 39179.972489,
        "bw_samples" : 120,
        "iops_min" : 5214,
        "iops_max" : 5408,
        "iops_mean" : 5320.183333,
        "iops_stddev" : 38.146992,
        "iops_samples" : 120
      },
      "write" : {
        "io_bytes" : 0,
        "io_kbytes" : 0,
        "bw_bytes" : 0,
        "bw" : 0,
        "iops" : 0.000000,
        "runtime" : 0,
        "total_ios" : 0,
        "short_ios" : 0,
        "drop_ios" : 0,
        "slat_ns" : {
          "min" : 0,
          "max" : 0,
          "mean" : 0.000000,
          "stddev" : 0.000000,
          "N" : 0
        },
        "clat_ns" : {
          "min" : 0,
          "max" : 0,
          "mean" : 0.000000,
          "stddev" : 0.000000,
          "N" : 0
        },
        "lat_ns" : {
          "min" : 0,
          "max" : 0,
          "mean" : 0.000000,
          "stddev" : 0.000000,
          "N" : 0
        },
        "bw_min" : 0,
        "bw_max" : 0,
        "bw_agg" : 0.000000,
        "bw_mean" : 0.000000,
        "bw_dev" : 0.000000,
        "bw_samples" : 0,
        "iops_min" : 0,
        "iops_max" : 0,
        "iops_mean" : 0.000000,
        "iops_stddev" : 0.000000,
        "iops_samples" : 0
      },
      "trim" : {
        "io_bytes" : 0,
        "io_kbytes" : 0,
        "bw_bytes" : 0,
        "bw" : 0,
        "iops" : 0.000000,
        "runtime" : 0,
        "total_ios" : 0,
        "short_ios" : 0,
        "drop_ios" : 0,
        "slat_ns" : {
          "min" : 0,
          "max" : 0,
          "mean" : 0.000000,
          "stddev" : 0.000000,
          "N" : 0
        },
        "clat_ns" : {
          "min" : 0,
          "max" : 0,
          "mean" : 0.000000,
          "stddev" : 0.000000,
          "N" : 0
        },
        "lat_ns" : {
          "min" : 0,
          "max" : 0,
          "mean" : 0.000000,
          "stddev" : 0.000000,
          "N" : 0
        },
        "bw_min" : 0,
        "bw_max" : 0,
        "bw_agg" : 0.000000,
        "bw_mean" : 0.000000,
        "bw_dev" : 0.000000,
        "bw_samples" : 0,
        "iops_min" : 0,
        "iops_max" : 0,
        "iops_mean" : 0.000000,
        "iops_stddev" : 0.000000,
        "iops_samples" : 0
      },
      "sync" : {
        "total_ios" : 0,
        "lat_ns" : {
          "min" : 0,
          "max" : 0,
          "mean" : 0.000000,
          "stddev" : 0.000000,
          "N" : 0
        }
      },
      "job_runtime" : 60000,
      "usr_cpu" : 0.648333,
      "sys_cpu" : 98.863333,
      "ctx" : 22985,
      "majf" : 0,
      "minf" : 39,
      "iodepth_level" : {
        "1" : 0.000000,
        "2" : 0.000000,
        "4" : 0.000000,
        "8" : 0.000000,
        "16" : 0.000000,
        "32" : 100.000000,
        ">=64" : 0.000000
      },
      "iodepth_submit" : {
        "0" : 0.000000,
        "4" : 100.000000,
        "8" : 0.000000,
        "16" : 0.000000,
        "32" : 0.000000,
        "64" : 0.000000,
        ">=64" : 0.000000
      },
      "iodepth_complete" : {
        "0" : 0.000000,
        "4" : 99.999687,
        "8" : 0.000000,
        "16" : 0.000000,
        "32" : 0.100000,
        "64" : 0.000000,
        ">=64" : 0.000000
      },
      "latency_ns" : {
        "2" : 0.000000,
        "4" : 0.000000,
        "10" : 0.000000,
        "20" : 0.000000,
        "50" : 0.000000,
        "100" : 0.000000,
        "250" : 0.000000,
        "500" : 0.000000,
        "750" : 0.000000,
        "1000" : 0.000000
      },
      "latency_us" : {
        "2" : 0.000000,
        "4" : 0.010000,
        "10" : 0.000000,
        "20" : 0.000000,
        "50" : 0.000000,
        "100" : 0.000000,
        "250" : 0.010000,
        "500" : 0.010000,
        "750" : 0.010000,
        "1000" : 0.010000
      },
      "latency_ms" : {
        "2" : 0.010000,
        "4" : 0.010000,
        "10" : 99.944213,
        "20" : 0.058608,
        "50" : 0.000000,
        "100" : 0.000000,
        "250" : 0.000000,
        "500" : 0.000000,
        "750" : 0.000000,
        "1000" : 0.000000,
        "2000" : 0.000000,
        ">=2000" : 0.000000
      },
      "latency_depth" : 32,
      "latency_target" : 0,
      "latency_percentile" : 100.000000,
      "latency_window" : 0
    }
  ]
}
