{
  "fio version" : "fio-3.36",
  "timestamp" : 1768538889,
  "timestamp_ms" : 1768538889480,
  "time" : "Fri Jan 16 13:48:09 2026",
  "jobs" : [
    {
      "jobname" : "zfs_raidz1_write",
      "groupid" : 0,
      "job_start" : 1768538829434,
      "error" : 0,
      "eta" : 0,
      "elapsed" : 66,
      "job options" : {
        "name" : "zfs_raidz1_write",
        "directory" : "/mnt/zfs_test/raidz1",
        "ioengine" : "libaio",
        "direct" : "1",
        "rw" : "write",
        "bs" : "128k",
        "size" : "10G",
        "numjobs" : "1",
        "iodepth" : "32",
        "runtime" : "60",
        "ramp_time" : "5"
      },
      "read" : {
        "io_bytes" : 0,
        "io_kbytes" : 0,
        "bw_bytes" : 0,
        "bw" : 0,
        "iops" : 0.000000,
        "runtime" : 0,
        "total_ios" : 0,
        "short_ios" : 0,
        "drop_ios" : 0,
        "slat_ns" : {
          "min" : 0,
          "max" : 0,
          "mean" : 0.000000,
          "stddev" : 0.000000,
          "N" : 0
        },
        "clat_ns" : {
          "min" : 0,
          "max" : 0,
          "mean" : 0.000000,
          "stddev" : 0.000000,
          "N" : 0
        },
        "lat_ns" : {
          "min" : 0,
          "max" : 0,
          "mean" : 0.000000,
          "stddev" : 0.000000,
          "N" : 0
        },
        "bw_min" : 0,
        "bw_max" : 0,
        "bw_agg" : 0.000000,
        "bw_mean" : 0.000000,
        "bw_dev" : 0.000000,
        "bw_samples" : 0,
        "iops_min" : 0,
        "iops_max" : 0,
        "iops_mean" : 0.000000,
        "iops_stddev" : 0.000000,
        "iops_samples" : 0
      },
      "write" : {
        "io_bytes" : 208824565760,
        "io_kbytes" : 203930240,
        "bw_bytes" : 3480351423,
        "bw" : 3398780,
        "iops" : 26552.440793,
        "runtime" : 60001,
        "total_ios" : 1593173,
        "short_ios" : 0,
        "drop_ios" : 0,
        "slat_ns" : {
          "min" : 16375,
          "max" : 3759565,
          "mean" : 36671.300073,
          "stddev" : 25365.405703,
          "N" : 1593174
        },
        "clat_ns" : {
          "min" : 2213,
          "max" : 10353784,
          "mean" : 1168241.107377,
          "stddev" : 416967.925603,
          "N" : 1593204,
          "percentile" : {
            "1.000000" : 716800,
            "5.000000" : 749568,
            "10.000000" : 774144,
            "20.000000" : 815104,
            "30.000000" : 856064,
            "40.000000" : 905216,
            "50.000000" : 1003520,
            "60.000000" : 1171456,
            "70.000000" : 1351680,
            "80.000000" : 1548288,
            "90.000000" : 1794048,
            "95.000000" : 1974272,
            "99.000000" : 2277376,
            "99.500000" : 2375680,
            "99.900000" : 2768896,
            "99.950000" : 3260416,
            "99.990000" : 4177920
          }
        },
        "lat_ns" : {
          "min" : 31147,
          "max" : 10430129,
          "mean" : 1204912.197119,
          "stddev" : 429542.996330,
          "N" : 1593204
        },
        "bw_min" : 3199230,
        "bw_max" : 3847936,
        "bw_agg" : 100.000000,
        "bw_mean" : 3400345.958333,
        "bw_dev" : 133939.921266,
        "bw_samples" : 120,
        "iops_min" : 24993,
        "iops_max" : 30062,
        "iops_mean" : 26565.133333,
        "iops_stddev" : 1046.406857,
        "iops_samples" : 120
      },
      "trim" : {
        "io_bytes" : 0,
        "io_kbytes" : 0,
        "bw_bytes" : 0,
        "bw" : 0,
        "iops" : 0.000000,
        "runtime" : 0,
        "total_ios" : 0,
        "short_ios" : 0,
        "drop_ios" : 0,
        "slat_ns" : {
          "min" : 0,
          "max" : 0,
          "mean" : 0.000000,
          "stddev" : 0.000000,
          "N" : 0
        },
        "clat_ns" : {
          "min" : 0,
          "max" : 0,
          "mean" : 0.000000,
          "stddev" : 0.000000,
          "N" : 0
        },
        "lat_ns" : {
          "min" : 0,
          "max" : 0,
          "mean" : 0.000000,
          "stddev" : 0.000000,
          "N" : 0
        },
        "bw_min" : 0,
        "bw_max" : 0,
        "bw_agg" : 0.000000,
        "bw_mean" : 0.000000,
        "bw_dev" : 0.000000,
        "bw_samples" : 0,
        "iops_min" : 0,
        "iops_max" : 0,
        "iops_mean" : 0.000000,
        "iops_stddev" : 0.000000,
        "iops_samples" : 0
      },
      "sync" : {
        "total_ios" : 0,
        "lat_ns" : {
          "min" : 0,
          "max" : 0,
          "mean" : 0.000000,
          "stddev" : 0.000000,
          "N" : 0
        }
      },
      "job_runtime" : 60000,
      "usr_cpu" : 3.790000,
      "sys_cpu" : 95.558333,
      "ctx" : 23632,
      "majf" : 0,
      "minf" : 46,
      "iodepth_level" : {
        "1" : 0.000000,
        "2" : 0.000000,
        "4" : 0.000000,
        "8" : 0.000000,
        "16" : 0.000000,
        "32" : 100.000000,
        ">=64" : 0.000000
      },
      "iodepth_submit" : {
        "0" : 0.000000,
        "4" : 100.000000,
        "8" : 0.000000,
        "16" : 0.000000,
        "32" : 0.000000,
        "64" : 0.000000,
        ">=64" : 0.000000
      },
      "iodepth_complete" : {
        "0" : 0.000000,
        "4" : 99.999937,
        "8" : 0.000000,
        "16" : 0.000000,
        "32" : 0.100000,
        "64" : 0.000000,
        ">=64" : 0.000000
      },
      "latency_ns" : {
        "2" : 0.000000,
        "4" : 0.000000,
        "10" : 0.000000,
        "20" : 0.000000,
        "50" : 0.000000,
        "100" : 0.000000,
        "250" : 0.000000,
        "500" : 0.000000,
        "750" : 0.000000,
        "1000" : 0.000000
      },
      "latency_us" : {
        "2" : 0.000000,
        "4" : 0.010000,
        "10" : 0.000000,
        "20" : 0.000000,
        "50" : 0.010000,
        "100" : 0.010000,
        "250" : 0.010000,
        "500" : 0.010000,
        "750" : 4.846429,
        "1000" : 44.889161
      },
      "latency_ms" : {
        "2" : 45.805823,
        "4" : 4.447728,
        "10" : 0.010419,
        "20" : 0.010000,
        "50" : 0.000000,
        "100" : 0.000000,
        "250" : 0.000000,
        "500" : 0.000000,
        "750" : 0.000000,
        "1000" : 0.000000,
        "2000" : 0.000000,
        ">=2000" : 0.000000
      },
      "latency_depth" : 32,
      "latency_target" : 0,
      "latency_percentile" : 100.000000,
      "latency_window" : 0
    }
  ]
}
