{
  "fio version" : "fio-3.36",
  "timestamp" : 1768539295,
  "timestamp_ms" : 1768539295570,
  "time" : "Fri Jan 16 13:54:55 2026",
  "jobs" : [
    {
      "jobname" : "zfs_raidz2_write",
      "groupid" : 0,
      "job_start" : 1768539235527,
      "error" : 0,
      "eta" : 0,
      "elapsed" : 66,
      "job options" : {
        "name" : "zfs_raidz2_write",
        "directory" : "/mnt/zfs_test/raidz2",
        "ioengine" : "libaio",
        "direct" : "1",
        "rw" : "write",
        "bs" : "1m",
        "size" : "1G",
        "numjobs" : "1",
        "iodepth" : "32",
        "runtime" : "60",
        "ramp_time" : "5"
      },
      "read" : {
        "io_bytes" : 0,
        "io_kbytes" : 0,
        "bw_bytes" : 0,
        "bw" : 0,
        "iops" : 0.000000,
        "runtime" : 0,
        "total_ios" : 0,
        "short_ios" : 0,
        "drop_ios" : 0,
        "slat_ns" : {
          "min" : 0,
          "max" : 0,
          "mean" : 0.000000,
          "stddev" : 0.000000,
          "N" : 0
        },
        "clat_ns" : {
          "min" : 0,
          "max" : 0,
          "mean" : 0.000000,
          "stddev" : 0.000000,
          "N" : 0
        },
        "lat_ns" : {
          "min" : 0,
          "max" : 0,
          "mean" : 0.000000,
          "stddev" : 0.000000,
          "N" : 0
        },
        "bw_min" : 0,
        "bw_max" : 0,
        "bw_agg" : 0.000000,
        "bw_mean" : 0.000000,
        "bw_dev" : 0.000000,
        "bw_samples" : 0,
        "iops_min" : 0,
        "iops_max" : 0,
        "iops_mean" : 0.000000,
        "iops_stddev" : 0.000000,
        "iops_samples" : 0
      },
      "write" : {
        "io_bytes" : 240705863680,
        "io_kbytes" : 235064320,
        "bw_bytes" : 4011697533,
        "bw" : 3917673,
        "iops" : 3825.319578,
        "runtime" : 60001,
        "total_ios" : 229523,
        "short_ios" : 0,
        "drop_ios" : 0,
        "slat_ns" : {
          "min" : 87001,
          "max" : 1101618,
          "mean" : 259859.123469,
          "stddev" : 119711.403874,
          "N" : 229524
        },
        "clat_ns" : {
          "min" : 2644,
          "max" : 28523179,
          "mean" : 8104423.275678,
          "stddev" : 3286359.224411,
          "N" : 229554,
          "percentile" : {
            "1.000000" : 3424256,
            "5.000000" : 3588096,
            "10.000000" : 3751936,
            "20.000000" : 4423680,
            "30.000000" : 6914048,
            "40.000000" : 7634944,
            "50.000000" : 8093696,
            "60.000000" : 8585216,
            "70.000000" : 9109504,
            "80.000000" : 10027008,
            "90.000000" : 11730944,
            "95.000000" : 14090240,
            "99.000000" : 19005440,
            "99.500000" : 20840448,
            "99.900000" : 23986176,
            "99.950000" : 25296896,
            "99.990000" : 27656192
          }
        },
        "lat_ns" : {
          "min" : 140142,
          "max" : 29415221,
          "mean" : 8364287.186287,
          "stddev" : 3386149.561534,
          "N" : 229554
        },
        "bw_min" : 3037114,
        "bw_max" : 8390656,
        "bw_agg" : 100.000000,
        "bw_mean" : 3918659.016667,
        "bw_dev" : 1115690.625021,
        "bw_samples" : 120,
        "iops_min" : 2965,
        "iops_max" : 8194,
        "iops_mean" : 3826.708333,
        "iops_stddev" : 1089.551379,
        "iops_samples" : 120
      },
      "trim" : {
        "io_bytes" : 0,
        "io_kbytes" : 0,
        "bw_bytes" : 0,
        "bw" : 0,
        "iops" : 0.000000,
        "runtime" : 0,
        "total_ios" : 0,
        "short_ios" : 0,
        "drop_ios" : 0,
        "slat_ns" : {
          "min" : 0,
          "max" : 0,
          "mean" : 0.000000,
          "stddev" : 0.000000,
          "N" : 0
        },
        "clat_ns" : {
          "min" : 0,
          "max" : 0,
          "mean" : 0.000000,
          "stddev" : 0.000000,
          "N" : 0
        },
        "lat_ns" : {
          "min" : 0,
          "max" : 0,
          "mean" : 0.000000,
          "stddev" : 0.000000,
          "N" : 0
        },
        "bw_min" : 0,
        "bw_max" : 0,
        "bw_agg" : 0.000000,
        "bw_mean" : 0.000000,
        "bw_dev" : 0.000000,
        "bw_samples" : 0,
        "iops_min" : 0,
        "iops_max" : 0,
        "iops_mean" : 0.000000,
        "iops_stddev" : 0.000000,
        "iops_samples" : 0
      },
      "sync" : {
        "total_ios" : 0,
        "lat_ns" : {
          "min" : 0,
          "max" : 0,
          "mean" : 0.000000,
          "stddev" : 0.000000,
          "N" : 0
        }
      },
      "job_runtime" : 60000,
      "usr_cpu" : 8.645000,
      "sys_cpu" : 90.435000,
      "ctx" : 24703,
      "majf" : 0,
      "minf" : 42,
      "iodepth_level" : {
        "1" : 0.000000,
        "2" : 0.000000,
        "4" : 0.000000,
        "8" : 0.000000,
        "16" : 0.000000,
        "32" : 100.000000,
        ">=64" : 0.000000
      },
      "iodepth_submit" : {
        "0" : 0.000000,
        "4" : 100.000000,
        "8" : 0.000000,
        "16" : 0.000000,
        "32" : 0.000000,
        "64" : 0.000000,
        ">=64" : 0.000000
      },
      "iodepth_complete" : {
        "0" : 0.000000,
        "4" : 99.999564,
        "8" : 0.000000,
        "16" : 0.000000,
        "32" : 0.100000,
        "64" : 0.000000,
        ">=64" : 0.000000
      },
      "latency_ns" : {
        "2" : 0.000000,
        "4" : 0.000000,
        "10" : 0.000000,
        "20" : 0.000000,
        "50" : 0.000000,
        "100" : 0.000000,
        "250" : 0.000000,
        "500" : 0.000000,
        "750" : 0.000000,
        "1000" : 0.000000
      },
      "latency_us" : {
        "2" : 0.000000,
        "4" : 0.010000,
        "10" : 0.000000,
        "20" : 0.000000,
        "50" : 0.000000,
        "100" : 0.000000,
        "250" : 0.010000,
        "500" : 0.010000,
        "750" : 0.010000,
        "1000" : 0.010000
      },
      "latency_ms" : {
        "2" : 0.010000,
        "4" : 13.218283,
        "10" : 66.927933,
        "20" : 19.188055,
        "50" : 0.672699,
        "100" : 0.000000,
        "250" : 0.000000,
        "500" : 0.000000,
        "750" : 0.000000,
        "1000" : 0.000000,
        "2000" : 0.000000,
        ">=2000" : 0.000000
      },
      "latency_depth" : 32,
      "latency_target" : 0,
      "latency_percentile" : 100.000000,
      "latency_window" : 0
    }
  ]
}
