{
  "fio version" : "fio-3.36",
  "timestamp" : 1768528713,
  "timestamp_ms" : 1768528713694,
  "time" : "Fri Jan 16 10:58:33 2026",
  "jobs" : [
    {
      "jobname" : "mdadm_raid5_write",
      "groupid" : 0,
      "job_start" : 1768528653652,
      "error" : 0,
      "eta" : 0,
      "elapsed" : 66,
      "job options" : {
        "name" : "mdadm_raid5_write",
        "directory" : "/mnt/mdadm_test/raid5",
        "ioengine" : "libaio",
        "direct" : "1",
        "rw" : "write",
        "bs" : "1m",
        "size" : "5G",
        "numjobs" : "1",
        "iodepth" : "32",
        "runtime" : "60",
        "ramp_time" : "5"
      },
      "read" : {
        "io_bytes" : 0,
        "io_kbytes" : 0,
        "bw_bytes" : 0,
        "bw" : 0,
        "iops" : 0.000000,
        "runtime" : 0,
        "total_ios" : 0,
        "short_ios" : 0,
        "drop_ios" : 0,
        "slat_ns" : {
          "min" : 0,
          "max" : 0,
          "mean" : 0.000000,
          "stddev" : 0.000000,
          "N" : 0
        },
        "clat_ns" : {
          "min" : 0,
          "max" : 0,
          "mean" : 0.000000,
          "stddev" : 0.000000,
          "N" : 0
        },
        "lat_ns" : {
          "min" : 0,
          "max" : 0,
          "mean" : 0.000000,
          "stddev" : 0.000000,
          "N" : 0
        },
        "bw_min" : 0,
        "bw_max" : 0,
        "bw_agg" : 0.000000,
        "bw_mean" : 0.000000,
        "bw_dev" : 0.000000,
        "bw_samples" : 0,
        "iops_min" : 0,
        "iops_max" : 0,
        "iops_mean" : 0.000000,
        "iops_stddev" : 0.000000,
        "iops_samples" : 0
      },
      "write" : {
        "io_bytes" : 66686287872,
        "io_kbytes" : 65123328,
        "bw_bytes" : 1111289959,
        "bw" : 1085244,
        "iops" : 1059.275430,
        "runtime" : 60008,
        "total_ios" : 63565,
        "short_ios" : 0,
        "drop_ios" : 0,
        "slat_ns" : {
          "min" : 84558,
          "max" : 31303303,
          "mean" : 940792.701586,
          "stddev" : 2150666.876714,
          "N" : 63566
        },
        "clat_ns" : {
          "min" : 7254305,
          "max" : 74158596,
          "mean" : 29269076.016652,
          "stddev" : 8465518.565909,
          "N" : 63596,
          "percentile" : {
            "1.000000" : 19529728,
            "5.000000" : 21102592,
            "10.000000" : 22151168,
            "20.000000" : 23199744,
            "30.000000" : 23986176,
            "40.000000" : 25034752,
            "50.000000" : 26345472,
            "60.000000" : 27656192,
            "70.000000" : 29491200,
            "80.000000" : 34340864,
            "90.000000" : 43778048,
            "95.000000" : 47448064,
            "99.000000" : 55836672,
            "99.500000" : 58458112,
            "99.900000" : 63176704,
            "99.950000" : 65273856,
            "99.990000" : 68681728
          }
        },
        "lat_ns" : {
          "min" : 7508971,
          "max" : 76650873,
          "mean" : 30210178.643327,
          "stddev" : 8710381.011644,
          "N" : 63596
        },
        "bw_min" : 819200,
        "bw_max" : 1327104,
        "bw_agg" : 100.000000,
        "bw_mean" : 1085613.383333,
        "bw_dev" : 148635.948227,
        "bw_samples" : 120,
        "iops_min" : 800,
        "iops_max" : 1296,
        "iops_mean" : 1059.983333,
        "iops_stddev" : 145.209497,
        "iops_samples" : 120
      },
      "trim" : {
        "io_bytes" : 0,
        "io_kbytes" : 0,
        "bw_bytes" : 0,
        "bw" : 0,
        "iops" : 0.000000,
        "runtime" : 0,
        "total_ios" : 0,
        "short_ios" : 0,
        "drop_ios" : 0,
        "slat_ns" : {
          "min" : 0,
          "max" : 0,
          "mean" : 0.000000,
          "stddev" : 0.000000,
          "N" : 0
        },
        "clat_ns" : {
          "min" : 0,
          "max" : 0,
          "mean" : 0.000000,
          "stddev" : 0.000000,
          "N" : 0
        },
        "lat_ns" : {
          "min" : 0,
          "max" : 0,
          "mean" : 0.000000,
          "stddev" : 0.000000,
          "N" : 0
        },
        "bw_min" : 0,
        "bw_max" : 0,
        "bw_agg" : 0.000000,
        "bw_mean" : 0.000000,
        "bw_dev" : 0.000000,
        "bw_samples" : 0,
        "iops_min" : 0,
        "iops_max" : 0,
        "iops_mean" : 0.000000,
        "iops_stddev" : 0.000000,
        "iops_samples" : 0
      },
      "sync" : {
        "total_ios" : 0,
        "lat_ns" : {
          "min" : 0,
          "max" : 0,
          "mean" : 0.000000,
          "stddev" : 0.000000,
          "N" : 0
        }
      },
      "job_runtime" : 60007,
      "usr_cpu" : 3.767894,
      "sys_cpu" : 32.581199,
      "ctx" : 60553,
      "majf" : 0,
      "minf" : 39,
      "iodepth_level" : {
        "1" : 0.000000,
        "2" : 0.000000,
        "4" : 0.000000,
        "8" : 0.000000,
        "16" : 0.000000,
        "32" : 100.000000,
        ">=64" : 0.000000
      },
      "iodepth_submit" : {
        "0" : 0.000000,
        "4" : 100.000000,
        "8" : 0.000000,
        "16" : 0.000000,
        "32" : 0.000000,
        "64" : 0.000000,
        ">=64" : 0.000000
      },
      "iodepth_complete" : {
        "0" : 0.000000,
        "4" : 99.998427,
        "8" : 0.000000,
        "16" : 0.000000,
        "32" : 0.100000,
        "64" : 0.000000,
        ">=64" : 0.000000
      },
      "latency_ns" : {
        "2" : 0.000000,
        "4" : 0.000000,
        "10" : 0.000000,
        "20" : 0.000000,
        "50" : 0.000000,
        "100" : 0.000000,
        "250" : 0.000000,
        "500" : 0.000000,
        "750" : 0.000000,
        "1000" : 0.000000
      },
      "latency_us" : {
        "2" : 0.000000,
        "4" : 0.000000,
        "10" : 0.000000,
        "20" : 0.000000,
        "50" : 0.000000,
        "100" : 0.000000,
        "250" : 0.000000,
        "500" : 0.000000,
        "750" : 0.000000,
        "1000" : 0.000000
      },
      "latency_ms" : {
        "2" : 0.000000,
        "4" : 0.000000,
        "10" : 0.015732,
        "20" : 1.577912,
        "50" : 95.242665,
        "100" : 3.212460,
        "250" : 0.000000,
        "500" : 0.000000,
        "750" : 0.000000,
        "1000" : 0.000000,
        "2000" : 0.000000,
        ">=2000" : 0.000000
      },
      "latency_depth" : 32,
      "latency_target" : 0,
      "latency_percentile" : 100.000000,
      "latency_window" : 0
    }
  ],
  "disk_util" : [
    {
      "name" : "md5",
      "read_ios" : 0,
      "write_ios" : 68057,
      "read_sectors" : 0,
      "write_sectors" : 139062496,
      "read_merges" : 0,
      "write_merges" : 0,
      "read_ticks" : 0,
      "write_ticks" : 758390,
      "in_queue" : 758390,
      "util" : 100.000000,
      "aggr_read_ios" : 18778,
      "aggr_write_ios" : 213124,
      "aggr_read_sectors" : 3348540,
      "aggr_write_sectors" : 47118204,
      "aggr_read_merges" : 399789,
      "aggr_write_merge" : 5676630,
      "aggr_read_ticks" : 20718,
      "aggr_write_ticks" : 139952,
      "aggr_in_queue" : 160769,
      "aggr_util" : 66.899534
    },
    {
      "name" : "nvme3n1",
      "read_ios" : 13588,
      "write_ios" : 214861,
      "read_sectors" : 2184656,
      "write_sectors" : 47274454,
      "read_merges" : 259494,
      "write_merges" : 5694497,
      "read_ticks" : 15291,
      "write_ticks" : 53231,
      "in_queue" : 68607,
      "util" : 43.981104
    },
    {
      "name" : "nvme5n1",
      "read_ios" : 11378,
      "write_ios" : 213769,
      "read_sectors" : 1583616,
      "write_sectors" : 47916790,
      "read_merges" : 186574,
      "write_merges" : 5775595,
      "read_ticks" : 14185,
      "write_ticks" : 267980,
      "in_queue" : 282314,
      "util" : 55.112561
    },
    {
      "name" : "nvme1n1",
      "read_ios" : 28722,
      "write_ios" : 213215,
      "read_sectors" : 5841648,
      "write_sectors" : 46661918,
      "read_merges" : 701484,