{
  "fio version" : "fio-3.36",
  "timestamp" : 1768538212,
  "timestamp_ms" : 1768538212817,
  "time" : "Fri Jan 16 13:36:52 2026",
  "jobs" : [
    {
      "jobname" : "mdadm_raid10_write",
      "groupid" : 0,
      "job_start" : 1768538152778,
      "error" : 0,
      "eta" : 0,
      "elapsed" : 66,
      "job options" : {
        "name" : "mdadm_raid10_write",
        "directory" : "/mnt/mdadm_test/raid10",
        "ioengine" : "libaio",
        "direct" : "1",
        "rw" : "write",
        "bs" : "1m",
        "size" : "10G",
        "numjobs" : "1",
        "iodepth" : "32",
        "runtime" : "60",
        "ramp_time" : "5"
      },
      "read" : {
        "io_bytes" : 0,
        "io_kbytes" : 0,
        "bw_bytes" : 0,
        "bw" : 0,
        "iops" : 0.000000,
        "runtime" : 0,
        "total_ios" : 0,
        "short_ios" : 0,
        "drop_ios" : 0,
        "slat_ns" : {
          "min" : 0,
          "max" : 0,
          "mean" : 0.000000,
          "stddev" : 0.000000,
          "N" : 0
        },
        "clat_ns" : {
          "min" : 0,
          "max" : 0,
          "mean" : 0.000000,
          "stddev" : 0.000000,
          "N" : 0
        },
        "lat_ns" : {
          "min" : 0,
          "max" : 0,
          "mean" : 0.000000,
          "stddev" : 0.000000,
          "N" : 0
        },
        "bw_min" : 0,
        "bw_max" : 0,
        "bw_agg" : 0.000000,
        "bw_mean" : 0.000000,
        "bw_dev" : 0.000000,
        "bw_samples" : 0,
        "iops_min" : 0,
        "iops_max" : 0,
        "iops_mean" : 0.000000,
        "iops_stddev" : 0.000000,
        "iops_samples" : 0
      },
      "write" : {
        "io_bytes" : 353706704896,
        "io_kbytes" : 345416704,
        "bw_bytes" : 5895013498,
        "bw" : 5756849,
        "iops" : 5621.389644,
        "runtime" : 60001,
        "total_ios" : 337289,
        "short_ios" : 0,
        "drop_ios" : 0,
        "slat_ns" : {
          "min" : 85660,
          "max" : 13676837,
          "mean" : 140141.037917,
          "stddev" : 62587.579036,
          "N" : 337290
        },
        "clat_ns" : {
          "min" : 99661,
          "max" : 29863187,
          "mean" : 5551368.822599,
          "stddev" : 4674536.275402,
          "N" : 337320,
          "percentile" : {
            "1.000000" : 3555328,
            "5.000000" : 3620864,
            "10.000000" : 3653632,
            "20.000000" : 3686400,
            "30.000000" : 3751936,
            "40.000000" : 4112384,
            "50.000000" : 4292608,
            "60.000000" : 4358144,
            "70.000000" : 4423680,
            "80.000000" : 4882432,
            "90.000000" : 5406720,
            "95.000000" : 21364736,
            "99.000000" : 24248320,
            "99.500000" : 24772608,
            "99.900000" : 27656192,
            "99.950000" : 28704768,
            "99.990000" : 29491200
          }
        },
        "lat_ns" : {
          "min" : 195587,
          "max" : 29978492,
          "mean" : 5691510.167067,
          "stddev" : 4675359.766161,
          "N" : 337320
        },
        "bw_min" : 4915200,
        "bw_max" : 6899712,
        "bw_agg" : 100.000000,
        "bw_mean" : 5757559.109244,
        "bw_dev" : 407388.389023,
        "bw_samples" : 119,
        "iops_min" : 4800,
        "iops_max" : 6738,
        "iops_mean" : 5622.445378,
        "iops_stddev" : 397.860564,
        "iops_samples" : 119
      },
      "trim" : {
        "io_bytes" : 0,
        "io_kbytes" : 0,
        "bw_bytes" : 0,
        "bw" : 0,
        "iops" : 0.000000,
        "runtime" : 0,
        "total_ios" : 0,
        "short_ios" : 0,
        "drop_ios" : 0,
        "slat_ns" : {
          "min" : 0,
          "max" : 0,
          "mean" : 0.000000,
          "stddev" : 0.000000,
          "N" : 0
        },
        "clat_ns" : {
          "min" : 0,
          "max" : 0,
          "mean" : 0.000000,
          "stddev" : 0.000000,
          "N" : 0
        },
        "lat_ns" : {
          "min" : 0,
          "max" : 0,
          "mean" : 0.000000,
          "stddev" : 0.000000,
          "N" : 0
        },
        "bw_min" : 0,
        "bw_max" : 0,
        "bw_agg" : 0.000000,
        "bw_mean" : 0.000000,
        "bw_dev" : 0.000000,
        "bw_samples" : 0,
        "iops_min" : 0,
        "iops_max" : 0,
        "iops_mean" : 0.000000,
        "iops_stddev" : 0.000000,
        "iops_samples" : 0
      },
      "sync" : {
        "total_ios" : 0,
        "lat_ns" : {
          "min" : 0,
          "max" : 0,
          "mean" : 0.000000,
          "stddev" : 0.000000,
          "N" : 0
        }
      },
      "job_runtime" : 60000,
      "usr_cpu" : 10.731667,
      "sys_cpu" : 65.633333,
      "ctx" : 145248,
      "majf" : 0,
      "minf" : 44,
      "iodepth_level" : {
        "1" : 0.000000,
        "2" : 0.000000,
        "4" : 0.000000,
        "8" : 0.000000,
        "16" : 0.000000,
        "32" : 100.000000,
        ">=64" : 0.000000
      },
      "iodepth_submit" : {
        "0" : 0.000000,
        "4" : 100.000000,
        "8" : 0.000000,
        "16" : 0.000000,
        "32" : 0.000000,
        "64" : 0.000000,
        ">=64" : 0.000000
      },
      "iodepth_complete" : {
        "0" : 0.000000,
        "4" : 99.999704,
        "8" : 0.000000,
        "16" : 0.000000,
        "32" : 0.100000,
        "64" : 0.000000,
        ">=64" : 0.000000
      },
      "latency_ns" : {
        "2" : 0.000000,
        "4" : 0.000000,
        "10" : 0.000000,
        "20" : 0.000000,
        "50" : 0.000000,
        "100" : 0.000000,
        "250" : 0.000000,
        "500" : 0.000000,
        "750" : 0.000000,
        "1000" : 0.000000
      },
      "latency_us" : {
        "2" : 0.000000,
        "4" : 0.000000,
        "10" : 0.000000,
        "20" : 0.000000,
        "50" : 0.000000,
        "100" : 0.010000,
        "250" : 0.010000,
        "500" : 0.010000,
        "750" : 0.010000,
        "1000" : 0.010000
      },
      "latency_ms" : {
        "2" : 0.047141,
        "4" : 34.213983,
        "10" : 57.920952,
        "20" : 1.645177,
        "50" : 6.177492,
        "100" : 0.000000,
        "250" : 0.000000,
        "500" : 0.000000,
        "750" : 0.000000,
        "1000" : 0.000000,
        "2000" : 0.000000,
        ">=2000" : 0.000000
      },
      "latency_depth" : 32,
      "latency_target" : 0,
      "latency_percentile" : 100.000000,
      "latency_window" : 0
    }
  ],
  "disk_util" : [
    {
      "name" : "md10",
      "read_ios" : 1,
      "write_ios" : 2891195,
      "read_sectors" : 8,
      "write_sectors" : 740093840,
      "read_merges" : 0,
      "write_merges" : 0,
      "read_ticks" : 0,
      "write_ticks" : 2732165,
      "in_queue" : 2732165,
      "util" : 98.335471,
      "aggr_read_ios" : 0,
      "aggr_write_ios" : 1451202,
      "aggr_read_sectors" : 2,
      "aggr_write_sectors" : 371457683,
      "aggr_read_merges" : 0,
      "aggr_write_merge" : 84,
      "aggr_read_ticks" : 0,
      "aggr_write_ticks" : 695326,
      "aggr_in_queue" : 695440,
      "aggr_util" : 64.684610
    },
    {
      "name" : "nvme3n1",
      "read_ios" : 0,
      "write_ios" : 1451219,
      "read_sectors" : 0,
      "write_sectors" : 371457855,
      "read_merges" : 0,
      "write_merges" : 89,
      "read_ticks" : 0,
      "write_ticks" : 710497,
      "in_queue" : 710601,
      "util" : 62.931844
    },
    {
      "name" : "nvme5n1",
      "read_ios" : 0,
      "write_ios" : 1451185,
      "read_sectors" : 0,
      "write_sectors" : 371457511,
      "read_merges" : 0,
      "write_merges" : 80,
      "read_ticks" : 0,
      "write_ticks" : 664705,
      "in_queue" : 664821,
      "util" : 64.684610
    },
    {
      "name" : "nvme1n1",
      "read_ios" : 0,
      "write_ios" : 1451219,
      "read_sectors" : 0,
      "write_sectors" : 371457855,
      "read_merges" : 0,
      "write_merges" : 89,
      "read_ticks" : 0,
      "write_ticks" : 703145,