{
  "fio version" : "fio-3.36",
  "timestamp" : 1768537728,
  "timestamp_ms" : 1768537728429,
  "time" : "Fri Jan 16 13:28:48 2026",
  "jobs" : [
    {
      "jobname" : "mdadm_raid10_read",
      "groupid" : 0,
      "job_start" : 1768537668394,
      "error" : 0,
      "eta" : 0,
      "elapsed" : 66,
      "job options" : {
        "name" : "mdadm_raid10_read",
        "directory" : "/mnt/mdadm_test/raid10",
        "ioengine" : "libaio",
        "direct" : "1",
        "rw" : "read",
        "bs" : "1m",
        "size" : "1G",
        "numjobs" : "1",
        "iodepth" : "32",
        "runtime" : "60",
        "ramp_time" : "5"
      },
      "read" : {
        "io_bytes" : 693470494720,
        "io_kbytes" : 677217280,
        "bw_bytes" : 11557648951,
        "bw" : 11286766,
        "iops" : 11021.699638,
        "runtime" : 60001,
        "total_ios" : 661313,
        "short_ios" : 0,
        "drop_ios" : 0,
        "slat_ns" : {
          "min" : 64758,
          "max" : 421829,
          "mean" : 89379.768032,
          "stddev" : 19798.857165,
          "N" : 661314
        },
        "clat_ns" : {
          "min" : 160323,
          "max" : 22386378,
          "mean" : 2813587.667411,
          "stddev" : 371097.110660,
          "N" : 661344,
          "percentile" : {
            "1.000000" : 2473984,
            "5.000000" : 2539520,
            "10.000000" : 2539520,
            "20.000000" : 2572288,
            "30.000000" : 2605056,
            "40.000000" : 2605056,
            "50.000000" : 2637824,
            "60.000000" : 2670592,
            "70.000000" : 2703360,
            "80.000000" : 3358720,
            "90.000000" : 3424256,
            "95.000000" : 3457024,
            "99.000000" : 3522560,
            "99.500000" : 3555328,
            "99.900000" : 3620864,
            "99.950000" : 3653632,
            "99.990000" : 5210112
          }
        },
        "lat_ns" : {
          "min" : 233594,
          "max" : 22462082,
          "mean" : 2902968.239754,
          "stddev" : 381495.668875,
          "N" : 661344
        },
        "bw_min" : 9295872,
        "bw_max" : 12206080,
        "bw_agg" : 99.965565,
        "bw_mean" : 11282880.403361,
        "bw_dev" : 1315499.363457,
        "bw_samples" : 119,
        "iops_min" : 9078,
        "iops_max" : 11920,
        "iops_mean" : 11018.327731,
        "iops_stddev" : 1284.614386,
        "iops_samples" : 119
      },
      "write" : {
        "io_bytes" : 0,
        "io_kbytes" : 0,
        "bw_bytes" : 0,
        "bw" : 0,
        "iops" : 0.000000,
        "runtime" : 0,
        "total_ios" : 0,
        "short_ios" : 0,
        "drop_ios" : 0,
        "slat_ns" : {
          "min" : 0,
          "max" : 0,
          "mean" : 0.000000,
          "stddev" : 0.000000,
          "N" : 0
        },
        "clat_ns" : {
          "min" : 0,
          "max" : 0,
          "mean" : 0.000000,
          "stddev" : 0.000000,
          "N" : 0
        },
        "lat_ns" : {
          "min" : 0,
          "max" : 0,
          "mean" : 0.000000,
          "stddev" : 0.000000,
          "N" : 0
        },
        "bw_min" : 0,
        "bw_max" : 0,
        "bw_agg" : 0.000000,
        "bw_mean" : 0.000000,
        "bw_dev" : 0.000000,
        "bw_samples" : 0,
        "iops_min" : 0,
        "iops_max" : 0,
        "iops_mean" : 0.000000,
        "iops_stddev" : 0.000000,
        "iops_samples" : 0
      },
      "trim" : {
        "io_bytes" : 0,
        "io_kbytes" : 0,
        "bw_bytes" : 0,
        "bw" : 0,
        "iops" : 0.000000,
        "runtime" : 0,
        "total_ios" : 0,
        "short_ios" : 0,
        "drop_ios" : 0,
        "slat_ns" : {
          "min" : 0,
          "max" : 0,
          "mean" : 0.000000,
          "stddev" : 0.000000,
          "N" : 0
        },
        "clat_ns" : {
          "min" : 0,
          "max" : 0,
          "mean" : 0.000000,
          "stddev" : 0.000000,
          "N" : 0
        },
        "lat_ns" : {
          "min" : 0,
          "max" : 0,
          "mean" : 0.000000,
          "stddev" : 0.000000,
          "N" : 0
        },
        "bw_min" : 0,
        "bw_max" : 0,
        "bw_agg" : 0.000000,
        "bw_mean" : 0.000000,
        "bw_dev" : 0.000000,
        "bw_samples" : 0,
        "iops_min" : 0,
        "iops_max" : 0,
        "iops_mean" : 0.000000,
        "iops_stddev" : 0.000000,
        "iops_samples" : 0
      },
      "sync" : {
        "total_ios" : 0,
        "lat_ns" : {
          "min" : 0,
          "max" : 0,
          "mean" : 0.000000,
          "stddev" : 0.000000,
          "N" : 0
        }
      },
      "job_runtime" : 60000,
      "usr_cpu" : 1.001667,
      "sys_cpu" : 98.338333,
      "ctx" : 23871,
      "majf" : 0,
      "minf" : 36,
      "iodepth_level" : {
        "1" : 0.000000,
        "2" : 0.000000,
        "4" : 0.000000,
        "8" : 0.000000,
        "16" : 0.000000,
        "32" : 100.000000,
        ">=64" : 0.000000
      },
      "iodepth_submit" : {
        "0" : 0.000000,
        "4" : 100.000000,
        "8" : 0.000000,
        "16" : 0.000000,
        "32" : 0.000000,
        "64" : 0.000000,
        ">=64" : 0.000000
      },
      "iodepth_complete" : {
        "0" : 0.000000,
        "4" : 99.999849,
        "8" : 0.000000,
        "16" : 0.000000,
        "32" : 0.100000,
        "64" : 0.000000,
        ">=64" : 0.000000
      },
      "latency_ns" : {
        "2" : 0.000000,
        "4" : 0.000000,
        "10" : 0.000000,
        "20" : 0.000000,
        "50" : 0.000000,
        "100" : 0.000000,
        "250" : 0.000000,
        "500" : 0.000000,
        "750" : 0.000000,
        "1000" : 0.000000
      },
      "latency_us" : {
        "2" : 0.000000,
        "4" : 0.000000,
        "10" : 0.000000,
        "20" : 0.000000,
        "50" : 0.000000,
        "100" : 0.000000,
        "250" : 0.010000,
        "500" : 0.010000,
        "750" : 0.015878,
        "1000" : 0.010000
      },
      "latency_ms" : {
        "2" : 0.011190,
        "4" : 99.947831,
        "10" : 0.016785,
        "20" : 0.010000,
        "50" : 0.010000,
        "100" : 0.000000,
        "250" : 0.000000,
        "500" : 0.000000,
        "750" : 0.000000,
        "1000" : 0.000000,
        "2000" : 0.000000,
        ">=2000" : 0.000000
      },
      "latency_depth" : 32,
      "latency_target" : 0,
      "latency_percentile" : 100.000000,
      "latency_window" : 0
    }
  ],
  "disk_util" : [
    {
      "name" : "md10",
      "read_ios" : 5725407,
      "write_ios" : 18834,
      "read_sectors" : 1465704192,
      "write_sectors" : 3710640,
      "read_merges" : 0,
      "write_merges" : 0,
      "read_ticks" : 1087721,
      "write_ticks" : 1894,
      "in_queue" : 1089615,
      "util" : 100.000000,
      "aggr_read_ios" : 1431362,
      "aggr_write_ios" : 9479,
      "aggr_read_sectors" : 366428672,
      "aggr_write_sectors" : 1857677,
      "aggr_read_merges" : 0,
      "aggr_write_merge" : 21,
      "aggr_read_ticks" : 264023,
      "aggr_write_ticks" : 751,
      "aggr_in_queue" : 264816,
      "aggr_util" : 99.989228
    },
    {
      "name" : "nvme3n1",
      "read_ios" : 1387238,
      "write_ios" : 9946,
      "read_sectors" : 355132928,
      "write_sectors" : 1861585,
      "read_merges" : 0,
      "write_merges" : 43,
      "read_ticks" : 251288,
      "write_ticks" : 808,
      "in_queue" : 252137,
      "util" : 99.929212
    },
    {
      "name" : "nvme5n1",
      "read_ios" : 1380976,
      "write_ios" : 9012,
      "read_sectors" : 353529856,
      "write_sectors" : 1853769,
      "read_merges" : 0,
      "write_merges" : 0,
      "read_ticks" : 247218,
      "write_ticks" : 694,
      "in_queue" : 247950,
      "util" : 99.941523
    },
    {
      "name" : "nvme1n1",
      "read_ios" : 1475486,
      "write_ios" : 9946,
      "read_sectors" : 377724416,
      "write_sectors" : 1861585,
      "read_merges" : 0,
      "write_merges" : 43,