{
  "fio version" : "fio-3.36",
  "timestamp" : 1768538003,
  "timestamp_ms" : 1768538003577,
  "time" : "Fri Jan 16 13:33:23 2026",
  "jobs" : [
    {
      "jobname" : "mdadm_raid10_read",
      "groupid" : 0,
      "job_start" : 1768537943543,
      "error" : 0,
      "eta" : 0,
      "elapsed" : 66,
      "job options" : {
        "name" : "mdadm_raid10_read",
        "directory" : "/mnt/mdadm_test/raid10",
        "ioengine" : "libaio",
        "direct" : "1",
        "rw" : "read",
        "bs" : "1m",
        "size" : "5G",
        "numjobs" : "1",
        "iodepth" : "32",
        "runtime" : "60",
        "ramp_time" : "5"
      },
      "read" : {
        "io_bytes" : 598422323200,
        "io_kbytes" : 584396800,
        "bw_bytes" : 9973539161,
        "bw" : 9739784,
        "iops" : 9510.974817,
        "runtime" : 60001,
        "total_ios" : 570668,
        "short_ios" : 0,
        "drop_ios" : 0,
        "slat_ns" : {
          "min" : 77317,
          "max" : 459937,
          "mean" : 103696.006124,
          "stddev" : 20050.711692,
          "N" : 570669
        },
        "clat_ns" : {
          "min" : 266874,
          "max" : 8000326,
          "mean" : 3260401.173780,
          "stddev" : 384310.712635,
          "N" : 570699,
          "percentile" : {
            "1.000000" : 2736128,
            "5.000000" : 2801664,
            "10.000000" : 2801664,
            "20.000000" : 2867200,
            "30.000000" : 2998272,
            "40.000000" : 3063808,
            "50.000000" : 3129344,
            "60.000000" : 3194880,
            "70.000000" : 3686400,
            "80.000000" : 3719168,
            "90.000000" : 3751936,
            "95.000000" : 3784704,
            "99.000000" : 3850240,
            "99.500000" : 3883008,
            "99.900000" : 3981312,
            "99.950000" : 4046848,
            "99.990000" : 6258688
          }
        },
        "lat_ns" : {
          "min" : 355358,
          "max" : 8128330,
          "mean" : 3364096.583928,
          "stddev" : 396321.706269,
          "N" : 570699
        },
        "bw_min" : 8478720,
        "bw_max" : 11194368,
        "bw_agg" : 100.000000,
        "bw_mean" : 9740408.117647,
        "bw_dev" : 1107290.870309,
        "bw_samples" : 119,
        "iops_min" : 8280,
        "iops_max" : 10932,
        "iops_mean" : 9511.932773,
        "iops_stddev" : 1081.332909,
        "iops_samples" : 119
      },
      "write" : {
        "io_bytes" : 0,
        "io_kbytes" : 0,
        "bw_bytes" : 0,
        "bw" : 0,
        "iops" : 0.000000,
        "runtime" : 0,
        "total_ios" : 0,
        "short_ios" : 0,
        "drop_ios" : 0,
        "slat_ns" : {
          "min" : 0,
          "max" : 0,
          "mean" : 0.000000,
          "stddev" : 0.000000,
          "N" : 0
        },
        "clat_ns" : {
          "min" : 0,
          "max" : 0,
          "mean" : 0.000000,
          "stddev" : 0.000000,
          "N" : 0
        },
        "lat_ns" : {
          "min" : 0,
          "max" : 0,
          "mean" : 0.000000,
          "stddev" : 0.000000,
          "N" : 0
        },
        "bw_min" : 0,
        "bw_max" : 0,
        "bw_agg" : 0.000000,
        "bw_mean" : 0.000000,
        "bw_dev" : 0.000000,
        "bw_samples" : 0,
        "iops_min" : 0,
        "iops_max" : 0,
        "iops_mean" : 0.000000,
        "iops_stddev" : 0.000000,
        "iops_samples" : 0
      },
      "trim" : {
        "io_bytes" : 0,
        "io_kbytes" : 0,
        "bw_bytes" : 0,
        "bw" : 0,
        "iops" : 0.000000,
        "runtime" : 0,
        "total_ios" : 0,
        "short_ios" : 0,
        "drop_ios" : 0,
        "slat_ns" : {
          "min" : 0,
          "max" : 0,
          "mean" : 0.000000,
          "stddev" : 0.000000,
          "N" : 0
        },
        "clat_ns" : {
          "min" : 0,
          "max" : 0,
          "mean" : 0.000000,
          "stddev" : 0.000000,
          "N" : 0
        },
        "lat_ns" : {
          "min" : 0,
          "max" : 0,
          "mean" : 0.000000,
          "stddev" : 0.000000,
          "N" : 0
        },
        "bw_min" : 0,
        "bw_max" : 0,
        "bw_agg" : 0.000000,
        "bw_mean" : 0.000000,
        "bw_dev" : 0.000000,
        "bw_samples" : 0,
        "iops_min" : 0,
        "iops_max" : 0,
        "iops_mean" : 0.000000,
        "iops_stddev" : 0.000000,
        "iops_samples" : 0
      },
      "sync" : {
        "total_ios" : 0,
        "lat_ns" : {
          "min" : 0,
          "max" : 0,
          "mean" : 0.000000,
          "stddev" : 0.000000,
          "N" : 0
        }
      },
      "job_runtime" : 60000,
      "usr_cpu" : 0.918333,
      "sys_cpu" : 98.346667,
      "ctx" : 23699,
      "majf" : 0,
      "minf" : 43,
      "iodepth_level" : {
        "1" : 0.000000,
        "2" : 0.000000,
        "4" : 0.000000,
        "8" : 0.000000,
        "16" : 0.000000,
        "32" : 100.000000,
        ">=64" : 0.000000
      },
      "iodepth_submit" : {
        "0" : 0.000000,
        "4" : 100.000000,
        "8" : 0.000000,
        "16" : 0.000000,
        "32" : 0.000000,
        "64" : 0.000000,
        ">=64" : 0.000000
      },
      "iodepth_complete" : {
        "0" : 0.000000,
        "4" : 99.999825,
        "8" : 0.000000,
        "16" : 0.000000,
        "32" : 0.100000,
        "64" : 0.000000,
        ">=64" : 0.000000
      },
      "latency_ns" : {
        "2" : 0.000000,
        "4" : 0.000000,
        "10" : 0.000000,
        "20" : 0.000000,
        "50" : 0.000000,
        "100" : 0.000000,
        "250" : 0.000000,
        "500" : 0.000000,
        "750" : 0.000000,
        "1000" : 0.000000
      },
      "latency_us" : {
        "2" : 0.000000,
        "4" : 0.000000,
        "10" : 0.000000,
        "20" : 0.000000,
        "50" : 0.000000,
        "100" : 0.000000,
        "250" : 0.000000,
        "500" : 0.010000,
        "750" : 0.010000,
        "1000" : 0.010000
      },
      "latency_ms" : {
        "2" : 0.010000,
        "4" : 99.933236,
        "10" : 0.069217,
        "20" : 0.000000,
        "50" : 0.000000,
        "100" : 0.000000,
        "250" : 0.000000,
        "500" : 0.000000,
        "750" : 0.000000,
        "1000" : 0.000000,
        "2000" : 0.000000,
        ">=2000" : 0.000000
      },
      "latency_depth" : 32,
      "latency_target" : 0,
      "latency_percentile" : 100.000000,
      "latency_window" : 0
    }
  ],
  "disk_util" : [
    {
      "name" : "md10",
      "read_ios" : 4994601,
      "write_ios" : 18870,
      "read_sectors" : 1278617856,
      "write_sectors" : 3710928,
      "read_merges" : 0,
      "write_merges" : 0,
      "read_ticks" : 904571,
      "write_ticks" : 2154,
      "in_queue" : 906725,
      "util" : 100.000000,
      "aggr_read_ios" : 1248652,
      "aggr_write_ios" : 9471,
      "aggr_read_sectors" : 319654912,
      "aggr_write_sectors" : 1855769,
      "aggr_read_merges" : 0,
      "aggr_write_merge" : 37,
      "aggr_read_ticks" : 220060,
      "aggr_write_ticks" : 766,
      "aggr_in_queue" : 220866,
      "aggr_util" : 99.976913
    },
    {
      "name" : "nvme3n1",
      "read_ios" : 1198297,
      "write_ios" : 9916,
      "read_sectors" : 306764032,
      "write_sectors" : 1859409,
      "read_merges" : 0,
      "write_merges" : 47,
      "read_ticks" : 205473,
      "write_ticks" : 831,
      "in_queue" : 206343,
      "util" : 99.809149
    },
    {
      "name" : "nvme5n1",
      "read_ios" : 1193973,
      "write_ios" : 9026,
      "read_sectors" : 305657088,
      "write_sectors" : 1852129,
      "read_merges" : 0,
      "write_merges" : 27,
      "read_ticks" : 208645,
      "write_ticks" : 735,
      "in_queue" : 209417,
      "util" : 99.818383
    },
    {
      "name" : "nvme1n1",
      "read_ios" : 1299007,
      "write_ios" : 9916,
      "read_sectors" : 332545792,
      "write_sectors" : 1859409,
      "read_merges" : 0,
      "write_merges" : 47,