{
  "fio version" : "fio-3.36",
  "timestamp" : 1768528790,
  "timestamp_ms" : 1768528790710,
  "time" : "Fri Jan 16 10:59:50 2026",
  "jobs" : [
    {
      "jobname" : "mdadm_raid5_read",
      "groupid" : 0,
      "job_start" : 1768528730666,
      "error" : 0,
      "eta" : 0,
      "elapsed" : 66,
      "job options" : {
        "name" : "mdadm_raid5_read",
        "directory" : "/mnt/mdadm_test/raid5",
        "ioengine" : "libaio",
        "direct" : "1",
        "rw" : "read",
        "bs" : "1m",
        "size" : "5G",
        "numjobs" : "1",
        "iodepth" : "32",
        "runtime" : "60",
        "ramp_time" : "5"
      },
      "read" : {
        "io_bytes" : 95117377536,
        "io_kbytes" : 92888064,
        "bw_bytes" : 1585051867,
        "bw" : 1547902,
        "iops" : 1511.090003,
        "runtime" : 60009,
        "total_ios" : 90679,
        "short_ios" : 0,
        "drop_ios" : 0,
        "slat_ns" : {
          "min" : 74714,
          "max" : 20232214,
          "mean" : 659076.715902,
          "stddev" : 1465149.321228,
          "N" : 90680
        },
        "clat_ns" : {
          "min" : 7704446,
          "max" : 40188339,
          "mean" : 20514622.022247,
          "stddev" : 2238788.824314,
          "N" : 90710,
          "percentile" : {
            "1.000000" : 14090240,
            "5.000000" : 15269888,
            "10.000000" : 18481152,
            "20.000000" : 19791872,
            "30.000000" : 20054016,
            "40.000000" : 20578304,
            "50.000000" : 20840448,
            "60.000000" : 21102592,
            "70.000000" : 21364736,
            "80.000000" : 21626880,
            "90.000000" : 22413312,
            "95.000000" : 22937600,
            "99.000000" : 26869760,
            "99.500000" : 28442624,
            "99.900000" : 32899072,
            "99.950000" : 34340864,
            "99.990000" : 36438016
          }
        },
        "lat_ns" : {
          "min" : 11877301,
          "max" : 41818550,
          "mean" : 21173715.354051,
          "stddev" : 2182841.192372,
          "N" : 90710
        },
        "bw_min" : 1490944,
        "bw_max" : 1601536,
        "bw_agg" : 100.000000,
        "bw_mean" : 1548351.571429,
        "bw_dev" : 22032.954390,
        "bw_samples" : 119,
        "iops_min" : 1456,
        "iops_max" : 1564,
        "iops_mean" : 1511.983193,
        "iops_stddev" : 21.559136,
        "iops_samples" : 119
      },
      "write" : {
        "io_bytes" : 0,
        "io_kbytes" : 0,
        "bw_bytes" : 0,
        "bw" : 0,
        "iops" : 0.000000,
        "runtime" : 0,
        "total_ios" : 0,
        "short_ios" : 0,
        "drop_ios" : 0,
        "slat_ns" : {
          "min" : 0,
          "max" : 0,
          "mean" : 0.000000,
          "stddev" : 0.000000,
          "N" : 0
        },
        "clat_ns" : {
          "min" : 0,
          "max" : 0,
          "mean" : 0.000000,
          "stddev" : 0.000000,
          "N" : 0
        },
        "lat_ns" : {
          "min" : 0,
          "max" : 0,
          "mean" : 0.000000,
          "stddev" : 0.000000,
          "N" : 0
        },
        "bw_min" : 0,
        "bw_max" : 0,
        "bw_agg" : 0.000000,
        "bw_mean" : 0.000000,
        "bw_dev" : 0.000000,
        "bw_samples" : 0,
        "iops_min" : 0,
        "iops_max" : 0,
        "iops_mean" : 0.000000,
        "iops_stddev" : 0.000000,
        "iops_samples" : 0
      },
      "trim" : {
        "io_bytes" : 0,
        "io_kbytes" : 0,
        "bw_bytes" : 0,
        "bw" : 0,
        "iops" : 0.000000,
        "runtime" : 0,
        "total_ios" : 0,
        "short_ios" : 0,
        "drop_ios" : 0,
        "slat_ns" : {
          "min" : 0,
          "max" : 0,
          "mean" : 0.000000,
          "stddev" : 0.000000,
          "N" : 0
        },
        "clat_ns" : {
          "min" : 0,
          "max" : 0,
          "mean" : 0.000000,
          "stddev" : 0.000000,
          "N" : 0
        },
        "lat_ns" : {
          "min" : 0,
          "max" : 0,
          "mean" : 0.000000,
          "stddev" : 0.000000,
          "N" : 0
        },
        "bw_min" : 0,
        "bw_max" : 0,
        "bw_agg" : 0.000000,
        "bw_mean" : 0.000000,
        "bw_dev" : 0.000000,
        "bw_samples" : 0,
        "iops_min" : 0,
        "iops_max" : 0,
        "iops_mean" : 0.000000,
        "iops_stddev" : 0.000000,
        "iops_samples" : 0
      },
      "sync" : {
        "total_ios" : 0,
        "lat_ns" : {
          "min" : 0,
          "max" : 0,
          "mean" : 0.000000,
          "stddev" : 0.000000,
          "N" : 0
        }
      },
      "job_runtime" : 60008,
      "usr_cpu" : 0.266631,
      "sys_cpu" : 41.757766,
      "ctx" : 223093,
      "majf" : 0,
      "minf" : 37,
      "iodepth_level" : {
        "1" : 0.000000,
        "2" : 0.000000,
        "4" : 0.000000,
        "8" : 0.000000,
        "16" : 0.000000,
        "32" : 100.000000,
        ">=64" : 0.000000
      },
      "iodepth_submit" : {
        "0" : 0.000000,
        "4" : 100.000000,
        "8" : 0.000000,
        "16" : 0.000000,
        "32" : 0.000000,
        "64" : 0.000000,
        ">=64" : 0.000000
      },
      "iodepth_complete" : {
        "0" : 0.000000,
        "4" : 99.998897,
        "8" : 0.000000,
        "16" : 0.000000,
        "32" : 0.100000,
        "64" : 0.000000,
        ">=64" : 0.000000
      },
      "latency_ns" : {
        "2" : 0.000000,
        "4" : 0.000000,
        "10" : 0.000000,
        "20" : 0.000000,
        "50" : 0.000000,
        "100" : 0.000000,
        "250" : 0.000000,
        "500" : 0.000000,
        "750" : 0.000000,
        "1000" : 0.000000
      },
      "latency_us" : {
        "2" : 0.000000,
        "4" : 0.000000,
        "10" : 0.000000,
        "20" : 0.000000,
        "50" : 0.000000,
        "100" : 0.000000,
        "250" : 0.000000,
        "500" : 0.000000,
        "750" : 0.000000,
        "1000" : 0.000000
      },
      "latency_ms" : {
        "2" : 0.000000,
        "4" : 0.000000,
        "10" : 0.010000,
        "20" : 26.511100,
        "50" : 73.521984,
        "100" : 0.000000,
        "250" : 0.000000,
        "500" : 0.000000,
        "750" : 0.000000,
        "1000" : 0.000000,
        "2000" : 0.000000,
        ">=2000" : 0.000000
      },
      "latency_depth" : 32,
      "latency_target" : 0,
      "latency_percentile" : 100.000000,
      "latency_window" : 0
    }
  ],
  "disk_util" : [
    {
      "name" : "md5",
      "read_ios" : 97864,
      "write_ios" : 82,
      "read_sectors" : 200425472,
      "write_sectors" : 35336,
      "read_merges" : 0,
      "write_merges" : 0,
      "read_ticks" : 734038,
      "write_ticks" : 299296,
      "in_queue" : 1033334,
      "util" : 100.000000,
      "aggr_read_ios" : 207131,
      "aggr_write_ios" : 1601,
      "aggr_read_sectors" : 51063996,
      "aggr_write_sectors" : 331453,
      "aggr_read_merges" : 6175890,
      "aggr_write_merge" : 39854,
      "aggr_read_ticks" : 105952,
      "aggr_write_ticks" : 1456,
      "aggr_in_queue" : 107421,
      "aggr_util" : 76.423340
    },
    {
      "name" : "nvme3n1",
      "read_ios" : 208063,
      "write_ios" : 153,
      "read_sectors" : 51383784,
      "write_sectors" : 14821,
      "read_merges" : 6214911,
      "write_merges" : 1729,
      "read_ticks" : 111574,
      "write_ticks" : 76,
      "in_queue" : 111668,
      "util" : 74.870745
    },
    {
      "name" : "nvme5n1",
      "read_ios" : 203068,
      "write_ios" : 5967,
      "read_sectors" : 50110592,
      "write_sectors" : 1282469,
      "read_merges" : 6060756,
      "write_merges" : 154352,
      "read_ticks" : 117173,
      "write_ticks" : 5600,
      "in_queue" : 122782,
      "util" : 76.423340
    },
    {
      "name" : "nvme1n1",
      "read_ios" : 208281,
      "write_ios" : 152,
      "read_sectors" : 51384312,
      "write_sectors" : 12861,
      "read_merges" : 6214792,