{
  "fio version" : "fio-3.36",
  "timestamp" : 1768538069,
  "timestamp_ms" : 1768538069194,
  "time" : "Fri Jan 16 13:34:29 2026",
  "jobs" : [
    {
      "jobname" : "mdadm_raid10_write",
      "groupid" : 0,
      "job_start" : 1768538009157,
      "error" : 0,
      "eta" : 0,
      "elapsed" : 66,
      "job options" : {
        "name" : "mdadm_raid10_write",
        "directory" : "/mnt/mdadm_test/raid10",
        "ioengine" : "libaio",
        "direct" : "1",
        "rw" : "write",
        "bs" : "128k",
        "size" : "10G",
        "numjobs" : "1",
        "iodepth" : "32",
        "runtime" : "60",
        "ramp_time" : "5"
      },
      "read" : {
        "io_bytes" : 0,
        "io_kbytes" : 0,
        "bw_bytes" : 0,
        "bw" : 0,
        "iops" : 0.000000,
        "runtime" : 0,
        "total_ios" : 0,
        "short_ios" : 0,
        "drop_ios" : 0,
        "slat_ns" : {
          "min" : 0,
          "max" : 0,
          "mean" : 0.000000,
          "stddev" : 0.000000,
          "N" : 0
        },
        "clat_ns" : {
          "min" : 0,
          "max" : 0,
          "mean" : 0.000000,
          "stddev" : 0.000000,
          "N" : 0
        },
        "lat_ns" : {
          "min" : 0,
          "max" : 0,
          "mean" : 0.000000,
          "stddev" : 0.000000,
          "N" : 0
        },
        "bw_min" : 0,
        "bw_max" : 0,
        "bw_agg" : 0.000000,
        "bw_mean" : 0.000000,
        "bw_dev" : 0.000000,
        "bw_samples" : 0,
        "iops_min" : 0,
        "iops_max" : 0,
        "iops_mean" : 0.000000,
        "iops_stddev" : 0.000000,
        "iops_samples" : 0
      },
      "write" : {
        "io_bytes" : 251996930048,
        "io_kbytes" : 246090752,
        "bw_bytes" : 4199878836,
        "bw" : 4101444,
        "iops" : 32041.999300,
        "runtime" : 60001,
        "total_ios" : 1922552,
        "short_ios" : 0,
        "drop_ios" : 0,
        "slat_ns" : {
          "min" : 16254,
          "max" : 15822480,
          "mean" : 23556.519203,
          "stddev" : 16799.260762,
          "N" : 1922553
        },
        "clat_ns" : {
          "min" : 2313,
          "max" : 27461271,
          "mean" : 974799.818986,
          "stddev" : 1670154.492089,
          "N" : 1922583,
          "percentile" : {
            "1.000000" : 49920,
            "5.000000" : 117248,
            "10.000000" : 313344,
            "20.000000" : 610304,
            "30.000000" : 618496,
            "40.000000" : 626688,
            "50.000000" : 643072,
            "60.000000" : 700416,
            "70.000000" : 831488,
            "80.000000" : 978944,
            "90.000000" : 1564672,
            "95.000000" : 2023424,
            "99.000000" : 9895936,
            "99.500000" : 16187392,
            "99.900000" : 19791872,
            "99.950000" : 20578304,
            "99.990000" : 22151168
          }
        },
        "lat_ns" : {
          "min" : 52569,
          "max" : 27479038,
          "mean" : 998356.267889,
          "stddev" : 1671577.299548,
          "N" : 1922583
        },
        "bw_min" : 3437568,
        "bw_max" : 5155328,
        "bw_agg" : 100.000000,
        "bw_mean" : 4104679.016807,
        "bw_dev" : 348544.564350,
        "bw_samples" : 119,
        "iops_min" : 26856,
        "iops_max" : 40276,
        "iops_mean" : 32067.731092,
        "iops_stddev" : 2722.944178,
        "iops_samples" : 119
      },
      "trim" : {
        "io_bytes" : 0,
        "io_kbytes" : 0,
        "bw_bytes" : 0,
        "bw" : 0,
        "iops" : 0.000000,
        "runtime" : 0,
        "total_ios" : 0,
        "short_ios" : 0,
        "drop_ios" : 0,
        "slat_ns" : {
          "min" : 0,
          "max" : 0,
          "mean" : 0.000000,
          "stddev" : 0.000000,
          "N" : 0
        },
        "clat_ns" : {
          "min" : 0,
          "max" : 0,
          "mean" : 0.000000,
          "stddev" : 0.000000,
          "N" : 0
        },
        "lat_ns" : {
          "min" : 0,
          "max" : 0,
          "mean" : 0.000000,
          "stddev" : 0.000000,
          "N" : 0
        },
        "bw_min" : 0,
        "bw_max" : 0,
        "bw_agg" : 0.000000,
        "bw_mean" : 0.000000,
        "bw_dev" : 0.000000,
        "bw_samples" : 0,
        "iops_min" : 0,
        "iops_max" : 0,
        "iops_mean" : 0.000000,
        "iops_stddev" : 0.000000,
        "iops_samples" : 0
      },
      "sync" : {
        "total_ios" : 0,
        "lat_ns" : {
          "min" : 0,
          "max" : 0,
          "mean" : 0.000000,
          "stddev" : 0.000000,
          "N" : 0
        }
      },
      "job_runtime" : 60000,
      "usr_cpu" : 5.253333,
      "sys_cpu" : 70.663333,
      "ctx" : 437661,
      "majf" : 0,
      "minf" : 43,
      "iodepth_level" : {
        "1" : 0.000000,
        "2" : 0.000000,
        "4" : 0.000000,
        "8" : 0.000000,
        "16" : 0.000000,
        "32" : 100.000000,
        ">=64" : 0.000000
      },
      "iodepth_submit" : {
        "0" : 0.000000,
        "4" : 100.000000,
        "8" : 0.000000,
        "16" : 0.000000,
        "32" : 0.000000,
        "64" : 0.000000,
        ">=64" : 0.000000
      },
      "iodepth_complete" : {
        "0" : 0.000000,
        "4" : 99.999948,
        "8" : 0.000000,
        "16" : 0.000000,
        "32" : 0.100000,
        "64" : 0.000000,
        ">=64" : 0.000000
      },
      "latency_ns" : {
        "2" : 0.000000,
        "4" : 0.000000,
        "10" : 0.000000,
        "20" : 0.000000,
        "50" : 0.000000,
        "100" : 0.000000,
        "250" : 0.000000,
        "500" : 0.000000,
        "750" : 0.000000,
        "1000" : 0.000000
      },
      "latency_us" : {
        "2" : 0.000000,
        "4" : 0.010000,
        "10" : 0.010000,
        "20" : 0.010000,
        "50" : 1.024524,
        "100" : 3.222904,
        "250" : 4.363575,
        "500" : 5.184775,
        "750" : 49.097554,
        "1000" : 18.193110
      },
      "latency_ms" : {
        "2" : 13.730344,
        "4" : 3.592985,
        "10" : 0.630620,
        "20" : 0.878052,
        "50" : 0.083015,
        "100" : 0.000000,
        "250" : 0.000000,
        "500" : 0.000000,
        "750" : 0.000000,
        "1000" : 0.000000,
        "2000" : 0.000000,
        ">=2000" : 0.000000
      },
      "latency_depth" : 32,
      "latency_target" : 0,
      "latency_percentile" : 100.000000,
      "latency_window" : 0
    }
  ],
  "disk_util" : [
    {
      "name" : "md10",
      "read_ios" : 1,
      "write_ios" : 2093744,
      "read_sectors" : 8,
      "write_sectors" : 535337728,
      "read_merges" : 0,
      "write_merges" : 0,
      "read_ticks" : 0,
      "write_ticks" : 869473,
      "in_queue" : 869473,
      "util" : 99.964448,
      "aggr_read_ios" : 0,
      "aggr_write_ios" : 1050877,
      "aggr_read_sectors" : 2,
      "aggr_write_sectors" : 268666078,
      "aggr_read_merges" : 0,
      "aggr_write_merge" : 97,
      "aggr_read_ticks" : 0,
      "aggr_write_ticks" : 241967,
      "aggr_in_queue" : 242076,
      "aggr_util" : 61.996953
    },
    {
      "name" : "nvme3n1",
      "read_ios" : 0,
      "write_ios" : 1051138,
      "read_sectors" : 0,
      "write_sectors" : 268669278,
      "read_merges" : 0,
      "write_merges" : 190,
      "read_ticks" : 0,
      "write_ticks" : 326992,
      "in_queue" : 327095,
      "util" : 61.996953
    },
    {
      "name" : "nvme5n1",
      "read_ios" : 1,
      "write_ios" : 1050617,
      "read_sectors" : 8,
      "write_sectors" : 268662878,
      "read_merges" : 0,
      "write_merges" : 4,
      "read_ticks" : 1,
      "write_ticks" : 182369,
      "in_queue" : 182467,
      "util" : 58.168024
    },
    {
      "name" : "nvme1n1",
      "read_ios" : 0,
      "write_ios" : 1051138,
      "read_sectors" : 0,
      "write_sectors" : 268669278,
      "read_merges" : 0,
      "write_merges" : 190,
      "read_ticks" : 0,
      "write_ticks" : 293251,