{
  "fio version" : "fio-3.36",
  "timestamp" : 1768531871,
  "timestamp_ms" : 1768531871843,
  "time" : "Fri Jan 16 11:51:11 2026",
  "jobs" : [
    {
      "jobname" : "mdadm_raid6_read",
      "groupid" : 0,
      "job_start" : 1768531811812,
      "error" : 0,
      "eta" : 0,
      "elapsed" : 66,
      "job options" : {
        "name" : "mdadm_raid6_read",
        "directory" : "/mnt/mdadm_test/raid6",
        "ioengine" : "libaio",
        "direct" : "1",
        "rw" : "read",
        "bs" : "1m",
        "size" : "1G",
        "numjobs" : "1",
        "iodepth" : "32",
        "runtime" : "60",
        "ramp_time" : "5"
      },
      "read" : {
        "io_bytes" : 721815601152,
        "io_kbytes" : 704898048,
        "bw_bytes" : 12030059518,
        "bw" : 11748104,
        "iops" : 11472.225463,
        "runtime" : 60001,
        "total_ios" : 688345,
        "short_ios" : 0,
        "drop_ios" : 0,
        "slat_ns" : {
          "min" : 55494,
          "max" : 461900,
          "mean" : 85836.287767,
          "stddev" : 18156.105506,
          "N" : 688346
        },
        "clat_ns" : {
          "min" : 227655,
          "max" : 7876748,
          "mean" : 2703121.147117,
          "stddev" : 324284.438593,
          "N" : 688376,
          "percentile" : {
            "1.000000" : 2342912,
            "5.000000" : 2408448,
            "10.000000" : 2441216,
            "20.000000" : 2506752,
            "30.000000" : 2539520,
            "40.000000" : 2539520,
            "50.000000" : 2572288,
            "60.000000" : 2605056,
            "70.000000" : 2670592,
            "80.000000" : 2768896,
            "90.000000" : 3325952,
            "95.000000" : 3358720,
            "99.000000" : 3489792,
            "99.500000" : 3522560,
            "99.900000" : 3620864,
            "99.950000" : 3653632,
            "99.990000" : 5996544
          }
        },
        "lat_ns" : {
          "min" : 318543,
          "max" : 7953975,
          "mean" : 2788957.204998,
          "stddev" : 333844.253656,
          "N" : 688376
        },
        "bw_min" : 9541632,
        "bw_max" : 12505088,
        "bw_agg" : 100.000000,
        "bw_mean" : 11772438.638655,
        "bw_dev" : 1210835.603643,
        "bw_samples" : 119,
        "iops_min" : 9318,
        "iops_max" : 12212,
        "iops_mean" : 11496.420168,
        "iops_stddev" : 1182.495892,
        "iops_samples" : 119
      },
      "write" : {
        "io_bytes" : 0,
        "io_kbytes" : 0,
        "bw_bytes" : 0,
        "bw" : 0,
        "iops" : 0.000000,
        "runtime" : 0,
        "total_ios" : 0,
        "short_ios" : 0,
        "drop_ios" : 0,
        "slat_ns" : {
          "min" : 0,
          "max" : 0,
          "mean" : 0.000000,
          "stddev" : 0.000000,
          "N" : 0
        },
        "clat_ns" : {
          "min" : 0,
          "max" : 0,
          "mean" : 0.000000,
          "stddev" : 0.000000,
          "N" : 0
        },
        "lat_ns" : {
          "min" : 0,
          "max" : 0,
          "mean" : 0.000000,
          "stddev" : 0.000000,
          "N" : 0
        },
        "bw_min" : 0,
        "bw_max" : 0,
        "bw_agg" : 0.000000,
        "bw_mean" : 0.000000,
        "bw_dev" : 0.000000,
        "bw_samples" : 0,
        "iops_min" : 0,
        "iops_max" : 0,
        "iops_mean" : 0.000000,
        "iops_stddev" : 0.000000,
        "iops_samples" : 0
      },
      "trim" : {
        "io_bytes" : 0,
        "io_kbytes" : 0,
        "bw_bytes" : 0,
        "bw" : 0,
        "iops" : 0.000000,
        "runtime" : 0,
        "total_ios" : 0,
        "short_ios" : 0,
        "drop_ios" : 0,
        "slat_ns" : {
          "min" : 0,
          "max" : 0,
          "mean" : 0.000000,
          "stddev" : 0.000000,
          "N" : 0
        },
        "clat_ns" : {
          "min" : 0,
          "max" : 0,
          "mean" : 0.000000,
          "stddev" : 0.000000,
          "N" : 0
        },
        "lat_ns" : {
          "min" : 0,
          "max" : 0,
          "mean" : 0.000000,
          "stddev" : 0.000000,
          "N" : 0
        },
        "bw_min" : 0,
        "bw_max" : 0,
        "bw_agg" : 0.000000,
        "bw_mean" : 0.000000,
        "bw_dev" : 0.000000,
        "bw_samples" : 0,
        "iops_min" : 0,
        "iops_max" : 0,
        "iops_mean" : 0.000000,
        "iops_stddev" : 0.000000,
        "iops_samples" : 0
      },
      "sync" : {
        "total_ios" : 0,
        "lat_ns" : {
          "min" : 0,
          "max" : 0,
          "mean" : 0.000000,
          "stddev" : 0.000000,
          "N" : 0
        }
      },
      "job_runtime" : 60000,
      "usr_cpu" : 1.053333,
      "sys_cpu" : 98.275000,
      "ctx" : 23737,
      "majf" : 0,
      "minf" : 44,
      "iodepth_level" : {
        "1" : 0.000000,
        "2" : 0.000000,
        "4" : 0.000000,
        "8" : 0.000000,
        "16" : 0.000000,
        "32" : 100.000000,
        ">=64" : 0.000000
      },
      "iodepth_submit" : {
        "0" : 0.000000,
        "4" : 100.000000,
        "8" : 0.000000,
        "16" : 0.000000,
        "32" : 0.000000,
        "64" : 0.000000,
        ">=64" : 0.000000
      },
      "iodepth_complete" : {
        "0" : 0.000000,
        "4" : 99.999855,
        "8" : 0.000000,
        "16" : 0.000000,
        "32" : 0.100000,
        "64" : 0.000000,
        ">=64" : 0.000000
      },
      "latency_ns" : {
        "2" : 0.000000,
        "4" : 0.000000,
        "10" : 0.000000,
        "20" : 0.000000,
        "50" : 0.000000,
        "100" : 0.000000,
        "250" : 0.000000,
        "500" : 0.000000,
        "750" : 0.000000,
        "1000" : 0.000000
      },
      "latency_us" : {
        "2" : 0.000000,
        "4" : 0.000000,
        "10" : 0.000000,
        "20" : 0.000000,
        "50" : 0.000000,
        "100" : 0.000000,
        "250" : 0.010000,
        "500" : 0.010000,
        "750" : 0.010000,
        "1000" : 0.010000
      },
      "latency_ms" : {
        "2" : 0.010000,
        "4" : 99.970364,
        "10" : 0.031670,
        "20" : 0.000000,
        "50" : 0.000000,
        "100" : 0.000000,
        "250" : 0.000000,
        "500" : 0.000000,
        "750" : 0.000000,
        "1000" : 0.000000,
        "2000" : 0.000000,
        ">=2000" : 0.000000
      },
      "latency_depth" : 32,
      "latency_target" : 0,
      "latency_percentile" : 100.000000,
      "latency_window" : 0
    }
  ],
  "disk_util" : [
    {
      "name" : "md6",
      "read_ios" : 1496570,
      "write_ios" : 208,
      "read_sectors" : 1532487680,
      "write_sectors" : 217904,
      "read_merges" : 0,
      "write_merges" : 0,
      "read_ticks" : 406701,
      "write_ticks" : 530,
      "in_queue" : 407231,
      "util" : 100.000000,
      "aggr_read_ios" : 1496617,
      "aggr_write_ios" : 851,
      "aggr_read_sectors" : 383126584,
      "aggr_write_sectors" : 118081,
      "aggr_read_merges" : 535,
      "aggr_write_merge" : 14112,
      "aggr_read_ticks" : 318720,
      "aggr_write_ticks" : 232,
      "aggr_in_queue" : 319008,
      "aggr_util" : 95.824034
    },
    {
      "name" : "nvme3n1",
      "read_ios" : 1496600,
      "write_ios" : 855,
      "read_sectors" : 383123784,
      "write_sectors" : 117941,
      "read_merges" : 141,
      "write_merges" : 14091,
      "read_ticks" : 317026,
      "write_ticks" : 226,
      "in_queue" : 317309,
      "util" : 92.293010
    },
    {
      "name" : "nvme5n1",
      "read_ios" : 1496568,
      "write_ios" : 854,
      "read_sectors" : 383121408,
      "write_sectors" : 118349,
      "read_merges" : 0,
      "write_merges" : 14143,
      "read_ticks" : 323052,
      "write_ticks" : 232,
      "in_queue" : 323332,
      "util" : 92.837902
    },
    {
      "name" : "nvme1n1",
      "read_ios" : 1496646,
      "write_ios" : 851,
      "read_sectors" : 383130072,
      "write_sectors" : 118005,
      "read_merges" : 1005,
      "write_merges" : 14103,