{
  "fio version" : "fio-3.36",
  "timestamp" : 1768528304,
  "timestamp_ms" : 1768528304390,
  "time" : "Fri Jan 16 10:51:44 2026",
  "jobs" : [
    {
      "jobname" : "mdadm_raid5_write",
      "groupid" : 0,
      "job_start" : 1768528244354,
      "error" : 0,
      "eta" : 0,
      "elapsed" : 66,
      "job options" : {
        "name" : "mdadm_raid5_write",
        "directory" : "/mnt/mdadm_test/raid5",
        "ioengine" : "libaio",
        "direct" : "1",
        "rw" : "write",
        "bs" : "128k",
        "size" : "1G",
        "numjobs" : "1",
        "iodepth" : "32",
        "runtime" : "60",
        "ramp_time" : "5"
      },
      "read" : {
        "io_bytes" : 0,
        "io_kbytes" : 0,
        "bw_bytes" : 0,
        "bw" : 0,
        "iops" : 0.000000,
        "runtime" : 0,
        "total_ios" : 0,
        "short_ios" : 0,
        "drop_ios" : 0,
        "slat_ns" : {
          "min" : 0,
          "max" : 0,
          "mean" : 0.000000,
          "stddev" : 0.000000,
          "N" : 0
        },
        "clat_ns" : {
          "min" : 0,
          "max" : 0,
          "mean" : 0.000000,
          "stddev" : 0.000000,
          "N" : 0
        },
        "lat_ns" : {
          "min" : 0,
          "max" : 0,
          "mean" : 0.000000,
          "stddev" : 0.000000,
          "N" : 0
        },
        "bw_min" : 0,
        "bw_max" : 0,
        "bw_agg" : 0.000000,
        "bw_mean" : 0.000000,
        "bw_dev" : 0.000000,
        "bw_samples" : 0,
        "iops_min" : 0,
        "iops_max" : 0,
        "iops_mean" : 0.000000,
        "iops_stddev" : 0.000000,
        "iops_samples" : 0
      },
      "write" : {
        "io_bytes" : 58377240576,
        "io_kbytes" : 57009024,
        "bw_bytes" : 972921578,
        "bw" : 950118,
        "iops" : 7422.269258,
        "runtime" : 60002,
        "total_ios" : 445351,
        "short_ios" : 0,
        "drop_ios" : 0,
        "slat_ns" : {
          "min" : 19700,
          "max" : 16242147,
          "mean" : 64916.799907,
          "stddev" : 61007.237432,
          "N" : 445352
        },
        "clat_ns" : {
          "min" : 185161,
          "max" : 89722849,
          "mean" : 4245679.271562,
          "stddev" : 3262228.659334,
          "N" : 445382,
          "percentile" : {
            "1.000000" : 1826816,
            "5.000000" : 2375680,
            "10.000000" : 2670592,
            "20.000000" : 2998272,
            "30.000000" : 3260416,
            "40.000000" : 3489792,
            "50.000000" : 3686400,
            "60.000000" : 3915776,
            "70.000000" : 4177920,
            "80.000000" : 4489216,
            "90.000000" : 5144576,
            "95.000000" : 5996544,
            "99.000000" : 23986176,
            "99.500000" : 25821184,
            "99.900000" : 29491200,
            "99.950000" : 36962304,
            "99.990000" : 43778048
          }
        },
        "lat_ns" : {
          "min" : 236589,
          "max" : 89812575,
          "mean" : 4310596.379443,
          "stddev" : 3263938.546410,
          "N" : 445382
        },
        "bw_min" : 692328,
        "bw_max" : 1156864,
        "bw_agg" : 100.000000,
        "bw_mean" : 950592.525000,
        "bw_dev" : 92852.951621,
        "bw_samples" : 120,
        "iops_min" : 5408,
        "iops_max" : 9038,
        "iops_mean" : 7426.366667,
        "iops_stddev" : 725.428079,
        "iops_samples" : 120
      },
      "trim" : {
        "io_bytes" : 0,
        "io_kbytes" : 0,
        "bw_bytes" : 0,
        "bw" : 0,
        "iops" : 0.000000,
        "runtime" : 0,
        "total_ios" : 0,
        "short_ios" : 0,
        "drop_ios" : 0,
        "slat_ns" : {
          "min" : 0,
          "max" : 0,
          "mean" : 0.000000,
          "stddev" : 0.000000,
          "N" : 0
        },
        "clat_ns" : {
          "min" : 0,
          "max" : 0,
          "mean" : 0.000000,
          "stddev" : 0.000000,
          "N" : 0
        },
        "lat_ns" : {
          "min" : 0,
          "max" : 0,
          "mean" : 0.000000,
          "stddev" : 0.000000,
          "N" : 0
        },
        "bw_min" : 0,
        "bw_max" : 0,
        "bw_agg" : 0.000000,
        "bw_mean" : 0.000000,
        "bw_dev" : 0.000000,
        "bw_samples" : 0,
        "iops_min" : 0,
        "iops_max" : 0,
        "iops_mean" : 0.000000,
        "iops_stddev" : 0.000000,
        "iops_samples" : 0
      },
      "sync" : {
        "total_ios" : 0,
        "lat_ns" : {
          "min" : 0,
          "max" : 0,
          "mean" : 0.000000,
          "stddev" : 0.000000,
          "N" : 0
        }
      },
      "job_runtime" : 60001,
      "usr_cpu" : 5.978234,
      "sys_cpu" : 43.607607,
      "ctx" : 41868,
      "majf" : 0,
      "minf" : 43,
      "iodepth_level" : {
        "1" : 0.000000,
        "2" : 0.000000,
        "4" : 0.000000,
        "8" : 0.000000,
        "16" : 0.000000,
        "32" : 100.000000,
        ">=64" : 0.000000
      },
      "iodepth_submit" : {
        "0" : 0.000000,
        "4" : 100.000000,
        "8" : 0.000000,
        "16" : 0.000000,
        "32" : 0.000000,
        "64" : 0.000000,
        ">=64" : 0.000000
      },
      "iodepth_complete" : {
        "0" : 0.000000,
        "4" : 99.999775,
        "8" : 0.000000,
        "16" : 0.000000,
        "32" : 0.100000,
        "64" : 0.000000,
        ">=64" : 0.000000
      },
      "latency_ns" : {
        "2" : 0.000000,
        "4" : 0.000000,
        "10" : 0.000000,
        "20" : 0.000000,
        "50" : 0.000000,
        "100" : 0.000000,
        "250" : 0.000000,
        "500" : 0.000000,
        "750" : 0.000000,
        "1000" : 0.000000
      },
      "latency_us" : {
        "2" : 0.000000,
        "4" : 0.000000,
        "10" : 0.000000,
        "20" : 0.000000,
        "50" : 0.000000,
        "100" : 0.000000,
        "250" : 0.010000,
        "500" : 0.010000,
        "750" : 0.012350,
        "1000" : 0.017290
      },
      "latency_ms" : {
        "2" : 1.750529,
        "4" : 61.744332,
        "10" : 33.808165,
        "20" : 0.752665,
        "50" : 1.903218,
        "100" : 0.010000,
        "250" : 0.000000,
        "500" : 0.000000,
        "750" : 0.000000,
        "1000" : 0.000000,
        "2000" : 0.000000,
        ">=2000" : 0.000000
      },
      "latency_depth" : 32,
      "latency_target" : 0,
      "latency_percentile" : 100.000000,
      "latency_window" : 0
    }
  ],
  "disk_util" : [
    {
      "name" : "md5",
      "read_ios" : 767,
      "write_ios" : 481689,
      "read_sectors" : 6136,
      "write_sectors" : 123736456,
      "read_merges" : 0,
      "write_merges" : 0,
      "read_ticks" : 2401,
      "write_ticks" : 1797349,
      "in_queue" : 1799750,
      "util" : 100.000000,
      "aggr_read_ios" : 56232,
      "aggr_write_ios" : 265463,
      "aggr_read_sectors" : 10051110,
      "aggr_write_sectors" : 43020501,
      "aggr_read_merges" : 1200185,
      "aggr_write_merge" : 5112123,
      "aggr_read_ticks" : 43780,
      "aggr_write_ticks" : 116332,
      "aggr_in_queue" : 160143,
      "aggr_util" : 75.898793
    },
    {
      "name" : "nvme3n1",
      "read_ios" : 62630,
      "write_ios" : 261727,
      "read_sectors" : 11207216,
      "write_sectors" : 41984513,
      "read_merges" : 1338332,
      "write_merges" : 4986374,
      "read_ticks" : 57766,
      "write_ticks" : 80746,
      "in_queue" : 138557,
      "util" : 72.220512
    },
    {
      "name" : "nvme5n1",
      "read_ios" : 36401,
      "write_ios" : 278299,
      "read_sectors" : 6865872,
      "write_sectors" : 46266825,
      "read_merges" : 821833,
      "write_merges" : 5505042,
      "read_ticks" : 28916,
      "write_ticks" : 172179,
      "in_queue" : 201138,
      "util" : 71.415600
    },
    {
      "name" : "nvme1n1",
      "read_ios" : 66697,
      "write_ios" : 261039,
      "read_sectors" : 11520272,
      "write_sectors" : 41923361,
      "read_merges" : 1373366,