{
  "fio version" : "fio-3.36",
  "timestamp" : 1768538147,
  "timestamp_ms" : 1768538147161,
  "time" : "Fri Jan 16 13:35:47 2026",
  "jobs" : [
    {
      "jobname" : "mdadm_raid10_read",
      "groupid" : 0,
      "job_start" : 1768538087126,
      "error" : 0,
      "eta" : 0,
      "elapsed" : 66,
      "job options" : {
        "name" : "mdadm_raid10_read",
        "directory" : "/mnt/mdadm_test/raid10",
        "ioengine" : "libaio",
        "direct" : "1",
        "rw" : "read",
        "bs" : "128k",
        "size" : "10G",
        "numjobs" : "1",
        "iodepth" : "32",
        "runtime" : "60",
        "ramp_time" : "5"
      },
      "read" : {
        "io_bytes" : 533749694464,
        "io_kbytes" : 521239936,
        "bw_bytes" : 8895679979,
        "bw" : 8687187,
        "iops" : 67868.118865,
        "runtime" : 60001,
        "total_ios" : 4072155,
        "short_ios" : 0,
        "drop_ios" : 0,
        "slat_ns" : {
          "min" : 9745,
          "max" : 2708244,
          "mean" : 13623.827573,
          "stddev" : 6413.886857,
          "N" : 4072156
        },
        "clat_ns" : {
          "min" : 225762,
          "max" : 8561565,
          "mean" : 457659.967370,
          "stddev" : 96688.143748,
          "N" : 4072186,
          "percentile" : {
            "1.000000" : 370688,
            "5.000000" : 391168,
            "10.000000" : 403456,
            "20.000000" : 415744,
            "30.000000" : 428032,
            "40.000000" : 440320,
            "50.000000" : 448512,
            "60.000000" : 460800,
            "70.000000" : 473088,
            "80.000000" : 489472,
            "90.000000" : 518144,
            "95.000000" : 544768,
            "99.000000" : 602112,
            "99.500000" : 626688,
            "99.900000" : 1056768,
            "99.950000" : 1171456,
            "99.990000" : 5603328
          }
        },
        "lat_ns" : {
          "min" : 242688,
          "max" : 8578761,
          "mean" : 471283.812360,
          "stddev" : 98514.646373,
          "N" : 4072186
        },
        "bw_min" : 7753216,
        "bw_max" : 9116472,
        "bw_agg" : 100.000000,
        "bw_mean" : 8688767.092437,
        "bw_dev" : 390765.169440,
        "bw_samples" : 119,
        "iops_min" : 60572,
        "iops_max" : 71222,
        "iops_mean" : 67880.873950,
        "iops_stddev" : 3052.839358,
        "iops_samples" : 119
      },
      "write" : {
        "io_bytes" : 0,
        "io_kbytes" : 0,
        "bw_bytes" : 0,
        "bw" : 0,
        "iops" : 0.000000,
        "runtime" : 0,
        "total_ios" : 0,
        "short_ios" : 0,
        "drop_ios" : 0,
        "slat_ns" : {
          "min" : 0,
          "max" : 0,
          "mean" : 0.000000,
          "stddev" : 0.000000,
          "N" : 0
        },
        "clat_ns" : {
          "min" : 0,
          "max" : 0,
          "mean" : 0.000000,
          "stddev" : 0.000000,
          "N" : 0
        },
        "lat_ns" : {
          "min" : 0,
          "max" : 0,
          "mean" : 0.000000,
          "stddev" : 0.000000,
          "N" : 0
        },
        "bw_min" : 0,
        "bw_max" : 0,
        "bw_agg" : 0.000000,
        "bw_mean" : 0.000000,
        "bw_dev" : 0.000000,
        "bw_samples" : 0,
        "iops_min" : 0,
        "iops_max" : 0,
        "iops_mean" : 0.000000,
        "iops_stddev" : 0.000000,
        "iops_samples" : 0
      },
      "trim" : {
        "io_bytes" : 0,
        "io_kbytes" : 0,
        "bw_bytes" : 0,
        "bw" : 0,
        "iops" : 0.000000,
        "runtime" : 0,
        "total_ios" : 0,
        "short_ios" : 0,
        "drop_ios" : 0,
        "slat_ns" : {
          "min" : 0,
          "max" : 0,
          "mean" : 0.000000,
          "stddev" : 0.000000,
          "N" : 0
        },
        "clat_ns" : {
          "min" : 0,
          "max" : 0,
          "mean" : 0.000000,
          "stddev" : 0.000000,
          "N" : 0
        },
        "lat_ns" : {
          "min" : 0,
          "max" : 0,
          "mean" : 0.000000,
          "stddev" : 0.000000,
          "N" : 0
        },
        "bw_min" : 0,
        "bw_max" : 0,
        "bw_agg" : 0.000000,
        "bw_mean" : 0.000000,
        "bw_dev" : 0.000000,
        "bw_samples" : 0,
        "iops_min" : 0,
        "iops_max" : 0,
        "iops_mean" : 0.000000,
        "iops_stddev" : 0.000000,
        "iops_samples" : 0
      },
      "sync" : {
        "total_ios" : 0,
        "lat_ns" : {
          "min" : 0,
          "max" : 0,
          "mean" : 0.000000,
          "stddev" : 0.000000,
          "N" : 0
        }
      },
      "job_runtime" : 60000,
      "usr_cpu" : 5.248333,
      "sys_cpu" : 94.163333,
      "ctx" : 23436,
      "majf" : 0,
      "minf" : 36,
      "iodepth_level" : {
        "1" : 0.000000,
        "2" : 0.000000,
        "4" : 0.000000,
        "8" : 0.000000,
        "16" : 0.000000,
        "32" : 100.000000,
        ">=64" : 0.000000
      },
      "iodepth_submit" : {
        "0" : 0.000000,
        "4" : 100.000000,
        "8" : 0.000000,
        "16" : 0.000000,
        "32" : 0.000000,
        "64" : 0.000000,
        ">=64" : 0.000000
      },
      "iodepth_complete" : {
        "0" : 0.000000,
        "4" : 99.999975,
        "8" : 0.000000,
        "16" : 0.000000,
        "32" : 0.100000,
        "64" : 0.000000,
        ">=64" : 0.000000
      },
      "latency_ns" : {
        "2" : 0.000000,
        "4" : 0.000000,
        "10" : 0.000000,
        "20" : 0.000000,
        "50" : 0.000000,
        "100" : 0.000000,
        "250" : 0.000000,
        "500" : 0.000000,
        "750" : 0.000000,
        "1000" : 0.000000
      },
      "latency_us" : {
        "2" : 0.000000,
        "4" : 0.000000,
        "10" : 0.000000,
        "20" : 0.000000,
        "50" : 0.000000,
        "100" : 0.000000,
        "250" : 0.010000,
        "500" : 84.052866,
        "750" : 15.781988,
        "1000" : 0.040003
      },
      "latency_ms" : {
        "2" : 0.097295,
        "4" : 0.010142,
        "10" : 0.018344,
        "20" : 0.000000,
        "50" : 0.000000,
        "100" : 0.000000,
        "250" : 0.000000,
        "500" : 0.000000,
        "750" : 0.000000,
        "1000" : 0.000000,
        "2000" : 0.000000,
        ">=2000" : 0.000000
      },
      "latency_depth" : 32,
      "latency_target" : 0,
      "latency_percentile" : 100.000000,
      "latency_window" : 0
    }
  ],
  "disk_util" : [
    {
      "name" : "md10",
      "read_ios" : 4372785,
      "write_ios" : 28,
      "read_sectors" : 1119432960,
      "write_sectors" : 224,
      "read_merges" : 0,
      "write_merges" : 0,
      "read_ticks" : 676470,
      "write_ticks" : 4,
      "in_queue" : 676474,
      "util" : 100.000000,
      "aggr_read_ios" : 1097607,
      "aggr_write_ios" : 18,
      "aggr_read_sectors" : 280987392,
      "aggr_write_sectors" : 156,
      "aggr_read_merges" : 0,
      "aggr_write_merge" : 8,
      "aggr_read_ticks" : 166443,
      "aggr_write_ticks" : 6,
      "aggr_in_queue" : 166451,
      "aggr_util" : 99.790686
    },
    {
      "name" : "nvme3n1",
      "read_ios" : 1018724,
      "write_ios" : 21,
      "read_sectors" : 260793344,
      "write_sectors" : 244,
      "read_merges" : 0,
      "write_merges" : 17,
      "read_ticks" : 152649,
      "write_ticks" : 7,
      "in_queue" : 152658,
      "util" : 99.549050
    },
    {
      "name" : "nvme5n1",
      "read_ios" : 1026855,
      "write_ios" : 16,
      "read_sectors" : 262874880,
      "write_sectors" : 68,
      "read_merges" : 0,
      "write_merges" : 0,
      "read_ticks" : 153942,
      "write_ticks" : 5,
      "in_queue" : 153950,
      "util" : 99.553668
    },
    {
      "name" : "nvme1n1",
      "read_ios" : 1176492,
      "write_ios" : 21,
      "read_sectors" : 301181952,
      "write_sectors" : 244,
      "read_merges" : 0,
      "write_merges" : 17,
      "read_ticks" : 179088,
      "write_ticks" : 8,