{
  "fio version" : "fio-3.36",
  "timestamp" : 1768529089,
  "timestamp_ms" : 1768529089172,
  "time" : "Fri Jan 16 11:04:49 2026",
  "jobs" : [
    {
      "jobname" : "mdadm_raid5_read",
      "groupid" : 0,
      "job_start" : 1768529029131,
      "error" : 0,
      "eta" : 0,
      "elapsed" : 66,
      "job options" : {
        "name" : "mdadm_raid5_read",
        "directory" : "/mnt/mdadm_test/raid5",
        "ioengine" : "libaio",
        "direct" : "1",
        "rw" : "read",
        "bs" : "1m",
        "size" : "10G",
        "numjobs" : "1",
        "iodepth" : "32",
        "runtime" : "60",
        "ramp_time" : "5"
      },
      "read" : {
        "io_bytes" : 102084116480,
        "io_kbytes" : 99691520,
        "bw_bytes" : 1701231818,
        "bw" : 1661359,
        "iops" : 1621.887811,
        "runtime" : 60006,
        "total_ios" : 97323,
        "short_ios" : 0,
        "drop_ios" : 0,
        "slat_ns" : {
          "min" : 69616,
          "max" : 18529573,
          "mean" : 613928.374358,
          "stddev" : 1455931.091019,
          "N" : 97324
        },
        "clat_ns" : {
          "min" : 5424912,
          "max" : 6245434164,
          "mean" : 19111496.261992,
          "stddev" : 20197227.060590,
          "N" : 97354,
          "percentile" : {
            "1.000000" : 13303808,
            "5.000000" : 14090240,
            "10.000000" : 14483456,
            "20.000000" : 15269888,
            "30.000000" : 16187392,
            "40.000000" : 19529728,
            "50.000000" : 20316160,
            "60.000000" : 20840448,
            "70.000000" : 21102592,
            "80.000000" : 21626880,
            "90.000000" : 22151168,
            "95.000000" : 22675456,
            "99.000000" : 23986176,
            "99.500000" : 25034752,
            "99.900000" : 30801920,
            "99.950000" : 32112640,
            "99.990000" : 33816576
          }
        },
        "lat_ns" : {
          "min" : 7963600,
          "max" : 6245778025,
          "mean" : 19725382.939027,
          "stddev" : 20184427.238293,
          "N" : 97354
        },
        "bw_min" : 1580120,
        "bw_max" : 1728512,
        "bw_agg" : 100.000000,
        "bw_mean" : 1661908.583333,
        "bw_dev" : 27988.918369,
        "bw_samples" : 120,
        "iops_min" : 1543,
        "iops_max" : 1688,
        "iops_mean" : 1622.891667,
        "iops_stddev" : 27.323397,
        "iops_samples" : 120
      },
      "write" : {
        "io_bytes" : 0,
        "io_kbytes" : 0,
        "bw_bytes" : 0,
        "bw" : 0,
        "iops" : 0.000000,
        "runtime" : 0,
        "total_ios" : 0,
        "short_ios" : 0,
        "drop_ios" : 0,
        "slat_ns" : {
          "min" : 0,
          "max" : 0,
          "mean" : 0.000000,
          "stddev" : 0.000000,
          "N" : 0
        },
        "clat_ns" : {
          "min" : 0,
          "max" : 0,
          "mean" : 0.000000,
          "stddev" : 0.000000,
          "N" : 0
        },
        "lat_ns" : {
          "min" : 0,
          "max" : 0,
          "mean" : 0.000000,
          "stddev" : 0.000000,
          "N" : 0
        },
        "bw_min" : 0,
        "bw_max" : 0,
        "bw_agg" : 0.000000,
        "bw_mean" : 0.000000,
        "bw_dev" : 0.000000,
        "bw_samples" : 0,
        "iops_min" : 0,
        "iops_max" : 0,
        "iops_mean" : 0.000000,
        "iops_stddev" : 0.000000,
        "iops_samples" : 0
      },
      "trim" : {
        "io_bytes" : 0,
        "io_kbytes" : 0,
        "bw_bytes" : 0,
        "bw" : 0,
        "iops" : 0.000000,
        "runtime" : 0,
        "total_ios" : 0,
        "short_ios" : 0,
        "drop_ios" : 0,
        "slat_ns" : {
          "min" : 0,
          "max" : 0,
          "mean" : 0.000000,
          "stddev" : 0.000000,
          "N" : 0
        },
        "clat_ns" : {
          "min" : 0,
          "max" : 0,
          "mean" : 0.000000,
          "stddev" : 0.000000,
          "N" : 0
        },
        "lat_ns" : {
          "min" : 0,
          "max" : 0,
          "mean" : 0.000000,
          "stddev" : 0.000000,
          "N" : 0
        },
        "bw_min" : 0,
        "bw_max" : 0,
        "bw_agg" : 0.000000,
        "bw_mean" : 0.000000,
        "bw_dev" : 0.000000,
        "bw_samples" : 0,
        "iops_min" : 0,
        "iops_max" : 0,
        "iops_mean" : 0.000000,
        "iops_stddev" : 0.000000,
        "iops_samples" : 0
      },
      "sync" : {
        "total_ios" : 0,
        "lat_ns" : {
          "min" : 0,
          "max" : 0,
          "mean" : 0.000000,
          "stddev" : 0.000000,
          "N" : 0
        }
      },
      "job_runtime" : 60005,
      "usr_cpu" : 0.338305,
      "sys_cpu" : 43.493042,
      "ctx" : 211416,
      "majf" : 0,
      "minf" : 44,
      "iodepth_level" : {
        "1" : 0.000000,
        "2" : 0.000000,
        "4" : 0.000000,
        "8" : 0.000000,
        "16" : 0.000000,
        "32" : 100.000000,
        ">=64" : 0.000000
      },
      "iodepth_submit" : {
        "0" : 0.000000,
        "4" : 100.000000,
        "8" : 0.000000,
        "16" : 0.000000,
        "32" : 0.000000,
        "64" : 0.000000,
        ">=64" : 0.000000
      },
      "iodepth_complete" : {
        "0" : 0.000000,
        "4" : 99.998973,
        "8" : 0.000000,
        "16" : 0.000000,
        "32" : 0.100000,
        "64" : 0.000000,
        ">=64" : 0.000000
      },
      "latency_ns" : {
        "2" : 0.000000,
        "4" : 0.000000,
        "10" : 0.000000,
        "20" : 0.000000,
        "50" : 0.000000,
        "100" : 0.000000,
        "250" : 0.000000,
        "500" : 0.000000,
        "750" : 0.000000,
        "1000" : 0.000000
      },
      "latency_us" : {
        "2" : 0.000000,
        "4" : 0.000000,
        "10" : 0.000000,
        "20" : 0.000000,
        "50" : 0.000000,
        "100" : 0.000000,
        "250" : 0.000000,
        "500" : 0.000000,
        "750" : 0.000000,
        "1000" : 0.000000
      },
      "latency_ms" : {
        "2" : 0.000000,
        "4" : 0.000000,
        "10" : 0.010000,
        "20" : 44.305046,
        "50" : 55.717559,
        "100" : 0.000000,
        "250" : 0.000000,
        "500" : 0.000000,
        "750" : 0.000000,
        "1000" : 0.000000,
        "2000" : 0.000000,
        ">=2000" : 0.010000
      },
      "latency_depth" : 32,
      "latency_target" : 0,
      "latency_percentile" : 100.000000,
      "latency_window" : 0
    }
  ],
  "disk_util" : [
    {
      "name" : "md5",
      "read_ios" : 105466,
      "write_ios" : 112,
      "read_sectors" : 215994368,
      "write_sectors" : 27416,
      "read_merges" : 0,
      "write_merges" : 0,
      "read_ticks" : 852770,
      "write_ticks" : 669476,
      "in_queue" : 1522246,
      "util" : 100.000000,
      "aggr_read_ios" : 220097,
      "aggr_write_ios" : 1475,
      "aggr_read_sectors" : 54952322,
      "aggr_write_sectors" : 325658,
      "aggr_read_merges" : 6648938,
      "aggr_write_merge" : 39267,
      "aggr_read_ticks" : 102997,
      "aggr_write_ticks" : 1307,
      "aggr_in_queue" : 104316,
      "aggr_util" : 76.312469
    },
    {
      "name" : "nvme3n1",
      "read_ios" : 221303,
      "write_ios" : 118,
      "read_sectors" : 55269640,
      "write_sectors" : 12226,
      "read_merges" : 6687392,
      "write_merges" : 1438,
      "read_ticks" : 111997,
      "write_ticks" : 46,
      "in_queue" : 112055,
      "util" : 74.470704
    },
    {
      "name" : "nvme5n1",
      "read_ios" : 216740,
      "write_ios" : 5579,
      "read_sectors" : 54004680,
      "write_sectors" : 1267810,
      "read_merges" : 6533845,
      "write_merges" : 152956,
      "read_ticks" : 113969,
      "write_ticks" : 5093,
      "in_queue" : 119079,
      "util" : 76.312469
    },
    {
      "name" : "nvme1n1",
      "read_ios" : 220187,
      "write_ios" : 95,
      "read_sectors" : 55270144,
      "write_sectors" : 9978,
      "read_merges" : 6688571,