{
  "fio version" : "fio-3.36",
  "timestamp" : 1768532220,
  "timestamp_ms" : 1768532220347,
  "time" : "Fri Jan 16 11:57:00 2026",
  "jobs" : [
    {
      "jobname" : "mdadm_raid6_write",
      "groupid" : 0,
      "job_start" : 1768532160317,
      "error" : 0,
      "eta" : 0,
      "elapsed" : 66,
      "job options" : {
        "name" : "mdadm_raid6_write",
        "directory" : "/mnt/mdadm_test/raid6",
        "ioengine" : "libaio",
        "direct" : "1",
        "rw" : "write",
        "bs" : "128k",
        "size" : "10G",
        "numjobs" : "1",
        "iodepth" : "32",
        "runtime" : "60",
        "ramp_time" : "5"
      },
      "read" : {
        "io_bytes" : 0,
        "io_kbytes" : 0,
        "bw_bytes" : 0,
        "bw" : 0,
        "iops" : 0.000000,
        "runtime" : 0,
        "total_ios" : 0,
        "short_ios" : 0,
        "drop_ios" : 0,
        "slat_ns" : {
          "min" : 0,
          "max" : 0,
          "mean" : 0.000000,
          "stddev" : 0.000000,
          "N" : 0
        },
        "clat_ns" : {
          "min" : 0,
          "max" : 0,
          "mean" : 0.000000,
          "stddev" : 0.000000,
          "N" : 0
        },
        "lat_ns" : {
          "min" : 0,
          "max" : 0,
          "mean" : 0.000000,
          "stddev" : 0.000000,
          "N" : 0
        },
        "bw_min" : 0,
        "bw_max" : 0,
        "bw_agg" : 0.000000,
        "bw_mean" : 0.000000,
        "bw_dev" : 0.000000,
        "bw_samples" : 0,
        "iops_min" : 0,
        "iops_max" : 0,
        "iops_mean" : 0.000000,
        "iops_stddev" : 0.000000,
        "iops_samples" : 0
      },
      "write" : {
        "io_bytes" : 51495436288,
        "io_kbytes" : 50288512,
        "bw_bytes" : 858214360,
        "bw" : 838099,
        "iops" : 6547.122644,
        "runtime" : 60003,
        "total_ios" : 392847,
        "short_ios" : 0,
        "drop_ios" : 0,
        "slat_ns" : {
          "min" : 11177,
          "max" : 26708889,
          "mean" : 50647.422196,
          "stddev" : 189549.137381,
          "N" : 392848
        },
        "clat_ns" : {
          "min" : 279022,
          "max" : 52824198,
          "mean" : 4836088.908682,
          "stddev" : 5576490.379740,
          "N" : 392878,
          "percentile" : {
            "1.000000" : 1466368,
            "5.000000" : 1810432,
            "10.000000" : 2023424,
            "20.000000" : 2310144,
            "30.000000" : 2572288,
            "40.000000" : 2867200,
            "50.000000" : 3129344,
            "60.000000" : 3424256,
            "70.000000" : 3784704,
            "80.000000" : 4423680,
            "90.000000" : 7307264,
            "95.000000" : 21889024,
            "99.000000" : 26869760,
            "99.500000" : 28442624,
            "99.900000" : 34340864,
            "99.950000" : 37486592,
            "99.990000" : 47448064
          }
        },
        "lat_ns" : {
          "min" : 305773,
          "max" : 52874945,
          "mean" : 4886737.331266,
          "stddev" : 5580923.253652,
          "N" : 392878
        },
        "bw_min" : 265490,
        "bw_max" : 1678336,
        "bw_agg" : 100.000000,
        "bw_mean" : 838511.375000,
        "bw_dev" : 297031.844130,
        "bw_samples" : 120,
        "iops_min" : 2074,
        "iops_max" : 13112,
        "iops_mean" : 6550.750000,
        "iops_stddev" : 2320.547535,
        "iops_samples" : 120
      },
      "trim" : {
        "io_bytes" : 0,
        "io_kbytes" : 0,
        "bw_bytes" : 0,
        "bw" : 0,
        "iops" : 0.000000,
        "runtime" : 0,
        "total_ios" : 0,
        "short_ios" : 0,
        "drop_ios" : 0,
        "slat_ns" : {
          "min" : 0,
          "max" : 0,
          "mean" : 0.000000,
          "stddev" : 0.000000,
          "N" : 0
        },
        "clat_ns" : {
          "min" : 0,
          "max" : 0,
          "mean" : 0.000000,
          "stddev" : 0.000000,
          "N" : 0
        },
        "lat_ns" : {
          "min" : 0,
          "max" : 0,
          "mean" : 0.000000,
          "stddev" : 0.000000,
          "N" : 0
        },
        "bw_min" : 0,
        "bw_max" : 0,
        "bw_agg" : 0.000000,
        "bw_mean" : 0.000000,
        "bw_dev" : 0.000000,
        "bw_samples" : 0,
        "iops_min" : 0,
        "iops_max" : 0,
        "iops_mean" : 0.000000,
        "iops_stddev" : 0.000000,
        "iops_samples" : 0
      },
      "sync" : {
        "total_ios" : 0,
        "lat_ns" : {
          "min" : 0,
          "max" : 0,
          "mean" : 0.000000,
          "stddev" : 0.000000,
          "N" : 0
        }
      },
      "job_runtime" : 60002,
      "usr_cpu" : 2.951568,
      "sys_cpu" : 28.969034,
      "ctx" : 40159,
      "majf" : 0,
      "minf" : 523,
      "iodepth_level" : {
        "1" : 0.000000,
        "2" : 0.000000,
        "4" : 0.000000,
        "8" : 0.000000,
        "16" : 0.000000,
        "32" : 100.000000,
        ">=64" : 0.000000
      },
      "iodepth_submit" : {
        "0" : 0.000000,
        "4" : 100.000000,
        "8" : 0.000000,
        "16" : 0.000000,
        "32" : 0.000000,
        "64" : 0.000000,
        ">=64" : 0.000000
      },
      "iodepth_complete" : {
        "0" : 0.000000,
        "4" : 99.999745,
        "8" : 0.000000,
        "16" : 0.000000,
        "32" : 0.100000,
        "64" : 0.000000,
        ">=64" : 0.000000
      },
      "latency_ns" : {
        "2" : 0.000000,
        "4" : 0.000000,
        "10" : 0.000000,
        "20" : 0.000000,
        "50" : 0.000000,
        "100" : 0.000000,
        "250" : 0.000000,
        "500" : 0.000000,
        "750" : 0.000000,
        "1000" : 0.000000
      },
      "latency_us" : {
        "2" : 0.000000,
        "4" : 0.000000,
        "10" : 0.000000,
        "20" : 0.000000,
        "50" : 0.000000,
        "100" : 0.000000,
        "250" : 0.000000,
        "500" : 0.010000,
        "750" : 0.016546,
        "1000" : 0.073566
      },
      "latency_ms" : {
        "2" : 9.337477,
        "4" : 64.702034,
        "10" : 17.363248,
        "20" : 2.398898,
        "50" : 6.108740,
        "100" : 0.010000,
        "250" : 0.000000,
        "500" : 0.000000,
        "750" : 0.000000,
        "1000" : 0.000000,
        "2000" : 0.000000,
        ">=2000" : 0.000000
      },
      "latency_depth" : 32,
      "latency_target" : 0,
      "latency_percentile" : 100.000000,
      "latency_window" : 0
    }
  ],
  "disk_util" : [
    {
      "name" : "md6",
      "read_ios" : 0,
      "write_ios" : 430028,
      "read_sectors" : 0,
      "write_sectors" : 110199768,
      "read_merges" : 0,
      "write_merges" : 0,
      "read_ticks" : 0,
      "write_ticks" : 1799691,
      "in_queue" : 1799691,
      "util" : 100.000000,
      "aggr_read_ios" : 14408,
      "aggr_write_ios" : 265314,
      "aggr_read_sectors" : 2709892,
      "aggr_write_sectors" : 55966026,
      "aggr_read_merges" : 324328,
      "aggr_write_merge" : 6730706,
      "aggr_read_ticks" : 13928,
      "aggr_write_ticks" : 135385,
      "aggr_in_queue" : 149917,
      "aggr_util" : 61.298761
    },
    {
      "name" : "nvme3n1",
      "read_ios" : 14142,
      "write_ios" : 265651,
      "read_sectors" : 2679104,
      "write_sectors" : 55961352,
      "read_merges" : 320746,
      "write_merges" : 6729785,
      "read_ticks" : 14369,
      "write_ticks" : 145890,
      "in_queue" : 160919,
      "util" : 46.607679
    },
    {
      "name" : "nvme5n1",
      "read_ios" : 14469,
      "write_ios" : 264958,
      "read_sectors" : 2708624,
      "write_sectors" : 55971872,
      "read_merges" : 324109,
      "write_merges" : 6731793,
      "read_ticks" : 12297,
      "write_ticks" : 117402,
      "in_queue" : 130206,
      "util" : 43.154574
    },
    {
      "name" : "nvme1n1",
      "read_ios" : 14702,
      "write_ios" : 265097,
      "read_sectors" : 2779248,
      "write_sectors" : 55967200,
      "read_merges" : 332704,