{
  "fio version" : "fio-3.36",
  "timestamp" : 1768529005,
  "timestamp_ms" : 1768529005611,
  "time" : "Fri Jan 16 11:03:25 2026",
  "jobs" : [
    {
      "jobname" : "mdadm_raid5_write",
      "groupid" : 0,
      "job_start" : 1768528945564,
      "error" : 0,
      "eta" : 0,
      "elapsed" : 66,
      "job options" : {
        "name" : "mdadm_raid5_write",
        "directory" : "/mnt/mdadm_test/raid5",
        "ioengine" : "libaio",
        "direct" : "1",
        "rw" : "write",
        "bs" : "1m",
        "size" : "10G",
        "numjobs" : "1",
        "iodepth" : "32",
        "runtime" : "60",
        "ramp_time" : "5"
      },
      "read" : {
        "io_bytes" : 0,
        "io_kbytes" : 0,
        "bw_bytes" : 0,
        "bw" : 0,
        "iops" : 0.000000,
        "runtime" : 0,
        "total_ios" : 0,
        "short_ios" : 0,
        "drop_ios" : 0,
        "slat_ns" : {
          "min" : 0,
          "max" : 0,
          "mean" : 0.000000,
          "stddev" : 0.000000,
          "N" : 0
        },
        "clat_ns" : {
          "min" : 0,
          "max" : 0,
          "mean" : 0.000000,
          "stddev" : 0.000000,
          "N" : 0
        },
        "lat_ns" : {
          "min" : 0,
          "max" : 0,
          "mean" : 0.000000,
          "stddev" : 0.000000,
          "N" : 0
        },
        "bw_min" : 0,
        "bw_max" : 0,
        "bw_agg" : 0.000000,
        "bw_mean" : 0.000000,
        "bw_dev" : 0.000000,
        "bw_samples" : 0,
        "iops_min" : 0,
        "iops_max" : 0,
        "iops_mean" : 0.000000,
        "iops_stddev" : 0.000000,
        "iops_samples" : 0
      },
      "write" : {
        "io_bytes" : 68279074816,
        "io_kbytes" : 66678784,
        "bw_bytes" : 1137794947,
        "bw" : 1111127,
        "iops" : 1084.552575,
        "runtime" : 60010,
        "total_ios" : 65084,
        "short_ios" : 0,
        "drop_ios" : 0,
        "slat_ns" : {
          "min" : 84548,
          "max" : 28484061,
          "mean" : 918902.542460,
          "stddev" : 2019919.575027,
          "N" : 65085
        },
        "clat_ns" : {
          "min" : 6919216,
          "max" : 69727288,
          "mean" : 28582921.746295,
          "stddev" : 7537401.898091,
          "N" : 65115,
          "percentile" : {
            "1.000000" : 19267584,
            "5.000000" : 20840448,
            "10.000000" : 21626880,
            "20.000000" : 22675456,
            "30.000000" : 23724032,
            "40.000000" : 25034752,
            "50.000000" : 26345472,
            "60.000000" : 27394048,
            "70.000000" : 28966912,
            "80.000000" : 34340864,
            "90.000000" : 41680896,
            "95.000000" : 44826624,
            "99.000000" : 49545216,
            "99.500000" : 51118080,
            "99.900000" : 54263808,
            "99.950000" : 55836672,
            "99.990000" : 61079552
          }
        },
        "lat_ns" : {
          "min" : 11772682,
          "max" : 73914403,
          "mean" : 29501761.895738,
          "stddev" : 7762408.152203,
          "N" : 65115
        },
        "bw_min" : 854016,
        "bw_max" : 1312768,
        "bw_agg" : 100.000000,
        "bw_mean" : 1111828.865546,
        "bw_dev" : 114126.399967,
        "bw_samples" : 119,
        "iops_min" : 834,
        "iops_max" : 1282,
        "iops_mean" : 1085.680672,
        "iops_stddev" : 111.488841,
        "iops_samples" : 119
      },
      "trim" : {
        "io_bytes" : 0,
        "io_kbytes" : 0,
        "bw_bytes" : 0,
        "bw" : 0,
        "iops" : 0.000000,
        "runtime" : 0,
        "total_ios" : 0,
        "short_ios" : 0,
        "drop_ios" : 0,
        "slat_ns" : {
          "min" : 0,
          "max" : 0,
          "mean" : 0.000000,
          "stddev" : 0.000000,
          "N" : 0
        },
        "clat_ns" : {
          "min" : 0,
          "max" : 0,
          "mean" : 0.000000,
          "stddev" : 0.000000,
          "N" : 0
        },
        "lat_ns" : {
          "min" : 0,
          "max" : 0,
          "mean" : 0.000000,
          "stddev" : 0.000000,
          "N" : 0
        },
        "bw_min" : 0,
        "bw_max" : 0,
        "bw_agg" : 0.000000,
        "bw_mean" : 0.000000,
        "bw_dev" : 0.000000,
        "bw_samples" : 0,
        "iops_min" : 0,
        "iops_max" : 0,
        "iops_mean" : 0.000000,
        "iops_stddev" : 0.000000,
        "iops_samples" : 0
      },
      "sync" : {
        "total_ios" : 0,
        "lat_ns" : {
          "min" : 0,
          "max" : 0,
          "mean" : 0.000000,
          "stddev" : 0.000000,
          "N" : 0
        }
      },
      "job_runtime" : 60009,
      "usr_cpu" : 3.752770,
      "sys_cpu" : 34.089887,
      "ctx" : 61506,
      "majf" : 0,
      "minf" : 38,
      "iodepth_level" : {
        "1" : 0.000000,
        "2" : 0.000000,
        "4" : 0.000000,
        "8" : 0.000000,
        "16" : 0.000000,
        "32" : 100.000000,
        ">=64" : 0.000000
      },
      "iodepth_submit" : {
        "0" : 0.000000,
        "4" : 100.000000,
        "8" : 0.000000,
        "16" : 0.000000,
        "32" : 0.000000,
        "64" : 0.000000,
        ">=64" : 0.000000
      },
      "iodepth_complete" : {
        "0" : 0.000000,
        "4" : 99.998464,
        "8" : 0.000000,
        "16" : 0.000000,
        "32" : 0.100000,
        "64" : 0.000000,
        ">=64" : 0.000000
      },
      "latency_ns" : {
        "2" : 0.000000,
        "4" : 0.000000,
        "10" : 0.000000,
        "20" : 0.000000,
        "50" : 0.000000,
        "100" : 0.000000,
        "250" : 0.000000,
        "500" : 0.000000,
        "750" : 0.000000,
        "1000" : 0.000000
      },
      "latency_us" : {
        "2" : 0.000000,
        "4" : 0.000000,
        "10" : 0.000000,
        "20" : 0.000000,
        "50" : 0.000000,
        "100" : 0.000000,
        "250" : 0.000000,
        "500" : 0.000000,
        "750" : 0.000000,
        "1000" : 0.000000
      },
      "latency_ms" : {
        "2" : 0.000000,
        "4" : 0.000000,
        "10" : 0.010000,
        "20" : 2.197161,
        "50" : 96.960851,
        "100" : 0.888083,
        "250" : 0.000000,
        "500" : 0.000000,
        "750" : 0.000000,
        "1000" : 0.000000,
        "2000" : 0.000000,
        ">=2000" : 0.000000
      },
      "latency_depth" : 32,
      "latency_target" : 0,
      "latency_percentile" : 100.000000,
      "latency_window" : 0
    }
  ],
  "disk_util" : [
    {
      "name" : "md5",
      "read_ios" : 0,
      "write_ios" : 69813,
      "read_sectors" : 0,
      "write_sectors" : 142499664,
      "read_merges" : 0,
      "write_merges" : 0,
      "read_ticks" : 0,
      "write_ticks" : 735782,
      "in_queue" : 735782,
      "util" : 100.000000,
      "aggr_read_ios" : 19902,
      "aggr_write_ios" : 218031,
      "aggr_read_sectors" : 3481032,
      "aggr_write_sectors" : 48296786,
      "aggr_read_merges" : 415279,
      "aggr_write_merge" : 5819138,
      "aggr_read_ticks" : 22190,
      "aggr_write_ticks" : 125220,
      "aggr_in_queue" : 147550,
      "aggr_util" : 68.142233
    },
    {
      "name" : "nvme3n1",
      "read_ios" : 15282,
      "write_ios" : 219780,
      "read_sectors" : 2394704,
      "write_sectors" : 48450884,
      "read_merges" : 284111,
      "write_merges" : 5836648,
      "read_ticks" : 16885,
      "write_ticks" : 51870,
      "in_queue" : 68883,
      "util" : 44.743968
    },
    {
      "name" : "nvme5n1",
      "read_ios" : 11266,
      "write_ios" : 218775,
      "read_sectors" : 1564344,
      "write_sectors" : 49105836,
      "read_merges" : 184277,
      "write_merges" : 5919536,
      "read_ticks" : 11857,
      "write_ticks" : 54442,
      "in_queue" : 66417,
      "util" : 43.689993
    },
    {
      "name" : "nvme1n1",
      "read_ios" : 30713,
      "write_ios" : 217866,
      "read_sectors" : 6104864,
      "write_sectors" : 47853596,
      "read_merges" : 732457,