{
  "fio version" : "fio-3.36",
  "timestamp" : 1768532304,
  "timestamp_ms" : 1768532304066,
  "time" : "Fri Jan 16 11:58:24 2026",
  "jobs" : [
    {
      "jobname" : "mdadm_raid6_read",
      "groupid" : 0,
      "job_start" : 1768532244041,
      "error" : 0,
      "eta" : 0,
      "elapsed" : 66,
      "job options" : {
        "name" : "mdadm_raid6_read",
        "directory" : "/mnt/mdadm_test/raid6",
        "ioengine" : "libaio",
        "direct" : "1",
        "rw" : "read",
        "bs" : "128k",
        "size" : "10G",
        "numjobs" : "1",
        "iodepth" : "32",
        "runtime" : "60",
        "ramp_time" : "5"
      },
      "read" : {
        "io_bytes" : 571312177152,
        "io_kbytes" : 557922048,
        "bw_bytes" : 9521710924,
        "bw" : 9298545,
        "iops" : 72644.355927,
        "runtime" : 60001,
        "total_ios" : 4358734,
        "short_ios" : 0,
        "drop_ios" : 0,
        "slat_ns" : {
          "min" : 10516,
          "max" : 239953,
          "mean" : 12729.318073,
          "stddev" : 3943.804279,
          "N" : 4358735
        },
        "clat_ns" : {
          "min" : 123147,
          "max" : 1404648,
          "mean" : 427572.137185,
          "stddev" : 54615.061016,
          "N" : 4358765,
          "percentile" : {
            "1.000000" : 317440,
            "5.000000" : 350208,
            "10.000000" : 370688,
            "20.000000" : 395264,
            "30.000000" : 407552,
            "40.000000" : 415744,
            "50.000000" : 419840,
            "60.000000" : 423936,
            "70.000000" : 432128,
            "80.000000" : 452608,
            "90.000000" : 497664,
            "95.000000" : 536576,
            "99.000000" : 618496,
            "99.500000" : 651264,
            "99.900000" : 724992,
            "99.950000" : 741376,
            "99.990000" : 790528
          }
        },
        "lat_ns" : {
          "min" : 134684,
          "max" : 1416136,
          "mean" : 440301.452354,
          "stddev" : 54743.306530,
          "N" : 4358765
        },
        "bw_min" : 9282693,
        "bw_max" : 9322240,
        "bw_agg" : 100.000000,
        "bw_mean" : 9302832.277311,
        "bw_dev" : 7828.117606,
        "bw_samples" : 119,
        "iops_min" : 72521,
        "iops_max" : 72830,
        "iops_mean" : 72678.302521,
        "iops_stddev" : 61.134411,
        "iops_samples" : 119
      },
      "write" : {
        "io_bytes" : 0,
        "io_kbytes" : 0,
        "bw_bytes" : 0,
        "bw" : 0,
        "iops" : 0.000000,
        "runtime" : 0,
        "total_ios" : 0,
        "short_ios" : 0,
        "drop_ios" : 0,
        "slat_ns" : {
          "min" : 0,
          "max" : 0,
          "mean" : 0.000000,
          "stddev" : 0.000000,
          "N" : 0
        },
        "clat_ns" : {
          "min" : 0,
          "max" : 0,
          "mean" : 0.000000,
          "stddev" : 0.000000,
          "N" : 0
        },
        "lat_ns" : {
          "min" : 0,
          "max" : 0,
          "mean" : 0.000000,
          "stddev" : 0.000000,
          "N" : 0
        },
        "bw_min" : 0,
        "bw_max" : 0,
        "bw_agg" : 0.000000,
        "bw_mean" : 0.000000,
        "bw_dev" : 0.000000,
        "bw_samples" : 0,
        "iops_min" : 0,
        "iops_max" : 0,
        "iops_mean" : 0.000000,
        "iops_stddev" : 0.000000,
        "iops_samples" : 0
      },
      "trim" : {
        "io_bytes" : 0,
        "io_kbytes" : 0,
        "bw_bytes" : 0,
        "bw" : 0,
        "iops" : 0.000000,
        "runtime" : 0,
        "total_ios" : 0,
        "short_ios" : 0,
        "drop_ios" : 0,
        "slat_ns" : {
          "min" : 0,
          "max" : 0,
          "mean" : 0.000000,
          "stddev" : 0.000000,
          "N" : 0
        },
        "clat_ns" : {
          "min" : 0,
          "max" : 0,
          "mean" : 0.000000,
          "stddev" : 0.000000,
          "N" : 0
        },
        "lat_ns" : {
          "min" : 0,
          "max" : 0,
          "mean" : 0.000000,
          "stddev" : 0.000000,
          "N" : 0
        },
        "bw_min" : 0,
        "bw_max" : 0,
        "bw_agg" : 0.000000,
        "bw_mean" : 0.000000,
        "bw_dev" : 0.000000,
        "bw_samples" : 0,
        "iops_min" : 0,
        "iops_max" : 0,
        "iops_mean" : 0.000000,
        "iops_stddev" : 0.000000,
        "iops_samples" : 0
      },
      "sync" : {
        "total_ios" : 0,
        "lat_ns" : {
          "min" : 0,
          "max" : 0,
          "mean" : 0.000000,
          "stddev" : 0.000000,
          "N" : 0
        }
      },
      "job_runtime" : 60000,
      "usr_cpu" : 5.176667,
      "sys_cpu" : 94.193333,
      "ctx" : 23722,
      "majf" : 0,
      "minf" : 36,
      "iodepth_level" : {
        "1" : 0.000000,
        "2" : 0.000000,
        "4" : 0.000000,
        "8" : 0.000000,
        "16" : 0.000000,
        "32" : 100.000000,
        ">=64" : 0.000000
      },
      "iodepth_submit" : {
        "0" : 0.000000,
        "4" : 100.000000,
        "8" : 0.000000,
        "16" : 0.000000,
        "32" : 0.000000,
        "64" : 0.000000,
        ">=64" : 0.000000
      },
      "iodepth_complete" : {
        "0" : 0.000000,
        "4" : 99.999977,
        "8" : 0.000000,
        "16" : 0.000000,
        "32" : 0.100000,
        "64" : 0.000000,
        ">=64" : 0.000000
      },
      "latency_ns" : {
        "2" : 0.000000,
        "4" : 0.000000,
        "10" : 0.000000,
        "20" : 0.000000,
        "50" : 0.000000,
        "100" : 0.000000,
        "250" : 0.000000,
        "500" : 0.000000,
        "750" : 0.000000,
        "1000" : 0.000000
      },
      "latency_us" : {
        "2" : 0.000000,
        "4" : 0.000000,
        "10" : 0.000000,
        "20" : 0.000000,
        "50" : 0.000000,
        "100" : 0.000000,
        "250" : 0.024732,
        "500" : 90.590869,
        "750" : 9.342988,
        "1000" : 0.041916
      },
      "latency_ms" : {
        "2" : 0.010000,
        "4" : 0.000000,
        "10" : 0.000000,
        "20" : 0.000000,
        "50" : 0.000000,
        "100" : 0.000000,
        "250" : 0.000000,
        "500" : 0.000000,
        "750" : 0.000000,
        "1000" : 0.000000,
        "2000" : 0.000000,
        ">=2000" : 0.000000
      },
      "latency_depth" : 32,
      "latency_target" : 0,
      "latency_percentile" : 100.000000,
      "latency_window" : 0
    }
  ],
  "disk_util" : [
    {
      "name" : "md6",
      "read_ios" : 4721459,
      "write_ios" : 286,
      "read_sectors" : 1208693504,
      "write_sectors" : 222608,
      "read_merges" : 0,
      "write_merges" : 0,
      "read_ticks" : 781948,
      "write_ticks" : 827,
      "in_queue" : 782775,
      "util" : 100.000000,
      "aggr_read_ios" : 1180414,
      "aggr_write_ios" : 878,
      "aggr_read_sectors" : 302178250,
      "aggr_write_sectors" : 120876,
      "aggr_read_merges" : 560,
      "aggr_write_merge" : 14442,
      "aggr_read_ticks" : 191061,
      "aggr_write_ticks" : 225,
      "aggr_in_queue" : 191339,
      "aggr_util" : 87.059982
    },
    {
      "name" : "nvme3n1",
      "read_ios" : 1180394,
      "write_ios" : 885,
      "read_sectors" : 302175256,
      "write_sectors" : 121060,
      "read_merges" : 105,
      "write_merges" : 14459,
      "read_ticks" : 197072,
      "write_ticks" : 221,
      "in_queue" : 197348,
      "util" : 86.644400
    },
    {
      "name" : "nvme5n1",
      "read_ios" : 1180363,
      "write_ios" : 881,
      "read_sectors" : 302172928,
      "write_sectors" : 121124,
      "read_merges" : 0,
      "write_merges" : 14471,
      "read_ticks" : 180787,
      "write_ticks" : 229,
      "in_queue" : 181062,
      "util" : 82.134556
    },
    {
      "name" : "nvme1n1",
      "read_ios" : 1180442,
      "write_ios" : 881,
      "read_sectors" : 302181944,
      "write_sectors" : 121124,
      "read_merges" : 1017,
      "write_merges" : 14471,
      "read_ticks" : 198971,