{
  "fio version" : "fio-3.36",
  "timestamp" : 1768531937,
  "timestamp_ms" : 1768531937413,
  "time" : "Fri Jan 16 11:52:17 2026",
  "jobs" : [
    {
      "jobname" : "mdadm_raid6_write",
      "groupid" : 0,
      "job_start" : 1768531877380,
      "error" : 0,
      "eta" : 0,
      "elapsed" : 66,
      "job options" : {
        "name" : "mdadm_raid6_write",
        "directory" : "/mnt/mdadm_test/raid6",
        "ioengine" : "libaio",
        "direct" : "1",
        "rw" : "write",
        "bs" : "128k",
        "size" : "5G",
        "numjobs" : "1",
        "iodepth" : "32",
        "runtime" : "60",
        "ramp_time" : "5"
      },
      "read" : {
        "io_bytes" : 0,
        "io_kbytes" : 0,
        "bw_bytes" : 0,
        "bw" : 0,
        "iops" : 0.000000,
        "runtime" : 0,
        "total_ios" : 0,
        "short_ios" : 0,
        "drop_ios" : 0,
        "slat_ns" : {
          "min" : 0,
          "max" : 0,
          "mean" : 0.000000,
          "stddev" : 0.000000,
          "N" : 0
        },
        "clat_ns" : {
          "min" : 0,
          "max" : 0,
          "mean" : 0.000000,
          "stddev" : 0.000000,
          "N" : 0
        },
        "lat_ns" : {
          "min" : 0,
          "max" : 0,
          "mean" : 0.000000,
          "stddev" : 0.000000,
          "N" : 0
        },
        "bw_min" : 0,
        "bw_max" : 0,
        "bw_agg" : 0.000000,
        "bw_mean" : 0.000000,
        "bw_dev" : 0.000000,
        "bw_samples" : 0,
        "iops_min" : 0,
        "iops_max" : 0,
        "iops_mean" : 0.000000,
        "iops_stddev" : 0.000000,
        "iops_samples" : 0
      },
      "write" : {
        "io_bytes" : 69513641984,
        "io_kbytes" : 67884416,
        "bw_bytes" : 1158502774,
        "bw" : 1131350,
        "iops" : 8838.141426,
        "runtime" : 60003,
        "total_ios" : 530315,
        "short_ios" : 0,
        "drop_ios" : 0,
        "slat_ns" : {
          "min" : 11177,
          "max" : 24586983,
          "mean" : 52321.276471,
          "stddev" : 112387.837816,
          "N" : 530316
        },
        "clat_ns" : {
          "min" : 463312,
          "max" : 49556085,
          "mean" : 3567671.701144,
          "stddev" : 2650059.911966,
          "N" : 530346,
          "percentile" : {
            "1.000000" : 1597440,
            "5.000000" : 1974272,
            "10.000000" : 2211840,
            "20.000000" : 2539520,
            "30.000000" : 2801664,
            "40.000000" : 2965504,
            "50.000000" : 3129344,
            "60.000000" : 3325952,
            "70.000000" : 3522560,
            "80.000000" : 3817472,
            "90.000000" : 4423680,
            "95.000000" : 5406720,
            "99.000000" : 21102592,
            "99.500000" : 24510464,
            "99.900000" : 27656192,
            "99.950000" : 28704768,
            "99.990000" : 35913728
          }
        },
        "lat_ns" : {
          "min" : 526788,
          "max" : 49598129,
          "mean" : 3619993.291281,
          "stddev" : 2653890.626037,
          "N" : 530346
        },
        "bw_min" : 660992,
        "bw_max" : 1571840,
        "bw_agg" : 100.000000,
        "bw_mean" : 1132120.352941,
        "bw_dev" : 164002.011832,
        "bw_samples" : 119,
        "iops_min" : 5164,
        "iops_max" : 12280,
        "iops_mean" : 8844.605042,
        "iops_stddev" : 1281.257957,
        "iops_samples" : 119
      },
      "trim" : {
        "io_bytes" : 0,
        "io_kbytes" : 0,
        "bw_bytes" : 0,
        "bw" : 0,
        "iops" : 0.000000,
        "runtime" : 0,
        "total_ios" : 0,
        "short_ios" : 0,
        "drop_ios" : 0,
        "slat_ns" : {
          "min" : 0,
          "max" : 0,
          "mean" : 0.000000,
          "stddev" : 0.000000,
          "N" : 0
        },
        "clat_ns" : {
          "min" : 0,
          "max" : 0,
          "mean" : 0.000000,
          "stddev" : 0.000000,
          "N" : 0
        },
        "lat_ns" : {
          "min" : 0,
          "max" : 0,
          "mean" : 0.000000,
          "stddev" : 0.000000,
          "N" : 0
        },
        "bw_min" : 0,
        "bw_max" : 0,
        "bw_agg" : 0.000000,
        "bw_mean" : 0.000000,
        "bw_dev" : 0.000000,
        "bw_samples" : 0,
        "iops_min" : 0,
        "iops_max" : 0,
        "iops_mean" : 0.000000,
        "iops_stddev" : 0.000000,
        "iops_samples" : 0
      },
      "sync" : {
        "total_ios" : 0,
        "lat_ns" : {
          "min" : 0,
          "max" : 0,
          "mean" : 0.000000,
          "stddev" : 0.000000,
          "N" : 0
        }
      },
      "job_runtime" : 60002,
      "usr_cpu" : 4.439852,
      "sys_cpu" : 40.785307,
      "ctx" : 51091,
      "majf" : 0,
      "minf" : 43,
      "iodepth_level" : {
        "1" : 0.000000,
        "2" : 0.000000,
        "4" : 0.000000,
        "8" : 0.000000,
        "16" : 0.000000,
        "32" : 100.000000,
        ">=64" : 0.000000
      },
      "iodepth_submit" : {
        "0" : 0.000000,
        "4" : 100.000000,
        "8" : 0.000000,
        "16" : 0.000000,
        "32" : 0.000000,
        "64" : 0.000000,
        ">=64" : 0.000000
      },
      "iodepth_complete" : {
        "0" : 0.000000,
        "4" : 99.999811,
        "8" : 0.000000,
        "16" : 0.000000,
        "32" : 0.100000,
        "64" : 0.000000,
        ">=64" : 0.000000
      },
      "latency_ns" : {
        "2" : 0.000000,
        "4" : 0.000000,
        "10" : 0.000000,
        "20" : 0.000000,
        "50" : 0.000000,
        "100" : 0.000000,
        "250" : 0.000000,
        "500" : 0.000000,
        "750" : 0.000000,
        "1000" : 0.000000
      },
      "latency_us" : {
        "2" : 0.000000,
        "4" : 0.000000,
        "10" : 0.000000,
        "20" : 0.000000,
        "50" : 0.000000,
        "100" : 0.000000,
        "250" : 0.000000,
        "500" : 0.010000,
        "750" : 0.010000,
        "1000" : 0.021874
      },
      "latency_ms" : {
        "2" : 5.539161,
        "4" : 78.755834,
        "10" : 13.589093,
        "20" : 0.985452,
        "50" : 1.110095,
        "100" : 0.000000,
        "250" : 0.000000,
        "500" : 0.000000,
        "750" : 0.000000,
        "1000" : 0.000000,
        "2000" : 0.000000,
        ">=2000" : 0.000000
      },
      "latency_depth" : 32,
      "latency_target" : 0,
      "latency_percentile" : 100.000000,
      "latency_window" : 0
    }
  ],
  "disk_util" : [
    {
      "name" : "md6",
      "read_ios" : 0,
      "write_ios" : 567751,
      "read_sectors" : 0,
      "write_sectors" : 145474104,
      "read_merges" : 0,
      "write_merges" : 0,
      "read_ticks" : 0,
      "write_ticks" : 1733660,
      "in_queue" : 1733660,
      "util" : 100.000000,
      "aggr_read_ios" : 12226,
      "aggr_write_ios" : 326959,
      "aggr_read_sectors" : 2292242,
      "aggr_write_sectors" : 73353737,
      "aggr_read_merges" : 274303,
      "aggr_write_merge" : 8842304,
      "aggr_read_ticks" : 8258,
      "aggr_write_ticks" : 75402,
      "aggr_in_queue" : 83699,
      "aggr_util" : 64.049491
    },
    {
      "name" : "nvme3n1",
      "read_ios" : 12679,
      "write_ios" : 327392,
      "read_sectors" : 2343328,
      "write_sectors" : 73384455,
      "read_merges" : 280237,
      "write_merges" : 8845711,
      "read_ticks" : 10155,
      "write_ticks" : 83062,
      "in_queue" : 93259,
      "util" : 41.672181
    },
    {
      "name" : "nvme5n1",
      "read_ios" : 12025,
      "write_ios" : 326454,
      "read_sectors" : 2244008,
      "write_sectors" : 73322807,
      "read_merges" : 268476,
      "write_merges" : 8838943,
      "read_ticks" : 7217,
      "write_ticks" : 54674,
      "in_queue" : 61923,
      "util" : 37.946477
    },
    {
      "name" : "nvme1n1",
      "read_ios" : 12142,
      "write_ios" : 326874,
      "read_sectors" : 2316104,
      "write_sectors" : 73350807,
      "read_merges" : 277371,