{
  "fio version" : "fio-3.36",
  "timestamp" : 1768531804,
  "timestamp_ms" : 1768531804090,
  "time" : "Fri Jan 16 11:50:04 2026",
  "jobs" : [
    {
      "jobname" : "mdadm_raid6_write",
      "groupid" : 0,
      "job_start" : 1768531744045,
      "error" : 0,
      "eta" : 0,
      "elapsed" : 66,
      "job options" : {
        "name" : "mdadm_raid6_write",
        "directory" : "/mnt/mdadm_test/raid6",
        "ioengine" : "libaio",
        "direct" : "1",
        "rw" : "write",
        "bs" : "1m",
        "size" : "1G",
        "numjobs" : "1",
        "iodepth" : "32",
        "runtime" : "60",
        "ramp_time" : "5"
      },
      "read" : {
        "io_bytes" : 0,
        "io_kbytes" : 0,
        "bw_bytes" : 0,
        "bw" : 0,
        "iops" : 0.000000,
        "runtime" : 0,
        "total_ios" : 0,
        "short_ios" : 0,
        "drop_ios" : 0,
        "slat_ns" : {
          "min" : 0,
          "max" : 0,
          "mean" : 0.000000,
          "stddev" : 0.000000,
          "N" : 0
        },
        "clat_ns" : {
          "min" : 0,
          "max" : 0,
          "mean" : 0.000000,
          "stddev" : 0.000000,
          "N" : 0
        },
        "lat_ns" : {
          "min" : 0,
          "max" : 0,
          "mean" : 0.000000,
          "stddev" : 0.000000,
          "N" : 0
        },
        "bw_min" : 0,
        "bw_max" : 0,
        "bw_agg" : 0.000000,
        "bw_mean" : 0.000000,
        "bw_dev" : 0.000000,
        "bw_samples" : 0,
        "iops_min" : 0,
        "iops_max" : 0,
        "iops_mean" : 0.000000,
        "iops_stddev" : 0.000000,
        "iops_samples" : 0
      },
      "write" : {
        "io_bytes" : 68150099968,
        "io_kbytes" : 66552832,
        "bw_bytes" : 1135721427,
        "bw" : 1109102,
        "iops" : 1082.575076,
        "runtime" : 60006,
        "total_ios" : 64961,
        "short_ios" : 0,
        "drop_ios" : 0,
        "slat_ns" : {
          "min" : 163829,
          "max" : 13232475,
          "mean" : 920359.549798,
          "stddev" : 1341085.639185,
          "N" : 64962
        },
        "clat_ns" : {
          "min" : 5472234,
          "max" : 53219397,
          "mean" : 28630427.987845,
          "stddev" : 3689033.103127,
          "N" : 64992,
          "percentile" : {
            "1.000000" : 22937600,
            "5.000000" : 24248320,
            "10.000000" : 24772608,
            "20.000000" : 25821184,
            "30.000000" : 26345472,
            "40.000000" : 27131904,
            "50.000000" : 27918336,
            "60.000000" : 28704768,
            "70.000000" : 29753344,
            "80.000000" : 31064064,
            "90.000000" : 33161216,
            "95.000000" : 36438016,
            "99.000000" : 41156608,
            "99.500000" : 42205184,
            "99.900000" : 45350912,
            "99.950000" : 47972352,
            "99.990000" : 50069504
          }
        },
        "lat_ns" : {
          "min" : 5914374,
          "max" : 53678864,
          "mean" : 29550703.494107,
          "stddev" : 3828242.855669,
          "N" : 64992
        },
        "bw_min" : 1026048,
        "bw_max" : 1224704,
        "bw_agg" : 100.000000,
        "bw_mean" : 1109291.084034,
        "bw_dev" : 41847.425604,
        "bw_samples" : 119,
        "iops_min" : 1002,
        "iops_max" : 1196,
        "iops_mean" : 1083.243697,
        "iops_stddev" : 40.850070,
        "iops_samples" : 119
      },
      "trim" : {
        "io_bytes" : 0,
        "io_kbytes" : 0,
        "bw_bytes" : 0,
        "bw" : 0,
        "iops" : 0.000000,
        "runtime" : 0,
        "total_ios" : 0,
        "short_ios" : 0,
        "drop_ios" : 0,
        "slat_ns" : {
          "min" : 0,
          "max" : 0,
          "mean" : 0.000000,
          "stddev" : 0.000000,
          "N" : 0
        },
        "clat_ns" : {
          "min" : 0,
          "max" : 0,
          "mean" : 0.000000,
          "stddev" : 0.000000,
          "N" : 0
        },
        "lat_ns" : {
          "min" : 0,
          "max" : 0,
          "mean" : 0.000000,
          "stddev" : 0.000000,
          "N" : 0
        },
        "bw_min" : 0,
        "bw_max" : 0,
        "bw_agg" : 0.000000,
        "bw_mean" : 0.000000,
        "bw_dev" : 0.000000,
        "bw_samples" : 0,
        "iops_min" : 0,
        "iops_max" : 0,
        "iops_mean" : 0.000000,
        "iops_stddev" : 0.000000,
        "iops_samples" : 0
      },
      "sync" : {
        "total_ios" : 0,
        "lat_ns" : {
          "min" : 0,
          "max" : 0,
          "mean" : 0.000000,
          "stddev" : 0.000000,
          "N" : 0
        }
      },
      "job_runtime" : 60005,
      "usr_cpu" : 4.389634,
      "sys_cpu" : 35.623698,
      "ctx" : 25402,
      "majf" : 0,
      "minf" : 42,
      "iodepth_level" : {
        "1" : 0.000000,
        "2" : 0.000000,
        "4" : 0.000000,
        "8" : 0.000000,
        "16" : 0.000000,
        "32" : 100.000000,
        ">=64" : 0.000000
      },
      "iodepth_submit" : {
        "0" : 0.000000,
        "4" : 100.000000,
        "8" : 0.000000,
        "16" : 0.000000,
        "32" : 0.000000,
        "64" : 0.000000,
        ">=64" : 0.000000
      },
      "iodepth_complete" : {
        "0" : 0.000000,
        "4" : 99.998461,
        "8" : 0.000000,
        "16" : 0.000000,
        "32" : 0.100000,
        "64" : 0.000000,
        ">=64" : 0.000000
      },
      "latency_ns" : {
        "2" : 0.000000,
        "4" : 0.000000,
        "10" : 0.000000,
        "20" : 0.000000,
        "50" : 0.000000,
        "100" : 0.000000,
        "250" : 0.000000,
        "500" : 0.000000,
        "750" : 0.000000,
        "1000" : 0.000000
      },
      "latency_us" : {
        "2" : 0.000000,
        "4" : 0.000000,
        "10" : 0.000000,
        "20" : 0.000000,
        "50" : 0.000000,
        "100" : 0.000000,
        "250" : 0.000000,
        "500" : 0.000000,
        "750" : 0.000000,
        "1000" : 0.000000
      },
      "latency_ms" : {
        "2" : 0.000000,
        "4" : 0.000000,
        "10" : 0.010000,
        "20" : 0.016933,
        "50" : 100.006158,
        "100" : 0.015394,
        "250" : 0.000000,
        "500" : 0.000000,
        "750" : 0.000000,
        "1000" : 0.000000,
        "2000" : 0.000000,
        ">=2000" : 0.000000
      },
      "latency_depth" : 32,
      "latency_target" : 0,
      "latency_percentile" : 100.000000,
      "latency_window" : 0
    }
  ],
  "disk_util" : [
    {
      "name" : "md6",
      "read_ios" : 0,
      "write_ios" : 70745,
      "read_sectors" : 0,
      "write_sectors" : 144614440,
      "read_merges" : 0,
      "write_merges" : 0,
      "read_ticks" : 0,
      "write_ticks" : 513483,
      "in_queue" : 513483,
      "util" : 100.000000,
      "aggr_read_ios" : 262,
      "aggr_write_ios" : 291451,
      "aggr_read_sectors" : 7558,
      "aggr_write_sectors" : 72323028,
      "aggr_read_merges" : 682,
      "aggr_write_merge" : 8748953,
      "aggr_read_ticks" : 160,
      "aggr_write_ticks" : 50393,
      "aggr_in_queue" : 50572,
      "aggr_util" : 69.770018
    },
    {
      "name" : "nvme3n1",
      "read_ios" : 291,
      "write_ios" : 291981,
      "read_sectors" : 7744,
      "write_sectors" : 72322842,
      "read_merges" : 677,
      "write_merges" : 8748400,
      "read_ticks" : 126,
      "write_ticks" : 42252,
      "in_queue" : 42394,
      "util" : 20.784555
    },
    {
      "name" : "nvme5n1",
      "read_ios" : 276,
      "write_ios" : 290888,
      "read_sectors" : 7384,
      "write_sectors" : 72323202,
      "read_merges" : 647,
      "write_merges" : 8749538,
      "read_ticks" : 152,
      "write_ticks" : 42342,
      "in_queue" : 42514,
      "util" : 22.427506
    },
    {
      "name" : "nvme1n1",
      "read_ios" : 220,
      "write_ios" : 290927,
      "read_sectors" : 7384,
      "write_sectors" : 72323202,
      "read_merges" : 703,
      "write_merges" : 8749499,