{
  "fio version" : "fio-3.36",
  "timestamp" : 1768537529,
  "timestamp_ms" : 1768537529164,
  "time" : "Fri Jan 16 13:25:29 2026",
  "jobs" : [
    {
      "jobname" : "mdadm_raid10_write",
      "groupid" : 0,
      "job_start" : 1768537469137,
      "error" : 0,
      "eta" : 0,
      "elapsed" : 66,
      "job options" : {
        "name" : "mdadm_raid10_write",
        "directory" : "/mnt/mdadm_test/raid10",
        "ioengine" : "libaio",
        "direct" : "1",
        "rw" : "write",
        "bs" : "128k",
        "size" : "1G",
        "numjobs" : "1",
        "iodepth" : "32",
        "runtime" : "60",
        "ramp_time" : "5"
      },
      "read" : {
        "io_bytes" : 0,
        "io_kbytes" : 0,
        "bw_bytes" : 0,
        "bw" : 0,
        "iops" : 0.000000,
        "runtime" : 0,
        "total_ios" : 0,
        "short_ios" : 0,
        "drop_ios" : 0,
        "slat_ns" : {
          "min" : 0,
          "max" : 0,
          "mean" : 0.000000,
          "stddev" : 0.000000,
          "N" : 0
        },
        "clat_ns" : {
          "min" : 0,
          "max" : 0,
          "mean" : 0.000000,
          "stddev" : 0.000000,
          "N" : 0
        },
        "lat_ns" : {
          "min" : 0,
          "max" : 0,
          "mean" : 0.000000,
          "stddev" : 0.000000,
          "N" : 0
        },
        "bw_min" : 0,
        "bw_max" : 0,
        "bw_agg" : 0.000000,
        "bw_mean" : 0.000000,
        "bw_dev" : 0.000000,
        "bw_samples" : 0,
        "iops_min" : 0,
        "iops_max" : 0,
        "iops_mean" : 0.000000,
        "iops_stddev" : 0.000000,
        "iops_samples" : 0
      },
      "write" : {
        "io_bytes" : 246045605888,
        "io_kbytes" : 240278912,
        "bw_bytes" : 4100691753,
        "bw" : 4004581,
        "iops" : 31285.278579,
        "runtime" : 60001,
        "total_ios" : 1877148,
        "short_ios" : 0,
        "drop_ios" : 0,
        "slat_ns" : {
          "min" : 16185,
          "max" : 35370028,
          "mean" : 23600.610526,
          "stddev" : 41808.629249,
          "N" : 1877148
        },
        "clat_ns" : {
          "min" : 1552,
          "max" : 39385097,
          "mean" : 999160.589127,
          "stddev" : 1855089.815300,
          "N" : 1877179,
          "percentile" : {
            "1.000000" : 53504,
            "5.000000" : 214016,
            "10.000000" : 522240,
            "20.000000" : 610304,
            "30.000000" : 626688,
            "40.000000" : 634880,
            "50.000000" : 667648,
            "60.000000" : 700416,
            "70.000000" : 806912,
            "80.000000" : 913408,
            "90.000000" : 1204224,
            "95.000000" : 1794048,
            "99.000000" : 11206656,
            "99.500000" : 16711680,
            "99.900000" : 20840448,
            "99.950000" : 24248320,
            "99.990000" : 28966912
          }
        },
        "lat_ns" : {
          "min" : 51688,
          "max" : 39418027,
          "mean" : 1022761.295758,
          "stddev" : 1857022.896720,
          "N" : 1877179
        },
        "bw_min" : 1325312,
        "bw_max" : 5097984,
        "bw_agg" : 100.000000,
        "bw_mean" : 4007102.411765,
        "bw_dev" : 834830.590684,
        "bw_samples" : 119,
        "iops_min" : 10354,
        "iops_max" : 39828,
        "iops_mean" : 31305.344538,
        "iops_stddev" : 6522.128315,
        "iops_samples" : 119
      },
      "trim" : {
        "io_bytes" : 0,
        "io_kbytes" : 0,
        "bw_bytes" : 0,
        "bw" : 0,
        "iops" : 0.000000,
        "runtime" : 0,
        "total_ios" : 0,
        "short_ios" : 0,
        "drop_ios" : 0,
        "slat_ns" : {
          "min" : 0,
          "max" : 0,
          "mean" : 0.000000,
          "stddev" : 0.000000,
          "N" : 0
        },
        "clat_ns" : {
          "min" : 0,
          "max" : 0,
          "mean" : 0.000000,
          "stddev" : 0.000000,
          "N" : 0
        },
        "lat_ns" : {
          "min" : 0,
          "max" : 0,
          "mean" : 0.000000,
          "stddev" : 0.000000,
          "N" : 0
        },
        "bw_min" : 0,
        "bw_max" : 0,
        "bw_agg" : 0.000000,
        "bw_mean" : 0.000000,
        "bw_dev" : 0.000000,
        "bw_samples" : 0,
        "iops_min" : 0,
        "iops_max" : 0,
        "iops_mean" : 0.000000,
        "iops_stddev" : 0.000000,
        "iops_samples" : 0
      },
      "sync" : {
        "total_ios" : 0,
        "lat_ns" : {
          "min" : 0,
          "max" : 0,
          "mean" : 0.000000,
          "stddev" : 0.000000,
          "N" : 0
        }
      },
      "job_runtime" : 60000,
      "usr_cpu" : 5.005000,
      "sys_cpu" : 68.591667,
      "ctx" : 452625,
      "majf" : 0,
      "minf" : 43,
      "iodepth_level" : {
        "1" : 0.000000,
        "2" : 0.000000,
        "4" : 0.000000,
        "8" : 0.000000,
        "16" : 0.000000,
        "32" : 100.000000,
        ">=64" : 0.000000
      },
      "iodepth_submit" : {
        "0" : 0.000000,
        "4" : 100.000000,
        "8" : 0.000000,
        "16" : 0.000000,
        "32" : 0.000000,
        "64" : 0.000000,
        ">=64" : 0.000000
      },
      "iodepth_complete" : {
        "0" : 0.000000,
        "4" : 99.999947,
        "8" : 0.000000,
        "16" : 0.000000,
        "32" : 0.100000,
        "64" : 0.000000,
        ">=64" : 0.000000
      },
      "latency_ns" : {
        "2" : 0.000000,
        "4" : 0.000000,
        "10" : 0.000000,
        "20" : 0.000000,
        "50" : 0.000000,
        "100" : 0.000000,
        "250" : 0.000000,
        "500" : 0.000000,
        "750" : 0.000000,
        "1000" : 0.000000
      },
      "latency_us" : {
        "2" : 0.010000,
        "4" : 0.000000,
        "10" : 0.000000,
        "20" : 0.010000,
        "50" : 0.713156,
        "100" : 2.028343,
        "250" : 2.833980,
        "500" : 4.038414,
        "750" : 55.079035,
        "1000" : 21.450893
      },
      "latency_ms" : {
        "2" : 9.540164,
        "4" : 1.801456,
        "10" : 1.447835,
        "20" : 0.881763,
        "50" : 0.186506,
        "100" : 0.000000,
        "250" : 0.000000,
        "500" : 0.000000,
        "750" : 0.000000,
        "1000" : 0.000000,
        "2000" : 0.000000,
        ">=2000" : 0.000000
      },
      "latency_depth" : 32,
      "latency_target" : 0,
      "latency_percentile" : 100.000000,
      "latency_window" : 0
    }
  ],
  "disk_util" : [
    {
      "name" : "md10",
      "read_ios" : 476,
      "write_ios" : 2046089,
      "read_sectors" : 3808,
      "write_sectors" : 522742992,
      "read_merges" : 0,
      "write_merges" : 0,
      "read_ticks" : 524,
      "write_ticks" : 851598,
      "in_queue" : 852122,
      "util" : 99.945904,
      "aggr_read_ios" : 119,
      "aggr_write_ios" : 1026855,
      "aggr_read_sectors" : 952,
      "aggr_write_sectors" : 262332887,
      "aggr_read_merges" : 0,
      "aggr_write_merge" : 36,
      "aggr_read_ticks" : 129,
      "aggr_write_ticks" : 236324,
      "aggr_in_queue" : 236529,
      "aggr_util" : 64.414997
    },
    {
      "name" : "nvme3n1",
      "read_ios" : 235,
      "write_ios" : 1027291,
      "read_sectors" : 1880,
      "write_sectors" : 262336923,
      "read_merges" : 0,
      "write_merges" : 59,
      "read_ticks" : 245,
      "write_ticks" : 185497,
      "in_queue" : 185800,
      "util" : 56.162465
    },
    {
      "name" : "nvme5n1",
      "read_ios" : 0,
      "write_ios" : 1026420,
      "read_sectors" : 0,
      "write_sectors" : 262328851,
      "read_merges" : 0,
      "write_merges" : 14,
      "read_ticks" : 0,
      "write_ticks" : 399587,
      "in_queue" : 399690,
      "util" : 64.414997
    },
    {
      "name" : "nvme1n1",
      "read_ios" : 241,
      "write_ios" : 1027291,
      "read_sectors" : 1928,
      "write_sectors" : 262336923,
      "read_merges" : 0,
      "write_merges" : 59,
      "read_ticks" : 274,