{
  "fio version" : "fio-3.36",
  "timestamp" : 1768532454,
  "timestamp_ms" : 1768532454167,
  "time" : "Fri Jan 16 12:00:54 2026",
  "jobs" : [
    {
      "jobname" : "mdadm_raid6_read",
      "groupid" : 0,
      "job_start" : 1768532394136,
      "error" : 0,
      "eta" : 0,
      "elapsed" : 66,
      "job options" : {
        "name" : "mdadm_raid6_read",
        "directory" : "/mnt/mdadm_test/raid6",
        "ioengine" : "libaio",
        "direct" : "1",
        "rw" : "read",
        "bs" : "1m",
        "size" : "10G",
        "numjobs" : "1",
        "iodepth" : "32",
        "runtime" : "60",
        "ramp_time" : "5"
      },
      "read" : {
        "io_bytes" : 929204011008,
        "io_kbytes" : 907425792,
        "bw_bytes" : 15486475408,
        "bw" : 15123511,
        "iops" : 14768.520525,
        "runtime" : 60001,
        "total_ios" : 886126,
        "short_ios" : 0,
        "drop_ios" : 0,
        "slat_ns" : {
          "min" : 45329,
          "max" : 311442,
          "mean" : 66367.788805,
          "stddev" : 14322.642098,
          "N" : 886127
        },
        "clat_ns" : {
          "min" : 215366,
          "max" : 7014571,
          "mean" : 2100057.355228,
          "stddev" : 201189.912090,
          "N" : 886157,
          "percentile" : {
            "1.000000" : 1744896,
            "5.000000" : 1826816,
            "10.000000" : 1892352,
            "20.000000" : 1925120,
            "30.000000" : 1974272,
            "40.000000" : 2023424,
            "50.000000" : 2088960,
            "60.000000" : 2146304,
            "70.000000" : 2179072,
            "80.000000" : 2244608,
            "90.000000" : 2408448,
            "95.000000" : 2473984,
            "99.000000" : 2572288,
            "99.500000" : 2637824,
            "99.900000" : 2736128,
            "99.950000" : 3162112,
            "99.990000" : 4751360
          }
        },
        "lat_ns" : {
          "min" : 267716,
          "max" : 7089745,
          "mean" : 2166425.178760,
          "stddev" : 206195.182334,
          "N" : 886157
        },
        "bw_min" : 12824576,
        "bw_max" : 16482501,
        "bw_agg" : 100.000000,
        "bw_mean" : 15140433.378151,
        "bw_dev" : 1198671.187558,
        "bw_samples" : 119,
        "iops_min" : 12524,
        "iops_max" : 16096,
        "iops_mean" : 14785.428571,
        "iops_stddev" : 1170.523884,
        "iops_samples" : 119
      },
      "write" : {
        "io_bytes" : 0,
        "io_kbytes" : 0,
        "bw_bytes" : 0,
        "bw" : 0,
        "iops" : 0.000000,
        "runtime" : 0,
        "total_ios" : 0,
        "short_ios" : 0,
        "drop_ios" : 0,
        "slat_ns" : {
          "min" : 0,
          "max" : 0,
          "mean" : 0.000000,
          "stddev" : 0.000000,
          "N" : 0
        },
        "clat_ns" : {
          "min" : 0,
          "max" : 0,
          "mean" : 0.000000,
          "stddev" : 0.000000,
          "N" : 0
        },
        "lat_ns" : {
          "min" : 0,
          "max" : 0,
          "mean" : 0.000000,
          "stddev" : 0.000000,
          "N" : 0
        },
        "bw_min" : 0,
        "bw_max" : 0,
        "bw_agg" : 0.000000,
        "bw_mean" : 0.000000,
        "bw_dev" : 0.000000,
        "bw_samples" : 0,
        "iops_min" : 0,
        "iops_max" : 0,
        "iops_mean" : 0.000000,
        "iops_stddev" : 0.000000,
        "iops_samples" : 0
      },
      "trim" : {
        "io_bytes" : 0,
        "io_kbytes" : 0,
        "bw_bytes" : 0,
        "bw" : 0,
        "iops" : 0.000000,
        "runtime" : 0,
        "total_ios" : 0,
        "short_ios" : 0,
        "drop_ios" : 0,
        "slat_ns" : {
          "min" : 0,
          "max" : 0,
          "mean" : 0.000000,
          "stddev" : 0.000000,
          "N" : 0
        },
        "clat_ns" : {
          "min" : 0,
          "max" : 0,
          "mean" : 0.000000,
          "stddev" : 0.000000,
          "N" : 0
        },
        "lat_ns" : {
          "min" : 0,
          "max" : 0,
          "mean" : 0.000000,
          "stddev" : 0.000000,
          "N" : 0
        },
        "bw_min" : 0,
        "bw_max" : 0,
        "bw_agg" : 0.000000,
        "bw_mean" : 0.000000,
        "bw_dev" : 0.000000,
        "bw_samples" : 0,
        "iops_min" : 0,
        "iops_max" : 0,
        "iops_mean" : 0.000000,
        "iops_stddev" : 0.000000,
        "iops_samples" : 0
      },
      "sync" : {
        "total_ios" : 0,
        "lat_ns" : {
          "min" : 0,
          "max" : 0,
          "mean" : 0.000000,
          "stddev" : 0.000000,
          "N" : 0
        }
      },
      "job_runtime" : 60000,
      "usr_cpu" : 1.403333,
      "sys_cpu" : 97.893333,
      "ctx" : 23880,
      "majf" : 0,
      "minf" : 36,
      "iodepth_level" : {
        "1" : 0.000000,
        "2" : 0.000000,
        "4" : 0.000000,
        "8" : 0.000000,
        "16" : 0.000000,
        "32" : 100.000000,
        ">=64" : 0.000000
      },
      "iodepth_submit" : {
        "0" : 0.000000,
        "4" : 100.000000,
        "8" : 0.000000,
        "16" : 0.000000,
        "32" : 0.000000,
        "64" : 0.000000,
        ">=64" : 0.000000
      },
      "iodepth_complete" : {
        "0" : 0.000000,
        "4" : 99.999887,
        "8" : 0.000000,
        "16" : 0.000000,
        "32" : 0.100000,
        "64" : 0.000000,
        ">=64" : 0.000000
      },
      "latency_ns" : {
        "2" : 0.000000,
        "4" : 0.000000,
        "10" : 0.000000,
        "20" : 0.000000,
        "50" : 0.000000,
        "100" : 0.000000,
        "250" : 0.000000,
        "500" : 0.000000,
        "750" : 0.000000,
        "1000" : 0.000000
      },
      "latency_us" : {
        "2" : 0.000000,
        "4" : 0.000000,
        "10" : 0.000000,
        "20" : 0.000000,
        "50" : 0.000000,
        "100" : 0.000000,
        "250" : 0.010000,
        "500" : 0.011511,
        "750" : 0.020990,
        "1000" : 0.016476
      },
      "latency_ms" : {
        "2" : 36.341333,
        "4" : 63.596825,
        "10" : 0.016025,
        "20" : 0.000000,
        "50" : 0.000000,
        "100" : 0.000000,
        "250" : 0.000000,
        "500" : 0.000000,
        "750" : 0.000000,
        "1000" : 0.000000,
        "2000" : 0.000000,
        ">=2000" : 0.000000
      },
      "latency_depth" : 32,
      "latency_target" : 0,
      "latency_percentile" : 100.000000,
      "latency_window" : 0
    }
  ],
  "disk_util" : [
    {
      "name" : "md6",
      "read_ios" : 1908399,
      "write_ios" : 281,
      "read_sectors" : 1954200576,
      "write_sectors" : 218488,
      "read_merges" : 0,
      "write_merges" : 0,
      "read_ticks" : 504700,
      "write_ticks" : 767,
      "in_queue" : 505467,
      "util" : 100.000000,
      "aggr_read_ios" : 1915418,
      "aggr_write_ios" : 882,
      "aggr_read_sectors" : 490339502,
      "aggr_write_sectors" : 118495,
      "aggr_read_merges" : 549,
      "aggr_write_merge" : 14135,
      "aggr_read_ticks" : 411849,
      "aggr_write_ticks" : 242,
      "aggr_in_queue" : 412145,
      "aggr_util" : 98.577739
    },
    {
      "name" : "nvme3n1",
      "read_ios" : 1915379,
      "write_ios" : 886,
      "read_sectors" : 490336280,
      "write_sectors" : 118789,
      "read_merges" : 124,
      "write_merges" : 14169,
      "read_ticks" : 414814,
      "write_ticks" : 239,
      "in_queue" : 415109,
      "util" : 97.906436
    },
    {
      "name" : "nvme5n1",
      "read_ios" : 1915388,
      "write_ios" : 888,
      "read_sectors" : 490334464,
      "write_sectors" : 118621,
      "read_merges" : 12,
      "write_merges" : 14146,
      "read_ticks" : 421929,
      "write_ticks" : 243,
      "in_queue" : 422216,
      "util" : 97.846566
    },
    {
      "name" : "nvme1n1",
      "read_ios" : 1915445,
      "write_ios" : 862,
      "read_sectors" : 490342808,
      "write_sectors" : 118597,
      "read_merges" : 998,
      "write_merges" : 14169,