{
  "fio version" : "fio-3.36",
  "timestamp" : 1768537661,
  "timestamp_ms" : 1768537661613,
  "time" : "Fri Jan 16 13:27:41 2026",
  "jobs" : [
    {
      "jobname" : "mdadm_raid10_write",
      "groupid" : 0,
      "job_start" : 1768537601575,
      "error" : 0,
      "eta" : 0,
      "elapsed" : 66,
      "job options" : {
        "name" : "mdadm_raid10_write",
        "directory" : "/mnt/mdadm_test/raid10",
        "ioengine" : "libaio",
        "direct" : "1",
        "rw" : "write",
        "bs" : "1m",
        "size" : "1G",
        "numjobs" : "1",
        "iodepth" : "32",
        "runtime" : "60",
        "ramp_time" : "5"
      },
      "read" : {
        "io_bytes" : 0,
        "io_kbytes" : 0,
        "bw_bytes" : 0,
        "bw" : 0,
        "iops" : 0.000000,
        "runtime" : 0,
        "total_ios" : 0,
        "short_ios" : 0,
        "drop_ios" : 0,
        "slat_ns" : {
          "min" : 0,
          "max" : 0,
          "mean" : 0.000000,
          "stddev" : 0.000000,
          "N" : 0
        },
        "clat_ns" : {
          "min" : 0,
          "max" : 0,
          "mean" : 0.000000,
          "stddev" : 0.000000,
          "N" : 0
        },
        "lat_ns" : {
          "min" : 0,
          "max" : 0,
          "mean" : 0.000000,
          "stddev" : 0.000000,
          "N" : 0
        },
        "bw_min" : 0,
        "bw_max" : 0,
        "bw_agg" : 0.000000,
        "bw_mean" : 0.000000,
        "bw_dev" : 0.000000,
        "bw_samples" : 0,
        "iops_min" : 0,
        "iops_max" : 0,
        "iops_mean" : 0.000000,
        "iops_stddev" : 0.000000,
        "iops_samples" : 0
      },
      "write" : {
        "io_bytes" : 330768056320,
        "io_kbytes" : 323015680,
        "bw_bytes" : 5512433443,
        "bw" : 5383235,
        "iops" : 5256.532898,
        "runtime" : 60004,
        "total_ios" : 315413,
        "short_ios" : 0,
        "drop_ios" : 0,
        "slat_ns" : {
          "min" : 87082,
          "max" : 21235525,
          "mean" : 146735.406488,
          "stddev" : 96086.122792,
          "N" : 315414
        },
        "clat_ns" : {
          "min" : 228236,
          "max" : 34044188,
          "mean" : 5939811.428298,
          "stddev" : 4938836.811826,
          "N" : 315444,
          "percentile" : {
            "1.000000" : 3588096,
            "5.000000" : 3653632,
            "10.000000" : 3686400,
            "20.000000" : 3751936,
            "30.000000" : 4014080,
            "40.000000" : 4145152,
            "50.000000" : 4423680,
            "60.000000" : 4685824,
            "70.000000" : 5079040,
            "80.000000" : 5406720,
            "90.000000" : 7438336,
            "95.000000" : 21889024,
            "99.000000" : 25296896,
            "99.500000" : 27131904,
            "99.900000" : 29491200,
            "99.950000" : 30277632,
            "99.990000" : 33423360
          }
        },
        "lat_ns" : {
          "min" : 376891,
          "max" : 34192883,
          "mean" : 6086545.051898,
          "stddev" : 4940915.769515,
          "N" : 315444
        },
        "bw_min" : 4493312,
        "bw_max" : 6594560,
        "bw_agg" : 100.000000,
        "bw_mean" : 5386021.241667,
        "bw_dev" : 397138.042384,
        "bw_samples" : 120,
        "iops_min" : 4388,
        "iops_max" : 6440,
        "iops_mean" : 5259.650000,
        "iops_stddev" : 387.826884,
        "iops_samples" : 120
      },
      "trim" : {
        "io_bytes" : 0,
        "io_kbytes" : 0,
        "bw_bytes" : 0,
        "bw" : 0,
        "iops" : 0.000000,
        "runtime" : 0,
        "total_ios" : 0,
        "short_ios" : 0,
        "drop_ios" : 0,
        "slat_ns" : {
          "min" : 0,
          "max" : 0,
          "mean" : 0.000000,
          "stddev" : 0.000000,
          "N" : 0
        },
        "clat_ns" : {
          "min" : 0,
          "max" : 0,
          "mean" : 0.000000,
          "stddev" : 0.000000,
          "N" : 0
        },
        "lat_ns" : {
          "min" : 0,
          "max" : 0,
          "mean" : 0.000000,
          "stddev" : 0.000000,
          "N" : 0
        },
        "bw_min" : 0,
        "bw_max" : 0,
        "bw_agg" : 0.000000,
        "bw_mean" : 0.000000,
        "bw_dev" : 0.000000,
        "bw_samples" : 0,
        "iops_min" : 0,
        "iops_max" : 0,
        "iops_mean" : 0.000000,
        "iops_stddev" : 0.000000,
        "iops_samples" : 0
      },
      "sync" : {
        "total_ios" : 0,
        "lat_ns" : {
          "min" : 0,
          "max" : 0,
          "mean" : 0.000000,
          "stddev" : 0.000000,
          "N" : 0
        }
      },
      "job_runtime" : 60003,
      "usr_cpu" : 9.237871,
      "sys_cpu" : 65.153409,
      "ctx" : 143766,
      "majf" : 0,
      "minf" : 37,
      "iodepth_level" : {
        "1" : 0.000000,
        "2" : 0.000000,
        "4" : 0.000000,
        "8" : 0.000000,
        "16" : 0.000000,
        "32" : 100.000000,
        ">=64" : 0.000000
      },
      "iodepth_submit" : {
        "0" : 0.000000,
        "4" : 100.000000,
        "8" : 0.000000,
        "16" : 0.000000,
        "32" : 0.000000,
        "64" : 0.000000,
        ">=64" : 0.000000
      },
      "iodepth_complete" : {
        "0" : 0.000000,
        "4" : 99.999683,
        "8" : 0.000000,
        "16" : 0.000000,
        "32" : 0.100000,
        "64" : 0.000000,
        ">=64" : 0.000000
      },
      "latency_ns" : {
        "2" : 0.000000,
        "4" : 0.000000,
        "10" : 0.000000,
        "20" : 0.000000,
        "50" : 0.000000,
        "100" : 0.000000,
        "250" : 0.000000,
        "500" : 0.000000,
        "750" : 0.000000,
        "1000" : 0.000000
      },
      "latency_us" : {
        "2" : 0.000000,
        "4" : 0.000000,
        "10" : 0.000000,
        "20" : 0.000000,
        "50" : 0.000000,
        "100" : 0.000000,
        "250" : 0.010000,
        "500" : 0.010000,
        "750" : 0.010000,
        "1000" : 0.000000
      },
      "latency_ms" : {
        "2" : 0.028217,
        "4" : 28.836478,
        "10" : 62.864879,
        "20" : 1.666704,
        "50" : 6.612283,
        "100" : 0.000000,
        "250" : 0.000000,
        "500" : 0.000000,
        "750" : 0.000000,
        "1000" : 0.000000,
        "2000" : 0.000000,
        ">=2000" : 0.000000
      },
      "latency_depth" : 32,
      "latency_target" : 0,
      "latency_percentile" : 100.000000,
      "latency_window" : 0
    }
  ],
  "disk_util" : [
    {
      "name" : "md10",
      "read_ios" : 0,
      "write_ios" : 2759043,
      "read_sectors" : 0,
      "write_sectors" : 705259784,
      "read_merges" : 0,
      "write_merges" : 0,
      "read_ticks" : 0,
      "write_ticks" : 4404487,
      "in_queue" : 4404487,
      "util" : 98.808406,
      "aggr_read_ios" : 0,
      "aggr_write_ios" : 1379638,
      "aggr_read_sectors" : 0,
      "aggr_write_sectors" : 352646252,
      "aggr_read_merges" : 0,
      "aggr_write_merge" : 31,
      "aggr_read_ticks" : 0,
      "aggr_write_ticks" : 1167378,
      "aggr_in_queue" : 1167455,
      "aggr_util" : 66.989261
    },
    {
      "name" : "nvme3n1",
      "read_ios" : 0,
      "write_ios" : 1380064,
      "read_sectors" : 0,
      "write_sectors" : 352649536,
      "read_merges" : 0,
      "write_merges" : 16,
      "read_ticks" : 0,
      "write_ticks" : 1253561,
      "in_queue" : 1253629,
      "util" : 65.681930
    },
    {
      "name" : "nvme5n1",
      "read_ios" : 0,
      "write_ios" : 1379212,
      "read_sectors" : 0,
      "write_sectors" : 352642968,
      "read_merges" : 0,
      "write_merges" : 47,
      "read_ticks" : 0,
      "write_ticks" : 1103974,
      "in_queue" : 1104080,
      "util" : 66.026588
    },
    {
      "name" : "nvme1n1",
      "read_ios" : 0,
      "write_ios" : 1380064,
      "read_sectors" : 0,
      "write_sectors" : 352649536,
      "read_merges" : 0,
      "write_merges" : 16,
      "read_ticks" : 0,
      "write_ticks" : 1125812,