{
  "fio version" : "fio-3.36",
  "timestamp" : 1768528505,
  "timestamp_ms" : 1768528505954,
  "time" : "Fri Jan 16 10:55:05 2026",
  "jobs" : [
    {
      "jobname" : "mdadm_raid5_read",
      "groupid" : 0,
      "job_start" : 1768528445918,
      "error" : 0,
      "eta" : 0,
      "elapsed" : 66,
      "job options" : {
        "name" : "mdadm_raid5_read",
        "directory" : "/mnt/mdadm_test/raid5",
        "ioengine" : "libaio",
        "direct" : "1",
        "rw" : "read",
        "bs" : "1m",
        "size" : "1G",
        "numjobs" : "1",
        "iodepth" : "32",
        "runtime" : "60",
        "ramp_time" : "5"
      },
      "read" : {
        "io_bytes" : 90793050112,
        "io_kbytes" : 88665088,
        "bw_bytes" : 1513141844,
        "bw" : 1477677,
        "iops" : 1442.511208,
        "runtime" : 60003,
        "total_ios" : 86555,
        "short_ios" : 0,
        "drop_ios" : 0,
        "slat_ns" : {
          "min" : 86531,
          "max" : 19118216,
          "mean" : 690337.260537,
          "stddev" : 1236840.522233,
          "N" : 86556
        },
        "clat_ns" : {
          "min" : 1821201,
          "max" : 40422416,
          "mean" : 21488886.341903,
          "stddev" : 2757745.358684,
          "N" : 86586,
          "percentile" : {
            "1.000000" : 16908288,
            "5.000000" : 17432576,
            "10.000000" : 17956864,
            "20.000000" : 18481152,
            "30.000000" : 20316160,
            "40.000000" : 21364736,
            "50.000000" : 21889024,
            "60.000000" : 22151168,
            "70.000000" : 22675456,
            "80.000000" : 23199744,
            "90.000000" : 24248320,
            "95.000000" : 25821184,
            "99.000000" : 30277632,
            "99.500000" : 32112640,
            "99.900000" : 35913728,
            "99.950000" : 36438016,
            "99.990000" : 38535168
          }
        },
        "lat_ns" : {
          "min" : 5977180,
          "max" : 41321378,
          "mean" : 22179220.304114,
          "stddev" : 2773089.900762,
          "N" : 86586
        },
        "bw_min" : 1237418,
        "bw_max" : 1587200,
        "bw_agg" : 99.984734,
        "bw_mean" : 1477452.462185,
        "bw_dev" : 90030.949927,
        "bw_samples" : 119,
        "iops_min" : 1208,
        "iops_max" : 1550,
        "iops_mean" : 1442.705882,
        "iops_stddev" : 87.964973,
        "iops_samples" : 119
      },
      "write" : {
        "io_bytes" : 0,
        "io_kbytes" : 0,
        "bw_bytes" : 0,
        "bw" : 0,
        "iops" : 0.000000,
        "runtime" : 0,
        "total_ios" : 0,
        "short_ios" : 0,
        "drop_ios" : 0,
        "slat_ns" : {
          "min" : 0,
          "max" : 0,
          "mean" : 0.000000,
          "stddev" : 0.000000,
          "N" : 0
        },
        "clat_ns" : {
          "min" : 0,
          "max" : 0,
          "mean" : 0.000000,
          "stddev" : 0.000000,
          "N" : 0
        },
        "lat_ns" : {
          "min" : 0,
          "max" : 0,
          "mean" : 0.000000,
          "stddev" : 0.000000,
          "N" : 0
        },
        "bw_min" : 0,
        "bw_max" : 0,
        "bw_agg" : 0.000000,
        "bw_mean" : 0.000000,
        "bw_dev" : 0.000000,
        "bw_samples" : 0,
        "iops_min" : 0,
        "iops_max" : 0,
        "iops_mean" : 0.000000,
        "iops_stddev" : 0.000000,
        "iops_samples" : 0
      },
      "trim" : {
        "io_bytes" : 0,
        "io_kbytes" : 0,
        "bw_bytes" : 0,
        "bw" : 0,
        "iops" : 0.000000,
        "runtime" : 0,
        "total_ios" : 0,
        "short_ios" : 0,
        "drop_ios" : 0,
        "slat_ns" : {
          "min" : 0,
          "max" : 0,
          "mean" : 0.000000,
          "stddev" : 0.000000,
          "N" : 0
        },
        "clat_ns" : {
          "min" : 0,
          "max" : 0,
          "mean" : 0.000000,
          "stddev" : 0.000000,
          "N" : 0
        },
        "lat_ns" : {
          "min" : 0,
          "max" : 0,
          "mean" : 0.000000,
          "stddev" : 0.000000,
          "N" : 0
        },
        "bw_min" : 0,
        "bw_max" : 0,
        "bw_agg" : 0.000000,
        "bw_mean" : 0.000000,
        "bw_dev" : 0.000000,
        "bw_samples" : 0,
        "iops_min" : 0,
        "iops_max" : 0,
        "iops_mean" : 0.000000,
        "iops_stddev" : 0.000000,
        "iops_samples" : 0
      },
      "sync" : {
        "total_ios" : 0,
        "lat_ns" : {
          "min" : 0,
          "max" : 0,
          "mean" : 0.000000,
          "stddev" : 0.000000,
          "N" : 0
        }
      },
      "job_runtime" : 60002,
      "usr_cpu" : 0.278324,
      "sys_cpu" : 45.043499,
      "ctx" : 176242,
      "majf" : 0,
      "minf" : 40,
      "iodepth_level" : {
        "1" : 0.000000,
        "2" : 0.000000,
        "4" : 0.000000,
        "8" : 0.000000,
        "16" : 0.000000,
        "32" : 100.000000,
        ">=64" : 0.000000
      },
      "iodepth_submit" : {
        "0" : 0.000000,
        "4" : 100.000000,
        "8" : 0.000000,
        "16" : 0.000000,
        "32" : 0.000000,
        "64" : 0.000000,
        ">=64" : 0.000000
      },
      "iodepth_complete" : {
        "0" : 0.000000,
        "4" : 99.998845,
        "8" : 0.000000,
        "16" : 0.000000,
        "32" : 0.100000,
        "64" : 0.000000,
        ">=64" : 0.000000
      },
      "latency_ns" : {
        "2" : 0.000000,
        "4" : 0.000000,
        "10" : 0.000000,
        "20" : 0.000000,
        "50" : 0.000000,
        "100" : 0.000000,
        "250" : 0.000000,
        "500" : 0.000000,
        "750" : 0.000000,
        "1000" : 0.000000
      },
      "latency_us" : {
        "2" : 0.000000,
        "4" : 0.000000,
        "10" : 0.000000,
        "20" : 0.000000,
        "50" : 0.000000,
        "100" : 0.000000,
        "250" : 0.000000,
        "500" : 0.000000,
        "750" : 0.000000,
        "1000" : 0.000000
      },
      "latency_ms" : {
        "2" : 0.010000,
        "4" : 0.000000,
        "10" : 0.013864,
        "20" : 28.972330,
        "50" : 71.048466,
        "100" : 0.000000,
        "250" : 0.000000,
        "500" : 0.000000,
        "750" : 0.000000,
        "1000" : 0.000000,
        "2000" : 0.000000,
        ">=2000" : 0.000000
      },
      "latency_depth" : 32,
      "latency_target" : 0,
      "latency_percentile" : 100.000000,
      "latency_window" : 0
    }
  ],
  "disk_util" : [
    {
      "name" : "md5",
      "read_ios" : 92841,
      "write_ios" : 216,
      "read_sectors" : 190138368,
      "write_sectors" : 338328,
      "read_merges" : 0,
      "write_merges" : 0,
      "read_ticks" : 512404,
      "write_ticks" : 33579,
      "in_queue" : 545983,
      "util" : 100.000000,
      "aggr_read_ios" : 206625,
      "aggr_write_ios" : 3303,
      "aggr_read_sectors" : 49084364,
      "aggr_write_sectors" : 624818,
      "aggr_read_merges" : 5928888,
      "aggr_write_merge" : 74993,
      "aggr_read_ticks" : 110065,
      "aggr_write_ticks" : 1898,
      "aggr_in_queue" : 112026,
      "aggr_util" : 76.492583
    },
    {
      "name" : "nvme3n1",
      "read_ios" : 205870,
      "write_ios" : 1100,
      "read_sectors" : 49613912,
      "write_sectors" : 135990,
      "read_merges" : 5995873,
      "write_merges" : 16091,
      "read_ticks" : 114971,
      "write_ticks" : 439,
      "in_queue" : 115477,
      "util" : 71.363944
    },
    {
      "name" : "nvme5n1",
      "read_ios" : 200214,
      "write_ios" : 10114,
      "read_sectors" : 47538272,
      "write_sectors" : 2106894,
      "read_merges" : 5742070,
      "write_merges" : 253450,
      "read_ticks" : 110794,
      "write_ticks" : 6400,
      "in_queue" : 117259,
      "util" : 76.492583
    },
    {
      "name" : "nvme1n1",
      "read_ios" : 209497,
      "write_ios" : 939,
      "read_sectors" : 49620752,
      "write_sectors" : 114270,
      "read_merges" : 5993035,