{
  "fio version" : "fio-3.36",
  "timestamp" : 1768532154,
  "timestamp_ms" : 1768532154771,
  "time" : "Fri Jan 16 11:55:54 2026",
  "jobs" : [
    {
      "jobname" : "mdadm_raid6_read",
      "groupid" : 0,
      "job_start" : 1768532094737,
      "error" : 0,
      "eta" : 0,
      "elapsed" : 66,
      "job options" : {
        "name" : "mdadm_raid6_read",
        "directory" : "/mnt/mdadm_test/raid6",
        "ioengine" : "libaio",
        "direct" : "1",
        "rw" : "read",
        "bs" : "1m",
        "size" : "5G",
        "numjobs" : "1",
        "iodepth" : "32",
        "runtime" : "60",
        "ramp_time" : "5"
      },
      "read" : {
        "io_bytes" : 1010832506880,
        "io_kbytes" : 987141120,
        "bw_bytes" : 16846927665,
        "bw" : 16452077,
        "iops" : 16065.948901,
        "runtime" : 60001,
        "total_ios" : 963973,
        "short_ios" : 0,
        "drop_ios" : 0,
        "slat_ns" : {
          "min" : 40000,
          "max" : 346535,
          "mean" : 61015.365575,
          "stddev" : 17492.758116,
          "N" : 963974
        },
        "clat_ns" : {
          "min" : 205041,
          "max" : 6049108,
          "mean" : 1930446.980723,
          "stddev" : 84870.673851,
          "N" : 964004,
          "percentile" : {
            "1.000000" : 1728512,
            "5.000000" : 1794048,
            "10.000000" : 1826816,
            "20.000000" : 1875968,
            "30.000000" : 1892352,
            "40.000000" : 1908736,
            "50.000000" : 1925120,
            "60.000000" : 1941504,
            "70.000000" : 1974272,
            "80.000000" : 1990656,
            "90.000000" : 2039808,
            "95.000000" : 2072576,
            "99.000000" : 2113536,
            "99.500000" : 2146304,
            "99.900000" : 2211840,
            "99.950000" : 2211840,
            "99.990000" : 2310144
          }
        },
        "lat_ns" : {
          "min" : 249929,
          "max" : 6103070,
          "mean" : 1991462.395681,
          "stddev" : 83905.024387,
          "N" : 964004
        },
        "bw_min" : 16334749,
        "bw_max" : 16535855,
        "bw_agg" : 100.000000,
        "bw_mean" : 16463570.705882,
        "bw_dev" : 39337.087372,
        "bw_samples" : 119,
        "iops_min" : 15951,
        "iops_max" : 16148,
        "iops_mean" : 16077.630252,
        "iops_stddev" : 38.429082,
        "iops_samples" : 119
      },
      "write" : {
        "io_bytes" : 0,
        "io_kbytes" : 0,
        "bw_bytes" : 0,
        "bw" : 0,
        "iops" : 0.000000,
        "runtime" : 0,
        "total_ios" : 0,
        "short_ios" : 0,
        "drop_ios" : 0,
        "slat_ns" : {
          "min" : 0,
          "max" : 0,
          "mean" : 0.000000,
          "stddev" : 0.000000,
          "N" : 0
        },
        "clat_ns" : {
          "min" : 0,
          "max" : 0,
          "mean" : 0.000000,
          "stddev" : 0.000000,
          "N" : 0
        },
        "lat_ns" : {
          "min" : 0,
          "max" : 0,
          "mean" : 0.000000,
          "stddev" : 0.000000,
          "N" : 0
        },
        "bw_min" : 0,
        "bw_max" : 0,
        "bw_agg" : 0.000000,
        "bw_mean" : 0.000000,
        "bw_dev" : 0.000000,
        "bw_samples" : 0,
        "iops_min" : 0,
        "iops_max" : 0,
        "iops_mean" : 0.000000,
        "iops_stddev" : 0.000000,
        "iops_samples" : 0
      },
      "trim" : {
        "io_bytes" : 0,
        "io_kbytes" : 0,
        "bw_bytes" : 0,
        "bw" : 0,
        "iops" : 0.000000,
        "runtime" : 0,
        "total_ios" : 0,
        "short_ios" : 0,
        "drop_ios" : 0,
        "slat_ns" : {
          "min" : 0,
          "max" : 0,
          "mean" : 0.000000,
          "stddev" : 0.000000,
          "N" : 0
        },
        "clat_ns" : {
          "min" : 0,
          "max" : 0,
          "mean" : 0.000000,
          "stddev" : 0.000000,
          "N" : 0
        },
        "lat_ns" : {
          "min" : 0,
          "max" : 0,
          "mean" : 0.000000,
          "stddev" : 0.000000,
          "N" : 0
        },
        "bw_min" : 0,
        "bw_max" : 0,
        "bw_agg" : 0.000000,
        "bw_mean" : 0.000000,
        "bw_dev" : 0.000000,
        "bw_samples" : 0,
        "iops_min" : 0,
        "iops_max" : 0,
        "iops_mean" : 0.000000,
        "iops_stddev" : 0.000000,
        "iops_samples" : 0
      },
      "sync" : {
        "total_ios" : 0,
        "lat_ns" : {
          "min" : 0,
          "max" : 0,
          "mean" : 0.000000,
          "stddev" : 0.000000,
          "N" : 0
        }
      },
      "job_runtime" : 60000,
      "usr_cpu" : 1.521667,
      "sys_cpu" : 97.788333,
      "ctx" : 24101,
      "majf" : 0,
      "minf" : 36,
      "iodepth_level" : {
        "1" : 0.000000,
        "2" : 0.000000,
        "4" : 0.000000,
        "8" : 0.000000,
        "16" : 0.000000,
        "32" : 100.000000,
        ">=64" : 0.000000
      },
      "iodepth_submit" : {
        "0" : 0.000000,
        "4" : 100.000000,
        "8" : 0.000000,
        "16" : 0.000000,
        "32" : 0.000000,
        "64" : 0.000000,
        ">=64" : 0.000000
      },
      "iodepth_complete" : {
        "0" : 0.000000,
        "4" : 99.999896,
        "8" : 0.000000,
        "16" : 0.000000,
        "32" : 0.100000,
        "64" : 0.000000,
        ">=64" : 0.000000
      },
      "latency_ns" : {
        "2" : 0.000000,
        "4" : 0.000000,
        "10" : 0.000000,
        "20" : 0.000000,
        "50" : 0.000000,
        "100" : 0.000000,
        "250" : 0.000000,
        "500" : 0.000000,
        "750" : 0.000000,
        "1000" : 0.000000
      },
      "latency_us" : {
        "2" : 0.000000,
        "4" : 0.000000,
        "10" : 0.000000,
        "20" : 0.000000,
        "50" : 0.000000,
        "100" : 0.000000,
        "250" : 0.010000,
        "500" : 0.010000,
        "750" : 0.010000,
        "1000" : 0.010000
      },
      "latency_ms" : {
        "2" : 81.960802,
        "4" : 18.034426,
        "10" : 0.010000,
        "20" : 0.000000,
        "50" : 0.000000,
        "100" : 0.000000,
        "250" : 0.000000,
        "500" : 0.000000,
        "750" : 0.000000,
        "1000" : 0.000000,
        "2000" : 0.000000,
        ">=2000" : 0.000000
      },
      "latency_depth" : 32,
      "latency_target" : 0,
      "latency_percentile" : 100.000000,
      "latency_window" : 0
    }
  ],
  "disk_util" : [
    {
      "name" : "md6",
      "read_ios" : 2080259,
      "write_ios" : 244,
      "read_sectors" : 2130185216,
      "write_sectors" : 222272,
      "read_merges" : 0,
      "write_merges" : 0,
      "read_ticks" : 714475,
      "write_ticks" : 643,
      "in_queue" : 715118,
      "util" : 100.000000,
      "aggr_read_ios" : 2088359,
      "aggr_write_ios" : 870,
      "aggr_read_sectors" : 534612136,
      "aggr_write_sectors" : 120442,
      "aggr_read_merges" : 547,
      "aggr_write_merge" : 14391,
      "aggr_read_ticks" : 588639,
      "aggr_write_ticks" : 266,
      "aggr_in_queue" : 588966,
      "aggr_util" : 99.938424
    },
    {
      "name" : "nvme3n1",
      "read_ios" : 2088318,
      "write_ios" : 897,
      "read_sectors" : 534608664,
      "write_sectors" : 120774,
      "read_merges" : 93,
      "write_merges" : 14407,
      "read_ticks" : 587281,
      "write_ticks" : 265,
      "in_queue" : 587609,
      "util" : 99.832204
    },
    {
      "name" : "nvme5n1",
      "read_ios" : 2088330,
      "write_ios" : 853,
      "read_sectors" : 534607384,
      "write_sectors" : 120374,
      "read_merges" : 45,
      "write_merges" : 14401,
      "read_ticks" : 578358,
      "write_ticks" : 254,
      "in_queue" : 578662,
      "util" : 99.852217
    },
    {
      "name" : "nvme1n1",
      "read_ios" : 2088390,
      "write_ios" : 873,
      "read_sectors" : 534616488,
      "write_sectors" : 120582,
      "read_merges" : 999,
      "write_merges" : 14407,