{
  "fio version" : "fio-3.36",
  "timestamp" : 1768539500,
  "timestamp_ms" : 1768539500649,
  "time" : "Fri Jan 16 13:58:20 2026",
  "jobs" : [
    {
      "jobname" : "zfs_raidz2_read",
      "groupid" : 0,
      "job_start" : 1768539440618,
      "error" : 0,
      "eta" : 0,
      "elapsed" : 66,
      "job options" : {
        "name" : "zfs_raidz2_read",
        "directory" : "/mnt/zfs_test/raidz2",
        "ioengine" : "libaio",
        "direct" : "1",
        "rw" : "read",
        "bs" : "128k",
        "size" : "5G",
        "numjobs" : "1",
        "iodepth" : "32",
        "runtime" : "60",
        "ramp_time" : "5"
      },
      "read" : {
        "io_bytes" : 281246826496,
        "io_kbytes" : 274655104,
        "bw_bytes" : 4687368985,
        "bw" : 4577508,
        "iops" : 35761.253979,
        "runtime" : 60001,
        "total_ios" : 2145711,
        "short_ios" : 0,
        "drop_ios" : 0,
        "slat_ns" : {
          "min" : 11407,
          "max" : 1805635,
          "mean" : 26953.708219,
          "stddev" : 8048.842039,
          "N" : 2145712
        },
        "clat_ns" : {
          "min" : 2083,
          "max" : 9270535,
          "mean" : 867656.568871,
          "stddev" : 114640.287650,
          "N" : 2145742,
          "percentile" : {
            "1.000000" : 806912,
            "5.000000" : 823296,
            "10.000000" : 831488,
            "20.000000" : 839680,
            "30.000000" : 847872,
            "40.000000" : 856064,
            "50.000000" : 864256,
            "60.000000" : 872448,
            "70.000000" : 880640,
            "80.000000" : 888832,
            "90.000000" : 897024,
            "95.000000" : 913408,
            "99.000000" : 937984,
            "99.500000" : 946176,
            "99.900000" : 987136,
            "99.950000" : 1044480,
            "99.990000" : 8978432
          }
        },
        "lat_ns" : {
          "min" : 32209,
          "max" : 9299919,
          "mean" : 894610.276867,
          "stddev" : 116656.960209,
          "N" : 2145742
        },
        "bw_min" : 4054016,
        "bw_max" : 4631296,
        "bw_agg" : 100.000000,
        "bw_mean" : 4579788.554622,
        "bw_dev" : 71829.801185,
        "bw_samples" : 119,
        "iops_min" : 31672,
        "iops_max" : 36182,
        "iops_mean" : 35779.445378,
        "iops_stddev" : 561.169099,
        "iops_samples" : 119
      },
      "write" : {
        "io_bytes" : 0,
        "io_kbytes" : 0,
        "bw_bytes" : 0,
        "bw" : 0,
        "iops" : 0.000000,
        "runtime" : 0,
        "total_ios" : 0,
        "short_ios" : 0,
        "drop_ios" : 0,
        "slat_ns" : {
          "min" : 0,
          "max" : 0,
          "mean" : 0.000000,
          "stddev" : 0.000000,
          "N" : 0
        },
        "clat_ns" : {
          "min" : 0,
          "max" : 0,
          "mean" : 0.000000,
          "stddev" : 0.000000,
          "N" : 0
        },
        "lat_ns" : {
          "min" : 0,
          "max" : 0,
          "mean" : 0.000000,
          "stddev" : 0.000000,
          "N" : 0
        },
        "bw_min" : 0,
        "bw_max" : 0,
        "bw_agg" : 0.000000,
        "bw_mean" : 0.000000,
        "bw_dev" : 0.000000,
        "bw_samples" : 0,
        "iops_min" : 0,
        "iops_max" : 0,
        "iops_mean" : 0.000000,
        "iops_stddev" : 0.000000,
        "iops_samples" : 0
      },
      "trim" : {
        "io_bytes" : 0,
        "io_kbytes" : 0,
        "bw_bytes" : 0,
        "bw" : 0,
        "iops" : 0.000000,
        "runtime" : 0,
        "total_ios" : 0,
        "short_ios" : 0,
        "drop_ios" : 0,
        "slat_ns" : {
          "min" : 0,
          "max" : 0,
          "mean" : 0.000000,
          "stddev" : 0.000000,
          "N" : 0
        },
        "clat_ns" : {
          "min" : 0,
          "max" : 0,
          "mean" : 0.000000,
          "stddev" : 0.000000,
          "N" : 0
        },
        "lat_ns" : {
          "min" : 0,
          "max" : 0,
          "mean" : 0.000000,
          "stddev" : 0.000000,
          "N" : 0
        },
        "bw_min" : 0,
        "bw_max" : 0,
        "bw_agg" : 0.000000,
        "bw_mean" : 0.000000,
        "bw_dev" : 0.000000,
        "bw_samples" : 0,
        "iops_min" : 0,
        "iops_max" : 0,
        "iops_mean" : 0.000000,
        "iops_stddev" : 0.000000,
        "iops_samples" : 0
      },
      "sync" : {
        "total_ios" : 0,
        "lat_ns" : {
          "min" : 0,
          "max" : 0,
          "mean" : 0.000000,
          "stddev" : 0.000000,
          "N" : 0
        }
      },
      "job_runtime" : 60000,
      "usr_cpu" : 2.743333,
      "sys_cpu" : 96.886667,
      "ctx" : 22965,
      "majf" : 0,
      "minf" : 43,
      "iodepth_level" : {
        "1" : 0.000000,
        "2" : 0.000000,
        "4" : 0.000000,
        "8" : 0.000000,
        "16" : 0.000000,
        "32" : 100.000000,
        ">=64" : 0.000000
      },
      "iodepth_submit" : {
        "0" : 0.000000,
        "4" : 100.000000,
        "8" : 0.000000,
        "16" : 0.000000,
        "32" : 0.000000,
        "64" : 0.000000,
        ">=64" : 0.000000
      },
      "iodepth_complete" : {
        "0" : 0.000000,
        "4" : 99.999953,
        "8" : 0.000000,
        "16" : 0.000000,
        "32" : 0.100000,
        "64" : 0.000000,
        ">=64" : 0.000000
      },
      "latency_ns" : {
        "2" : 0.000000,
        "4" : 0.000000,
        "10" : 0.000000,
        "20" : 0.000000,
        "50" : 0.000000,
        "100" : 0.000000,
        "250" : 0.000000,
        "500" : 0.000000,
        "750" : 0.000000,
        "1000" : 0.000000
      },
      "latency_us" : {
        "2" : 0.000000,
        "4" : 0.010000,
        "10" : 0.000000,
        "20" : 0.000000,
        "50" : 0.010000,
        "100" : 0.010000,
        "250" : 0.010000,
        "500" : 0.010000,
        "750" : 0.010000,
        "1000" : 99.919933
      },
      "latency_ms" : {
        "2" : 0.055273,
        "4" : 0.010000,
        "10" : 0.021764,
        "20" : 0.000000,
        "50" : 0.000000,
        "100" : 0.000000,
        "250" : 0.000000,
        "500" : 0.000000,
        "750" : 0.000000,
        "1000" : 0.000000,
        "2000" : 0.000000,
        ">=2000" : 0.000000
      },
      "latency_depth" : 32,
      "latency_target" : 0,
      "latency_percentile" : 100.000000,
      "latency_window" : 0
    }
  ]
}
