{
  "fio version" : "fio-3.36",
  "timestamp" : 1768539845,
  "timestamp_ms" : 1768539845800,
  "time" : "Fri Jan 16 14:04:05 2026",
  "jobs" : [
    {
      "jobname" : "zfs_raidz2_write",
      "groupid" : 0,
      "job_start" : 1768539785752,
      "error" : 0,
      "eta" : 0,
      "elapsed" : 66,
      "job options" : {
        "name" : "zfs_raidz2_write",
        "directory" : "/mnt/zfs_test/raidz2",
        "ioengine" : "libaio",
        "direct" : "1",
        "rw" : "write",
        "bs" : "1m",
        "size" : "10G",
        "numjobs" : "1",
        "iodepth" : "32",
        "runtime" : "60",
        "ramp_time" : "5"
      },
      "read" : {
        "io_bytes" : 0,
        "io_kbytes" : 0,
        "bw_bytes" : 0,
        "bw" : 0,
        "iops" : 0.000000,
        "runtime" : 0,
        "total_ios" : 0,
        "short_ios" : 0,
        "drop_ios" : 0,
        "slat_ns" : {
          "min" : 0,
          "max" : 0,
          "mean" : 0.000000,
          "stddev" : 0.000000,
          "N" : 0
        },
        "clat_ns" : {
          "min" : 0,
          "max" : 0,
          "mean" : 0.000000,
          "stddev" : 0.000000,
          "N" : 0
        },
        "lat_ns" : {
          "min" : 0,
          "max" : 0,
          "mean" : 0.000000,
          "stddev" : 0.000000,
          "N" : 0
        },
        "bw_min" : 0,
        "bw_max" : 0,
        "bw_agg" : 0.000000,
        "bw_mean" : 0.000000,
        "bw_dev" : 0.000000,
        "bw_samples" : 0,
        "iops_min" : 0,
        "iops_max" : 0,
        "iops_mean" : 0.000000,
        "iops_stddev" : 0.000000,
        "iops_samples" : 0
      },
      "write" : {
        "io_bytes" : 59884175360,
        "io_kbytes" : 58480640,
        "bw_bytes" : 998052955,
        "bw" : 974661,
        "iops" : 951.284145,
        "runtime" : 60001,
        "total_ios" : 57078,
        "short_ios" : 0,
        "drop_ios" : 0,
        "slat_ns" : {
          "min" : 583253,
          "max" : 8803137,
          "mean" : 1047407.033130,
          "stddev" : 122031.433899,
          "N" : 57079
        },
        "clat_ns" : {
          "min" : 5238,
          "max" : 47814128,
          "mean" : 32577220.364391,
          "stddev" : 1871210.777607,
          "N" : 57109,
          "percentile" : {
            "1.000000" : 25296896,
            "5.000000" : 30801920,
            "10.000000" : 31064064,
            "20.000000" : 31588352,
            "30.000000" : 32112640,
            "40.000000" : 32374784,
            "50.000000" : 32636928,
            "60.000000" : 32899072,
            "70.000000" : 33423360,
            "80.000000" : 33816576,
            "90.000000" : 34340864,
            "95.000000" : 34865152,
            "99.000000" : 36962304,
            "99.500000" : 39059456,
            "99.900000" : 41156608,
            "99.950000" : 41680896,
            "99.990000" : 47448064
          }
        },
        "lat_ns" : {
          "min" : 906073,
          "max" : 48928716,
          "mean" : 33624414.057802,
          "stddev" : 1921669.441164,
          "N" : 57109
        },
        "bw_min" : 894976,
        "bw_max" : 1350284,
        "bw_agg" : 99.982446,
        "bw_mean" : 974490.891667,
        "bw_dev" : 48052.456999,
        "bw_samples" : 120,
        "iops_min" : 874,
        "iops_max" : 1318,
        "iops_mean" : 951.500000,
        "iops_stddev" : 46.920100,
        "iops_samples" : 120
      },
      "trim" : {
        "io_bytes" : 0,
        "io_kbytes" : 0,
        "bw_bytes" : 0,
        "bw" : 0,
        "iops" : 0.000000,
        "runtime" : 0,
        "total_ios" : 0,
        "short_ios" : 0,
        "drop_ios" : 0,
        "slat_ns" : {
          "min" : 0,
          "max" : 0,
          "mean" : 0.000000,
          "stddev" : 0.000000,
          "N" : 0
        },
        "clat_ns" : {
          "min" : 0,
          "max" : 0,
          "mean" : 0.000000,
          "stddev" : 0.000000,
          "N" : 0
        },
        "lat_ns" : {
          "min" : 0,
          "max" : 0,
          "mean" : 0.000000,
          "stddev" : 0.000000,
          "N" : 0
        },
        "bw_min" : 0,
        "bw_max" : 0,
        "bw_agg" : 0.000000,
        "bw_mean" : 0.000000,
        "bw_dev" : 0.000000,
        "bw_samples" : 0,
        "iops_min" : 0,
        "iops_max" : 0,
        "iops_mean" : 0.000000,
        "iops_stddev" : 0.000000,
        "iops_samples" : 0
      },
      "sync" : {
        "total_ios" : 0,
        "lat_ns" : {
          "min" : 0,
          "max" : 0,
          "mean" : 0.000000,
          "stddev" : 0.000000,
          "N" : 0
        }
      },
      "job_runtime" : 60000,
      "usr_cpu" : 3.661667,
      "sys_cpu" : 24.286667,
      "ctx" : 57646,
      "majf" : 0,
      "minf" : 47,
      "iodepth_level" : {
        "1" : 0.000000,
        "2" : 0.000000,
        "4" : 0.000000,
        "8" : 0.000000,
        "16" : 0.000000,
        "32" : 100.000000,
        ">=64" : 0.000000
      },
      "iodepth_submit" : {
        "0" : 0.000000,
        "4" : 100.000000,
        "8" : 0.000000,
        "16" : 0.000000,
        "32" : 0.000000,
        "64" : 0.000000,
        ">=64" : 0.000000
      },
      "iodepth_complete" : {
        "0" : 0.000000,
        "4" : 99.998248,
        "8" : 0.000000,
        "16" : 0.000000,
        "32" : 0.100000,
        "64" : 0.000000,
        ">=64" : 0.000000
      },
      "latency_ns" : {
        "2" : 0.000000,
        "4" : 0.000000,
        "10" : 0.000000,
        "20" : 0.000000,
        "50" : 0.000000,
        "100" : 0.000000,
        "250" : 0.000000,
        "500" : 0.000000,
        "750" : 0.000000,
        "1000" : 0.000000
      },
      "latency_us" : {
        "2" : 0.000000,
        "4" : 0.000000,
        "10" : 0.010000,
        "20" : 0.000000,
        "50" : 0.000000,
        "100" : 0.000000,
        "250" : 0.000000,
        "500" : 0.000000,
        "750" : 0.000000,
        "1000" : 0.010000
      },
      "latency_ms" : {
        "2" : 0.010000,
        "4" : 0.010000,
        "10" : 0.010512,
        "20" : 0.019272,
        "50" : 100.015768,
        "100" : 0.000000,
        "250" : 0.000000,
        "500" : 0.000000,
        "750" : 0.000000,
        "1000" : 0.000000,
        "2000" : 0.000000,
        ">=2000" : 0.000000
      },
      "latency_depth" : 32,
      "latency_target" : 0,
      "latency_percentile" : 100.000000,
      "latency_window" : 0
    }
  ]
}
