{
  "fio version" : "fio-3.36",
  "timestamp" : 1768538490,
  "timestamp_ms" : 1768538490638,
  "time" : "Fri Jan 16 13:41:30 2026",
  "jobs" : [
    {
      "jobname" : "zfs_raidz1_write",
      "groupid" : 0,
      "job_start" : 1768538430598,
      "error" : 0,
      "eta" : 0,
      "elapsed" : 66,
      "job options" : {
        "name" : "zfs_raidz1_write",
        "directory" : "/mnt/zfs_test/raidz1",
        "ioengine" : "libaio",
        "direct" : "1",
        "rw" : "write",
        "bs" : "1m",
        "size" : "1G",
        "numjobs" : "1",
        "iodepth" : "32",
        "runtime" : "60",
        "ramp_time" : "5"
      },
      "read" : {
        "io_bytes" : 0,
        "io_kbytes" : 0,
        "bw_bytes" : 0,
        "bw" : 0,
        "iops" : 0.000000,
        "runtime" : 0,
        "total_ios" : 0,
        "short_ios" : 0,
        "drop_ios" : 0,
        "slat_ns" : {
          "min" : 0,
          "max" : 0,
          "mean" : 0.000000,
          "stddev" : 0.000000,
          "N" : 0
        },
        "clat_ns" : {
          "min" : 0,
          "max" : 0,
          "mean" : 0.000000,
          "stddev" : 0.000000,
          "N" : 0
        },
        "lat_ns" : {
          "min" : 0,
          "max" : 0,
          "mean" : 0.000000,
          "stddev" : 0.000000,
          "N" : 0
        },
        "bw_min" : 0,
        "bw_max" : 0,
        "bw_agg" : 0.000000,
        "bw_mean" : 0.000000,
        "bw_dev" : 0.000000,
        "bw_samples" : 0,
        "iops_min" : 0,
        "iops_max" : 0,
        "iops_mean" : 0.000000,
        "iops_stddev" : 0.000000,
        "iops_samples" : 0
      },
      "write" : {
        "io_bytes" : 216371560448,
        "io_kbytes" : 211300352,
        "bw_bytes" : 3606132571,
        "bw" : 3521613,
        "iops" : 3438.542691,
        "runtime" : 60001,
        "total_ios" : 206316,
        "short_ios" : 0,
        "drop_ios" : 0,
        "slat_ns" : {
          "min" : 113382,
          "max" : 1018704,
          "mean" : 289340.736915,
          "stddev" : 95265.256965,
          "N" : 206317
        },
        "clat_ns" : {
          "min" : 3245,
          "max" : 24586888,
          "mean" : 9015856.093609,
          "stddev" : 2304885.406759,
          "N" : 206347,
          "percentile" : {
            "1.000000" : 5537792,
            "5.000000" : 6258688,
            "10.000000" : 6782976,
            "20.000000" : 7503872,
            "30.000000" : 7897088,
            "40.000000" : 8224768,
            "50.000000" : 8585216,
            "60.000000" : 8978432,
            "70.000000" : 9502720,
            "80.000000" : 10027008,
            "90.000000" : 11206656,
            "95.000000" : 13434880,
            "99.000000" : 18481152,
            "99.500000" : 19791872,
            "99.900000" : 22413312,
            "99.950000" : 22937600,
            "99.990000" : 23986176
          }
        },
        "lat_ns" : {
          "min" : 254736,
          "max" : 25332958,
          "mean" : 9305201.798349,
          "stddev" : 2374316.058944,
          "N" : 206347
        },
        "bw_min" : 3213312,
        "bw_max" : 3850240,
        "bw_agg" : 100.000000,
        "bw_mean" : 3522465.541667,
        "bw_dev" : 137830.618241,
        "bw_samples" : 120,
        "iops_min" : 3138,
        "iops_max" : 3760,
        "iops_mean" : 3439.808333,
        "iops_stddev" : 134.641715,
        "iops_samples" : 120
      },
      "trim" : {
        "io_bytes" : 0,
        "io_kbytes" : 0,
        "bw_bytes" : 0,
        "bw" : 0,
        "iops" : 0.000000,
        "runtime" : 0,
        "total_ios" : 0,
        "short_ios" : 0,
        "drop_ios" : 0,
        "slat_ns" : {
          "min" : 0,
          "max" : 0,
          "mean" : 0.000000,
          "stddev" : 0.000000,
          "N" : 0
        },
        "clat_ns" : {
          "min" : 0,
          "max" : 0,
          "mean" : 0.000000,
          "stddev" : 0.000000,
          "N" : 0
        },
        "lat_ns" : {
          "min" : 0,
          "max" : 0,
          "mean" : 0.000000,
          "stddev" : 0.000000,
          "N" : 0
        },
        "bw_min" : 0,
        "bw_max" : 0,
        "bw_agg" : 0.000000,
        "bw_mean" : 0.000000,
        "bw_dev" : 0.000000,
        "bw_samples" : 0,
        "iops_min" : 0,
        "iops_max" : 0,
        "iops_mean" : 0.000000,
        "iops_stddev" : 0.000000,
        "iops_samples" : 0
      },
      "sync" : {
        "total_ios" : 0,
        "lat_ns" : {
          "min" : 0,
          "max" : 0,
          "mean" : 0.000000,
          "stddev" : 0.000000,
          "N" : 0
        }
      },
      "job_runtime" : 60000,
      "usr_cpu" : 7.710000,
      "sys_cpu" : 91.640000,
      "ctx" : 23161,
      "majf" : 0,
      "minf" : 44,
      "iodepth_level" : {
        "1" : 0.000000,
        "2" : 0.000000,
        "4" : 0.000000,
        "8" : 0.000000,
        "16" : 0.000000,
        "32" : 100.000000,
        ">=64" : 0.000000
      },
      "iodepth_submit" : {
        "0" : 0.000000,
        "4" : 100.000000,
        "8" : 0.000000,
        "16" : 0.000000,
        "32" : 0.000000,
        "64" : 0.000000,
        ">=64" : 0.000000
      },
      "iodepth_complete" : {
        "0" : 0.000000,
        "4" : 99.999515,
        "8" : 0.000000,
        "16" : 0.000000,
        "32" : 0.100000,
        "64" : 0.000000,
        ">=64" : 0.000000
      },
      "latency_ns" : {
        "2" : 0.000000,
        "4" : 0.000000,
        "10" : 0.000000,
        "20" : 0.000000,
        "50" : 0.000000,
        "100" : 0.000000,
        "250" : 0.000000,
        "500" : 0.000000,
        "750" : 0.000000,
        "1000" : 0.000000
      },
      "latency_us" : {
        "2" : 0.000000,
        "4" : 0.010000,
        "10" : 0.000000,
        "20" : 0.000000,
        "50" : 0.000000,
        "100" : 0.000000,
        "250" : 0.000000,
        "500" : 0.010000,
        "750" : 0.010000,
        "1000" : 0.010000
      },
      "latency_ms" : {
        "2" : 0.010000,
        "4" : 0.010000,
        "10" : 79.434944,
        "20" : 20.096842,
        "50" : 0.475484,
        "100" : 0.000000,
        "250" : 0.000000,
        "500" : 0.000000,
        "750" : 0.000000,
        "1000" : 0.000000,
        "2000" : 0.000000,
        ">=2000" : 0.000000
      },
      "latency_depth" : 32,
      "latency_target" : 0,
      "latency_percentile" : 100.000000,
      "latency_window" : 0
    }
  ]
}
