{
  "fio version" : "fio-3.36",
  "timestamp" : 1768539163,
  "timestamp_ms" : 1768539163145,
  "time" : "Fri Jan 16 13:52:43 2026",
  "jobs" : [
    {
      "jobname" : "zfs_raidz2_write",
      "groupid" : 0,
      "job_start" : 1768539103096,
      "error" : 0,
      "eta" : 0,
      "elapsed" : 66,
      "job options" : {
        "name" : "zfs_raidz2_write",
        "directory" : "/mnt/zfs_test/raidz2",
        "ioengine" : "libaio",
        "direct" : "1",
        "rw" : "write",
        "bs" : "128k",
        "size" : "1G",
        "numjobs" : "1",
        "iodepth" : "32",
        "runtime" : "60",
        "ramp_time" : "5"
      },
      "read" : {
        "io_bytes" : 0,
        "io_kbytes" : 0,
        "bw_bytes" : 0,
        "bw" : 0,
        "iops" : 0.000000,
        "runtime" : 0,
        "total_ios" : 0,
        "short_ios" : 0,
        "drop_ios" : 0,
        "slat_ns" : {
          "min" : 0,
          "max" : 0,
          "mean" : 0.000000,
          "stddev" : 0.000000,
          "N" : 0
        },
        "clat_ns" : {
          "min" : 0,
          "max" : 0,
          "mean" : 0.000000,
          "stddev" : 0.000000,
          "N" : 0
        },
        "lat_ns" : {
          "min" : 0,
          "max" : 0,
          "mean" : 0.000000,
          "stddev" : 0.000000,
          "N" : 0
        },
        "bw_min" : 0,
        "bw_max" : 0,
        "bw_agg" : 0.000000,
        "bw_mean" : 0.000000,
        "bw_dev" : 0.000000,
        "bw_samples" : 0,
        "iops_min" : 0,
        "iops_max" : 0,
        "iops_mean" : 0.000000,
        "iops_stddev" : 0.000000,
        "iops_samples" : 0
      },
      "write" : {
        "io_bytes" : 290049490944,
        "io_kbytes" : 283251456,
        "bw_bytes" : 4834077614,
        "bw" : 4720778,
        "iops" : 36880.551991,
        "runtime" : 60001,
        "total_ios" : 2212870,
        "short_ios" : 0,
        "drop_ios" : 0,
        "slat_ns" : {
          "min" : 14162,
          "max" : 484644,
          "mean" : 26112.249232,
          "stddev" : 15504.607559,
          "N" : 2212871
        },
        "clat_ns" : {
          "min" : 2414,
          "max" : 3984897,
          "mean" : 841324.705366,
          "stddev" : 375429.144923,
          "N" : 2212901,
          "percentile" : {
            "1.000000" : 569344,
            "5.000000" : 585728,
            "10.000000" : 593920,
            "20.000000" : 602112,
            "30.000000" : 618496,
            "40.000000" : 626688,
            "50.000000" : 643072,
            "60.000000" : 667648,
            "70.000000" : 1003520,
            "80.000000" : 1089536,
            "90.000000" : 1236992,
            "95.000000" : 1564672,
            "99.000000" : 2310144,
            "99.500000" : 2506752,
            "99.900000" : 3194880,
            "99.950000" : 3457024,
            "99.990000" : 3784704
          }
        },
        "lat_ns" : {
          "min" : 49986,
          "max" : 4097537,
          "mean" : 867437.142880,
          "stddev" : 387232.001255,
          "N" : 2212901
        },
        "bw_min" : 1869056,
        "bw_max" : 6453760,
        "bw_agg" : 100.000000,
        "bw_mean" : 4722725.441667,
        "bw_dev" : 635027.848143,
        "bw_samples" : 120,
        "iops_min" : 14602,
        "iops_max" : 50420,
        "iops_mean" : 36896.225000,
        "iops_stddev" : 4961.170937,
        "iops_samples" : 120
      },
      "trim" : {
        "io_bytes" : 0,
        "io_kbytes" : 0,
        "bw_bytes" : 0,
        "bw" : 0,
        "iops" : 0.000000,
        "runtime" : 0,
        "total_ios" : 0,
        "short_ios" : 0,
        "drop_ios" : 0,
        "slat_ns" : {
          "min" : 0,
          "max" : 0,
          "mean" : 0.000000,
          "stddev" : 0.000000,
          "N" : 0
        },
        "clat_ns" : {
          "min" : 0,
          "max" : 0,
          "mean" : 0.000000,
          "stddev" : 0.000000,
          "N" : 0
        },
        "lat_ns" : {
          "min" : 0,
          "max" : 0,
          "mean" : 0.000000,
          "stddev" : 0.000000,
          "N" : 0
        },
        "bw_min" : 0,
        "bw_max" : 0,
        "bw_agg" : 0.000000,
        "bw_mean" : 0.000000,
        "bw_dev" : 0.000000,
        "bw_samples" : 0,
        "iops_min" : 0,
        "iops_max" : 0,
        "iops_mean" : 0.000000,
        "iops_stddev" : 0.000000,
        "iops_samples" : 0
      },
      "sync" : {
        "total_ios" : 0,
        "lat_ns" : {
          "min" : 0,
          "max" : 0,
          "mean" : 0.000000,
          "stddev" : 0.000000,
          "N" : 0
        }
      },
      "job_runtime" : 60000,
      "usr_cpu" : 5.110000,
      "sys_cpu" : 93.905000,
      "ctx" : 25607,
      "majf" : 0,
      "minf" : 44,
      "iodepth_level" : {
        "1" : 0.000000,
        "2" : 0.000000,
        "4" : 0.000000,
        "8" : 0.000000,
        "16" : 0.000000,
        "32" : 100.000000,
        ">=64" : 0.000000
      },
      "iodepth_submit" : {
        "0" : 0.000000,
        "4" : 100.000000,
        "8" : 0.000000,
        "16" : 0.000000,
        "32" : 0.000000,
        "64" : 0.000000,
        ">=64" : 0.000000
      },
      "iodepth_complete" : {
        "0" : 0.000000,
        "4" : 99.999955,
        "8" : 0.000000,
        "16" : 0.000000,
        "32" : 0.100000,
        "64" : 0.000000,
        ">=64" : 0.000000
      },
      "latency_ns" : {
        "2" : 0.000000,
        "4" : 0.000000,
        "10" : 0.000000,
        "20" : 0.000000,
        "50" : 0.000000,
        "100" : 0.000000,
        "250" : 0.000000,
        "500" : 0.000000,
        "750" : 0.000000,
        "1000" : 0.000000
      },
      "latency_us" : {
        "2" : 0.000000,
        "4" : 0.010000,
        "10" : 0.000000,
        "20" : 0.000000,
        "50" : 0.000000,
        "100" : 0.010000,
        "250" : 0.010000,
        "500" : 0.010000,
        "750" : 64.910094,
        "1000" : 5.109292
      },
      "latency_ms" : {
        "2" : 27.543914,
        "4" : 2.437468,
        "10" : 0.000000,
        "20" : 0.000000,
        "50" : 0.000000,
        "100" : 0.000000,
        "250" : 0.000000,
        "500" : 0.000000,
        "750" : 0.000000,
        "1000" : 0.000000,
        "2000" : 0.000000,
        ">=2000" : 0.000000
      },
      "latency_depth" : 32,
      "latency_target" : 0,
      "latency_percentile" : 100.000000,
      "latency_window" : 0
    }
  ]
}
