{
  "fio version" : "fio-3.36",
  "timestamp" : 1768539992,
  "timestamp_ms" : 1768539992670,
  "time" : "Fri Jan 16 14:06:32 2026",
  "jobs" : [
    {
      "jobname" : "zfs_mirror_write",
      "groupid" : 0,
      "job_start" : 1768539932633,
      "error" : 0,
      "eta" : 0,
      "elapsed" : 66,
      "job options" : {
        "name" : "zfs_mirror_write",
        "directory" : "/mnt/zfs_test/mirror",
        "ioengine" : "libaio",
        "direct" : "1",
        "rw" : "write",
        "bs" : "128k",
        "size" : "1G",
        "numjobs" : "1",
        "iodepth" : "32",
        "runtime" : "60",
        "ramp_time" : "5"
      },
      "read" : {
        "io_bytes" : 0,
        "io_kbytes" : 0,
        "bw_bytes" : 0,
        "bw" : 0,
        "iops" : 0.000000,
        "runtime" : 0,
        "total_ios" : 0,
        "short_ios" : 0,
        "drop_ios" : 0,
        "slat_ns" : {
          "min" : 0,
          "max" : 0,
          "mean" : 0.000000,
          "stddev" : 0.000000,
          "N" : 0
        },
        "clat_ns" : {
          "min" : 0,
          "max" : 0,
          "mean" : 0.000000,
          "stddev" : 0.000000,
          "N" : 0
        },
        "lat_ns" : {
          "min" : 0,
          "max" : 0,
          "mean" : 0.000000,
          "stddev" : 0.000000,
          "N" : 0
        },
        "bw_min" : 0,
        "bw_max" : 0,
        "bw_agg" : 0.000000,
        "bw_mean" : 0.000000,
        "bw_dev" : 0.000000,
        "bw_samples" : 0,
        "iops_min" : 0,
        "iops_max" : 0,
        "iops_mean" : 0.000000,
        "iops_stddev" : 0.000000,
        "iops_samples" : 0
      },
      "write" : {
        "io_bytes" : 319793790976,
        "io_kbytes" : 312298624,
        "bw_bytes" : 5329807686,
        "bw" : 5204890,
        "iops" : 40662.672289,
        "runtime" : 60001,
        "total_ios" : 2439801,
        "short_ios" : 0,
        "drop_ios" : 0,
        "slat_ns" : {
          "min" : 14052,
          "max" : 519046,
          "mean" : 23623.944297,
          "stddev" : 13769.012218,
          "N" : 2439802
        },
        "clat_ns" : {
          "min" : 2193,
          "max" : 3482396,
          "mean" : 763122.414235,
          "stddev" : 311846.565299,
          "N" : 2439832,
          "percentile" : {
            "1.000000" : 544768,
            "5.000000" : 552960,
            "10.000000" : 561152,
            "20.000000" : 569344,
            "30.000000" : 577536,
            "40.000000" : 585728,
            "50.000000" : 593920,
            "60.000000" : 610304,
            "70.000000" : 864256,
            "80.000000" : 1011712,
            "90.000000" : 1155072,
            "95.000000" : 1368064,
            "99.000000" : 1925120,
            "99.500000" : 2146304,
            "99.900000" : 2637824,
            "99.950000" : 2801664,
            "99.990000" : 3129344
          }
        },
        "lat_ns" : {
          "min" : 31828,
          "max" : 3595397,
          "mean" : 786746.599625,
          "stddev" : 321619.201071,
          "N" : 2439832
        },
        "bw_min" : 2930176,
        "bw_max" : 6501632,
        "bw_agg" : 100.000000,
        "bw_mean" : 5207038.775000,
        "bw_dev" : 713071.208249,
        "bw_samples" : 120,
        "iops_min" : 22892,
        "iops_max" : 50794,
        "iops_mean" : 40679.883333,
        "iops_stddev" : 5570.890839,
        "iops_samples" : 120
      },
      "trim" : {
        "io_bytes" : 0,
        "io_kbytes" : 0,
        "bw_bytes" : 0,
        "bw" : 0,
        "iops" : 0.000000,
        "runtime" : 0,
        "total_ios" : 0,
        "short_ios" : 0,
        "drop_ios" : 0,
        "slat_ns" : {
          "min" : 0,
          "max" : 0,
          "mean" : 0.000000,
          "stddev" : 0.000000,
          "N" : 0
        },
        "clat_ns" : {
          "min" : 0,
          "max" : 0,
          "mean" : 0.000000,
          "stddev" : 0.000000,
          "N" : 0
        },
        "lat_ns" : {
          "min" : 0,
          "max" : 0,
          "mean" : 0.000000,
          "stddev" : 0.000000,
          "N" : 0
        },
        "bw_min" : 0,
        "bw_max" : 0,
        "bw_agg" : 0.000000,
        "bw_mean" : 0.000000,
        "bw_dev" : 0.000000,
        "bw_samples" : 0,
        "iops_min" : 0,
        "iops_max" : 0,
        "iops_mean" : 0.000000,
        "iops_stddev" : 0.000000,
        "iops_samples" : 0
      },
      "sync" : {
        "total_ios" : 0,
        "lat_ns" : {
          "min" : 0,
          "max" : 0,
          "mean" : 0.000000,
          "stddev" : 0.000000,
          "N" : 0
        }
      },
      "job_runtime" : 60000,
      "usr_cpu" : 5.626667,
      "sys_cpu" : 93.318333,
      "ctx" : 26485,
      "majf" : 0,
      "minf" : 45,
      "iodepth_level" : {
        "1" : 0.000000,
        "2" : 0.000000,
        "4" : 0.000000,
        "8" : 0.000000,
        "16" : 0.000000,
        "32" : 100.000000,
        ">=64" : 0.000000
      },
      "iodepth_submit" : {
        "0" : 0.000000,
        "4" : 100.000000,
        "8" : 0.000000,
        "16" : 0.000000,
        "32" : 0.000000,
        "64" : 0.000000,
        ">=64" : 0.000000
      },
      "iodepth_complete" : {
        "0" : 0.000000,
        "4" : 99.999959,
        "8" : 0.000000,
        "16" : 0.000000,
        "32" : 0.100000,
        "64" : 0.000000,
        ">=64" : 0.000000
      },
      "latency_ns" : {
        "2" : 0.000000,
        "4" : 0.000000,
        "10" : 0.000000,
        "20" : 0.000000,
        "50" : 0.000000,
        "100" : 0.000000,
        "250" : 0.000000,
        "500" : 0.000000,
        "750" : 0.000000,
        "1000" : 0.000000
      },
      "latency_us" : {
        "2" : 0.000000,
        "4" : 0.010000,
        "10" : 0.000000,
        "20" : 0.000000,
        "50" : 0.010000,
        "100" : 0.010000,
        "250" : 0.010000,
        "500" : 0.010000,
        "750" : 68.775076,
        "1000" : 10.077051
      },
      "latency_ms" : {
        "2" : 20.377400,
        "4" : 0.771128,
        "10" : 0.000000,
        "20" : 0.000000,
        "50" : 0.000000,
        "100" : 0.000000,
        "250" : 0.000000,
        "500" : 0.000000,
        "750" : 0.000000,
        "1000" : 0.000000,
        "2000" : 0.000000,
        ">=2000" : 0.000000
      },
      "latency_depth" : 32,
      "latency_target" : 0,
      "latency_percentile" : 100.000000,
      "latency_window" : 0
    }
  ]
}
