{
  "fio version" : "fio-3.36",
  "timestamp" : 1768539427,
  "timestamp_ms" : 1768539427994,
  "time" : "Fri Jan 16 13:57:07 2026",
  "jobs" : [
    {
      "jobname" : "zfs_raidz2_write",
      "groupid" : 0,
      "job_start" : 1768539367950,
      "error" : 0,
      "eta" : 0,
      "elapsed" : 66,
      "job options" : {
        "name" : "zfs_raidz2_write",
        "directory" : "/mnt/zfs_test/raidz2",
        "ioengine" : "libaio",
        "direct" : "1",
        "rw" : "write",
        "bs" : "128k",
        "size" : "5G",
        "numjobs" : "1",
        "iodepth" : "32",
        "runtime" : "60",
        "ramp_time" : "5"
      },
      "read" : {
        "io_bytes" : 0,
        "io_kbytes" : 0,
        "bw_bytes" : 0,
        "bw" : 0,
        "iops" : 0.000000,
        "runtime" : 0,
        "total_ios" : 0,
        "short_ios" : 0,
        "drop_ios" : 0,
        "slat_ns" : {
          "min" : 0,
          "max" : 0,
          "mean" : 0.000000,
          "stddev" : 0.000000,
          "N" : 0
        },
        "clat_ns" : {
          "min" : 0,
          "max" : 0,
          "mean" : 0.000000,
          "stddev" : 0.000000,
          "N" : 0
        },
        "lat_ns" : {
          "min" : 0,
          "max" : 0,
          "mean" : 0.000000,
          "stddev" : 0.000000,
          "N" : 0
        },
        "bw_min" : 0,
        "bw_max" : 0,
        "bw_agg" : 0.000000,
        "bw_mean" : 0.000000,
        "bw_dev" : 0.000000,
        "bw_samples" : 0,
        "iops_min" : 0,
        "iops_max" : 0,
        "iops_mean" : 0.000000,
        "iops_stddev" : 0.000000,
        "iops_samples" : 0
      },
      "write" : {
        "io_bytes" : 142505017344,
        "io_kbytes" : 139165056,
        "bw_bytes" : 2375044038,
        "bw" : 2319378,
        "iops" : 18119.614673,
        "runtime" : 60001,
        "total_ios" : 1087195,
        "short_ios" : 0,
        "drop_ios" : 0,
        "slat_ns" : {
          "min" : 16344,
          "max" : 534610,
          "mean" : 53856.094357,
          "stddev" : 44775.580498,
          "N" : 1087196
        },
        "clat_ns" : {
          "min" : 4186,
          "max" : 8773251,
          "mean" : 1711839.540787,
          "stddev" : 1163375.703275,
          "N" : 1087226,
          "percentile" : {
            "1.000000" : 741376,
            "5.000000" : 806912,
            "10.000000" : 856064,
            "20.000000" : 946176,
            "30.000000" : 1011712,
            "40.000000" : 1089536,
            "50.000000" : 1171456,
            "60.000000" : 1302528,
            "70.000000" : 1630208,
            "80.000000" : 2441216,
            "90.000000" : 4079616,
            "95.000000" : 4489216,
            "99.000000" : 4816896,
            "99.500000" : 4947968,
            "99.900000" : 5275648,
            "99.950000" : 6455296,
            "99.990000" : 8224768
          }
        },
        "lat_ns" : {
          "min" : 157068,
          "max" : 8979373,
          "mean" : 1765695.047758,
          "stddev" : 1198971.801436,
          "N" : 1087226
        },
        "bw_min" : 954880,
        "bw_max" : 3978496,
        "bw_agg" : 100.000000,
        "bw_mean" : 2329083.638655,
        "bw_dev" : 1185832.082953,
        "bw_samples" : 119,
        "iops_min" : 7460,
        "iops_max" : 31082,
        "iops_mean" : 18195.857143,
        "iops_stddev" : 9264.348755,
        "iops_samples" : 119
      },
      "trim" : {
        "io_bytes" : 0,
        "io_kbytes" : 0,
        "bw_bytes" : 0,
        "bw" : 0,
        "iops" : 0.000000,
        "runtime" : 0,
        "total_ios" : 0,
        "short_ios" : 0,
        "drop_ios" : 0,
        "slat_ns" : {
          "min" : 0,
          "max" : 0,
          "mean" : 0.000000,
          "stddev" : 0.000000,
          "N" : 0
        },
        "clat_ns" : {
          "min" : 0,
          "max" : 0,
          "mean" : 0.000000,
          "stddev" : 0.000000,
          "N" : 0
        },
        "lat_ns" : {
          "min" : 0,
          "max" : 0,
          "mean" : 0.000000,
          "stddev" : 0.000000,
          "N" : 0
        },
        "bw_min" : 0,
        "bw_max" : 0,
        "bw_agg" : 0.000000,
        "bw_mean" : 0.000000,
        "bw_dev" : 0.000000,
        "bw_samples" : 0,
        "iops_min" : 0,
        "iops_max" : 0,
        "iops_mean" : 0.000000,
        "iops_stddev" : 0.000000,
        "iops_samples" : 0
      },
      "sync" : {
        "total_ios" : 0,
        "lat_ns" : {
          "min" : 0,
          "max" : 0,
          "mean" : 0.000000,
          "stddev" : 0.000000,
          "N" : 0
        }
      },
      "job_runtime" : 60000,
      "usr_cpu" : 3.710000,
      "sys_cpu" : 66.820000,
      "ctx" : 191215,
      "majf" : 0,
      "minf" : 45,
      "iodepth_level" : {
        "1" : 0.000000,
        "2" : 0.000000,
        "4" : 0.000000,
        "8" : 0.000000,
        "16" : 0.000000,
        "32" : 100.000000,
        ">=64" : 0.000000
      },
      "iodepth_submit" : {
        "0" : 0.000000,
        "4" : 100.000000,
        "8" : 0.000000,
        "16" : 0.000000,
        "32" : 0.000000,
        "64" : 0.000000,
        ">=64" : 0.000000
      },
      "iodepth_complete" : {
        "0" : 0.000000,
        "4" : 99.999908,
        "8" : 0.000000,
        "16" : 0.000000,
        "32" : 0.100000,
        "64" : 0.000000,
        ">=64" : 0.000000
      },
      "latency_ns" : {
        "2" : 0.000000,
        "4" : 0.000000,
        "10" : 0.000000,
        "20" : 0.000000,
        "50" : 0.000000,
        "100" : 0.000000,
        "250" : 0.000000,
        "500" : 0.000000,
        "750" : 0.000000,
        "1000" : 0.000000
      },
      "latency_us" : {
        "2" : 0.000000,
        "4" : 0.000000,
        "10" : 0.010000,
        "20" : 0.000000,
        "50" : 0.000000,
        "100" : 0.000000,
        "250" : 0.010000,
        "500" : 0.010000,
        "750" : 1.497615,
        "1000" : 26.643334
      },
      "latency_ms" : {
        "2" : 46.829410,
        "4" : 14.798081,
        "10" : 10.234043,
        "20" : 0.000000,
        "50" : 0.000000,
        "100" : 0.000000,
        "250" : 0.000000,
        "500" : 0.000000,
        "750" : 0.000000,
        "1000" : 0.000000,
        "2000" : 0.000000,
        ">=2000" : 0.000000
      },
      "latency_depth" : 32,
      "latency_target" : 0,
      "latency_percentile" : 100.000000,
      "latency_window" : 0
    }
  ]
}
