{
  "fio version" : "fio-3.36",
  "timestamp" : 1768540529,
  "timestamp_ms" : 1768540529993,
  "time" : "Fri Jan 16 14:15:29 2026",
  "jobs" : [
    {
      "jobname" : "zfs_mirror_write",
      "groupid" : 0,
      "job_start" : 1768540469933,
      "error" : 0,
      "eta" : 0,
      "elapsed" : 66,
      "job options" : {
        "name" : "zfs_mirror_write",
        "directory" : "/mnt/zfs_test/mirror",
        "ioengine" : "libaio",
        "direct" : "1",
        "rw" : "write",
        "bs" : "128k",
        "size" : "10G",
        "numjobs" : "1",
        "iodepth" : "32",
        "runtime" : "60",
        "ramp_time" : "5"
      },
      "read" : {
        "io_bytes" : 0,
        "io_kbytes" : 0,
        "bw_bytes" : 0,
        "bw" : 0,
        "iops" : 0.000000,
        "runtime" : 0,
        "total_ios" : 0,
        "short_ios" : 0,
        "drop_ios" : 0,
        "slat_ns" : {
          "min" : 0,
          "max" : 0,
          "mean" : 0.000000,
          "stddev" : 0.000000,
          "N" : 0
        },
        "clat_ns" : {
          "min" : 0,
          "max" : 0,
          "mean" : 0.000000,
          "stddev" : 0.000000,
          "N" : 0
        },
        "lat_ns" : {
          "min" : 0,
          "max" : 0,
          "mean" : 0.000000,
          "stddev" : 0.000000,
          "N" : 0
        },
        "bw_min" : 0,
        "bw_max" : 0,
        "bw_agg" : 0.000000,
        "bw_mean" : 0.000000,
        "bw_dev" : 0.000000,
        "bw_samples" : 0,
        "iops_min" : 0,
        "iops_max" : 0,
        "iops_mean" : 0.000000,
        "iops_stddev" : 0.000000,
        "iops_samples" : 0
      },
      "write" : {
        "io_bytes" : 95633539072,
        "io_kbytes" : 93392128,
        "bw_bytes" : 1593865753,
        "bw" : 1556509,
        "iops" : 12159.697338,
        "runtime" : 60001,
        "total_ios" : 729594,
        "short_ios" : 0,
        "drop_ios" : 0,
        "slat_ns" : {
          "min" : 18799,
          "max" : 605748,
          "mean" : 80323.493626,
          "stddev" : 51601.688101,
          "N" : 729595
        },
        "clat_ns" : {
          "min" : 3896,
          "max" : 7252238,
          "mean" : 2550764.836231,
          "stddev" : 1003397.484545,
          "N" : 729625,
          "percentile" : {
            "1.000000" : 798720,
            "5.000000" : 1302528,
            "10.000000" : 1400832,
            "20.000000" : 1646592,
            "30.000000" : 1875968,
            "40.000000" : 2113536,
            "50.000000" : 2375680,
            "60.000000" : 2670592,
            "70.000000" : 2965504,
            "80.000000" : 3457024,
            "90.000000" : 4177920,
            "95.000000" : 4489216,
            "99.000000" : 4751360,
            "99.500000" : 4882432,
            "99.900000" : 5144576,
            "99.950000" : 5668864,
            "99.990000" : 6979584
          }
        },
        "lat_ns" : {
          "min" : 167734,
          "max" : 7462386,
          "mean" : 2631086.498540,
          "stddev" : 1030437.660569,
          "N" : 729625
        },
        "bw_min" : 1315584,
        "bw_max" : 3407262,
        "bw_agg" : 100.000000,
        "bw_mean" : 1557125.625000,
        "bw_dev" : 241283.092296,
        "bw_samples" : 120,
        "iops_min" : 10278,
        "iops_max" : 26619,
        "iops_mean" : 12164.925000,
        "iops_stddev" : 1885.013876,
        "iops_samples" : 120
      },
      "trim" : {
        "io_bytes" : 0,
        "io_kbytes" : 0,
        "bw_bytes" : 0,
        "bw" : 0,
        "iops" : 0.000000,
        "runtime" : 0,
        "total_ios" : 0,
        "short_ios" : 0,
        "drop_ios" : 0,
        "slat_ns" : {
          "min" : 0,
          "max" : 0,
          "mean" : 0.000000,
          "stddev" : 0.000000,
          "N" : 0
        },
        "clat_ns" : {
          "min" : 0,
          "max" : 0,
          "mean" : 0.000000,
          "stddev" : 0.000000,
          "N" : 0
        },
        "lat_ns" : {
          "min" : 0,
          "max" : 0,
          "mean" : 0.000000,
          "stddev" : 0.000000,
          "N" : 0
        },
        "bw_min" : 0,
        "bw_max" : 0,
        "bw_agg" : 0.000000,
        "bw_mean" : 0.000000,
        "bw_dev" : 0.000000,
        "bw_samples" : 0,
        "iops_min" : 0,
        "iops_max" : 0,
        "iops_mean" : 0.000000,
        "iops_stddev" : 0.000000,
        "iops_samples" : 0
      },
      "sync" : {
        "total_ios" : 0,
        "lat_ns" : {
          "min" : 0,
          "max" : 0,
          "mean" : 0.000000,
          "stddev" : 0.000000,
          "N" : 0
        }
      },
      "job_runtime" : 60000,
      "usr_cpu" : 3.350000,
      "sys_cpu" : 52.568333,
      "ctx" : 273519,
      "majf" : 0,
      "minf" : 41,
      "iodepth_level" : {
        "1" : 0.000000,
        "2" : 0.000000,
        "4" : 0.000000,
        "8" : 0.000000,
        "16" : 0.000000,
        "32" : 100.000000,
        ">=64" : 0.000000
      },
      "iodepth_submit" : {
        "0" : 0.000000,
        "4" : 100.000000,
        "8" : 0.000000,
        "16" : 0.000000,
        "32" : 0.000000,
        "64" : 0.000000,
        ">=64" : 0.000000
      },
      "iodepth_complete" : {
        "0" : 0.000000,
        "4" : 99.999863,
        "8" : 0.000000,
        "16" : 0.000000,
        "32" : 0.100000,
        "64" : 0.000000,
        ">=64" : 0.000000
      },
      "latency_ns" : {
        "2" : 0.000000,
        "4" : 0.000000,
        "10" : 0.000000,
        "20" : 0.000000,
        "50" : 0.000000,
        "100" : 0.000000,
        "250" : 0.000000,
        "500" : 0.000000,
        "750" : 0.000000,
        "1000" : 0.000000
      },
      "latency_us" : {
        "2" : 0.000000,
        "4" : 0.010000,
        "10" : 0.000000,
        "20" : 0.000000,
        "50" : 0.000000,
        "100" : 0.000000,
        "250" : 0.010000,
        "500" : 0.010000,
        "750" : 0.244245,
        "1000" : 2.835276
      },
      "latency_ms" : {
        "2" : 32.121838,
        "4" : 52.753175,
        "10" : 12.049167,
        "20" : 0.000000,
        "50" : 0.000000,
        "100" : 0.000000,
        "250" : 0.000000,
        "500" : 0.000000,
        "750" : 0.000000,
        "1000" : 0.000000,
        "2000" : 0.000000,
        ">=2000" : 0.000000
      },
      "latency_depth" : 32,
      "latency_target" : 0,
      "latency_percentile" : 100.000000,
      "latency_window" : 0
    }
  ]
}
