{
  "fio version" : "fio-3.36",
  "timestamp" : 1768540464,
  "timestamp_ms" : 1768540464201,
  "time" : "Fri Jan 16 14:14:24 2026",
  "jobs" : [
    {
      "jobname" : "zfs_mirror_read",
      "groupid" : 0,
      "job_start" : 1768540404159,
      "error" : 0,
      "eta" : 0,
      "elapsed" : 66,
      "job options" : {
        "name" : "zfs_mirror_read",
        "directory" : "/mnt/zfs_test/mirror",
        "ioengine" : "libaio",
        "direct" : "1",
        "rw" : "read",
        "bs" : "1m",
        "size" : "5G",
        "numjobs" : "1",
        "iodepth" : "32",
        "runtime" : "60",
        "ramp_time" : "5"
      },
      "read" : {
        "io_bytes" : 302410366976,
        "io_kbytes" : 295322624,
        "bw_bytes" : 5040088781,
        "bw" : 4921961,
        "iops" : 4806.069899,
        "runtime" : 60001,
        "total_ios" : 288369,
        "short_ios" : 0,
        "drop_ios" : 0,
        "slat_ns" : {
          "min" : 155866,
          "max" : 7297586,
          "mean" : 206551.584998,
          "stddev" : 43339.865763,
          "N" : 288370
        },
        "clat_ns" : {
          "min" : 2484,
          "max" : 37443307,
          "mean" : 6450907.546678,
          "stddev" : 478393.542428,
          "N" : 288400,
          "percentile" : {
            "1.000000" : 6062080,
            "5.000000" : 6127616,
            "10.000000" : 6193152,
            "20.000000" : 6258688,
            "30.000000" : 6324224,
            "40.000000" : 6389760,
            "50.000000" : 6389760,
            "60.000000" : 6455296,
            "70.000000" : 6455296,
            "80.000000" : 6586368,
            "90.000000" : 6651904,
            "95.000000" : 6979584,
            "99.000000" : 7307264,
            "99.500000" : 7372800,
            "99.900000" : 15007744,
            "99.950000" : 15269888,
            "99.990000" : 24510464
          }
        },
        "lat_ns" : {
          "min" : 223048,
          "max" : 38607762,
          "mean" : 6657461.954469,
          "stddev" : 488939.922235,
          "N" : 288400
        },
        "bw_min" : 4421632,
        "bw_max" : 5036032,
        "bw_agg" : 100.000000,
        "bw_mean" : 4923987.291667,
        "bw_dev" : 135755.835437,
        "bw_samples" : 120,
        "iops_min" : 4318,
        "iops_max" : 4918,
        "iops_mean" : 4808.400000,
        "iops_stddev" : 132.582899,
        "iops_samples" : 120
      },
      "write" : {
        "io_bytes" : 0,
        "io_kbytes" : 0,
        "bw_bytes" : 0,
        "bw" : 0,
        "iops" : 0.000000,
        "runtime" : 0,
        "total_ios" : 0,
        "short_ios" : 0,
        "drop_ios" : 0,
        "slat_ns" : {
          "min" : 0,
          "max" : 0,
          "mean" : 0.000000,
          "stddev" : 0.000000,
          "N" : 0
        },
        "clat_ns" : {
          "min" : 0,
          "max" : 0,
          "mean" : 0.000000,
          "stddev" : 0.000000,
          "N" : 0
        },
        "lat_ns" : {
          "min" : 0,
          "max" : 0,
          "mean" : 0.000000,
          "stddev" : 0.000000,
          "N" : 0
        },
        "bw_min" : 0,
        "bw_max" : 0,
        "bw_agg" : 0.000000,
        "bw_mean" : 0.000000,
        "bw_dev" : 0.000000,
        "bw_samples" : 0,
        "iops_min" : 0,
        "iops_max" : 0,
        "iops_mean" : 0.000000,
        "iops_stddev" : 0.000000,
        "iops_samples" : 0
      },
      "trim" : {
        "io_bytes" : 0,
        "io_kbytes" : 0,
        "bw_bytes" : 0,
        "bw" : 0,
        "iops" : 0.000000,
        "runtime" : 0,
        "total_ios" : 0,
        "short_ios" : 0,
        "drop_ios" : 0,
        "slat_ns" : {
          "min" : 0,
          "max" : 0,
          "mean" : 0.000000,
          "stddev" : 0.000000,
          "N" : 0
        },
        "clat_ns" : {
          "min" : 0,
          "max" : 0,
          "mean" : 0.000000,
          "stddev" : 0.000000,
          "N" : 0
        },
        "lat_ns" : {
          "min" : 0,
          "max" : 0,
          "mean" : 0.000000,
          "stddev" : 0.000000,
          "N" : 0
        },
        "bw_min" : 0,
        "bw_max" : 0,
        "bw_agg" : 0.000000,
        "bw_mean" : 0.000000,
        "bw_dev" : 0.000000,
        "bw_samples" : 0,
        "iops_min" : 0,
        "iops_max" : 0,
        "iops_mean" : 0.000000,
        "iops_stddev" : 0.000000,
        "iops_samples" : 0
      },
      "sync" : {
        "total_ios" : 0,
        "lat_ns" : {
          "min" : 0,
          "max" : 0,
          "mean" : 0.000000,
          "stddev" : 0.000000,
          "N" : 0
        }
      },
      "job_runtime" : 60000,
      "usr_cpu" : 0.621667,
      "sys_cpu" : 98.826667,
      "ctx" : 23016,
      "majf" : 0,
      "minf" : 16428,
      "iodepth_level" : {
        "1" : 0.000000,
        "2" : 0.000000,
        "4" : 0.000000,
        "8" : 0.000000,
        "16" : 0.000000,
        "32" : 100.000000,
        ">=64" : 0.000000
      },
      "iodepth_submit" : {
        "0" : 0.000000,
        "4" : 100.000000,
        "8" : 0.000000,
        "16" : 0.000000,
        "32" : 0.000000,
        "64" : 0.000000,
        ">=64" : 0.000000
      },
      "iodepth_complete" : {
        "0" : 0.000000,
        "4" : 99.999653,
        "8" : 0.000000,
        "16" : 0.000000,
        "32" : 0.100000,
        "64" : 0.000000,
        ">=64" : 0.000000
      },
      "latency_ns" : {
        "2" : 0.000000,
        "4" : 0.000000,
        "10" : 0.000000,
        "20" : 0.000000,
        "50" : 0.000000,
        "100" : 0.000000,
        "250" : 0.000000,
        "500" : 0.000000,
        "750" : 0.000000,
        "1000" : 0.000000
      },
      "latency_us" : {
        "2" : 0.000000,
        "4" : 0.010000,
        "10" : 0.000000,
        "20" : 0.000000,
        "50" : 0.000000,
        "100" : 0.000000,
        "250" : 0.010000,
        "500" : 0.010000,
        "750" : 0.010000,
        "1000" : 0.010000
      },
      "latency_ms" : {
        "2" : 0.010000,
        "4" : 0.010000,
        "10" : 99.853313,
        "20" : 0.137671,
        "50" : 0.013178,
        "100" : 0.000000,
        "250" : 0.000000,
        "500" : 0.000000,
        "750" : 0.000000,
        "1000" : 0.000000,
        "2000" : 0.000000,
        ">=2000" : 0.000000
      },
      "latency_depth" : 32,
      "latency_target" : 0,
      "latency_percentile" : 100.000000,
      "latency_window" : 0
    }
  ]
}
